seed,model,task_id,task_name,epoch,lambda_route_memory,lambda_distill,lambda_latent,lambda_entropy,task_loss,entropy,dominance,mutualism_violation,gain_mean,gain_min,route_memory_loss,distill_loss,latent_loss,alpha,total_loss
0,Mutualistic09_distill_only,0,0 vs 1,0,0.0,1.0,0.0,0.005,0.19035860048012532,0.47649573566431697,0.8313962896453574,0.001240104391873753,0.036084218745445276,-0.005285025990389763,0.0,0.0,0.0,0.0,0.2104292889224722
0,Mutualistic09_distill_only,0,0 vs 1,2,0.0,1.0,0.0,0.005,0.03697730084643402,0.1358750676538082,0.9630661162924259,0.0006784161105242868,0.04555683061381445,-0.002946991285190303,0.0,0.0,0.0,0.0,0.04799184650975339
0,Mutualistic09_distill_only,0,0 vs 1,3,0.0,1.0,0.0,0.005,0.02461310835713719,0.1278558505025316,0.9652161395296137,0.000363196308529602,0.05621826842407438,-0.0011836517740912893,0.0,0.0,0.0,0.5,0.03489233232400519
0,Mutualistic09_distill_only,0,0 vs 1,14,0.0,1.0,0.0,0.005,0.007674690118019885,0.0721025899686712,0.9789206322203291,2.835927816147402e-05,0.0823576826146467,-8.737593096621494e-05,0.0,0.0,0.0,1.0,0.011997835126091191
0,Mutualistic09_distill_only,1,2 vs 3,0,0.0,1.0,0.0,0.005,0.18907642641917188,0.1450643578266844,0.9435259141820542,0.0006097307642458544,0.24849207145459157,-0.002827088883582582,0.0006484760418487969,0.026479958166786905,0.3057796346429894,0.0,0.2349424573018196
0,Mutualistic09_distill_only,1,2 vs 3,2,0.0,1.0,0.0,0.005,0.07489551734575566,0.11014498865350764,0.9597239215323266,0.00014006043846560875,0.264506310858625,-0.0006055661893271386,0.0009566849392121321,0.00962283196759985,0.20542507285767414,0.0,0.09775420833141246
0,Mutualistic09_distill_only,1,2 vs 3,3,0.0,1.0,0.0,0.005,0.07263457018168683,0.08015114893304541,0.9749476351636521,0.0001532002691738911,0.1749366693040158,-0.0006719065750850008,0.0008293089875664048,0.008457915956511143,0.1876730167485298,0.5,0.09257602866025681
0,Mutualistic09_distill_only,1,2 vs 3,14,0.0,1.0,0.0,0.005,0.03300836111636872,0.036765501140914064,0.9896964519581897,2.5654788997451546e-05,0.3044581172314096,-0.00010422526046316674,0.0010379346701932582,0.002442197233904153,0.11529142251040073,1.0,0.04122120393638281
0,Mutualistic09_distill_only,2,4 vs 5,0,0.0,1.0,0.0,0.005,0.11514003703648105,0.38204841030404924,0.8649242545696015,0.0012370477431064269,0.3237874127647027,-0.005310552828806512,0.00033850143225866674,0.014728267044739233,0.21876661878071746,0.0,0.15968727978303077
0,Mutualistic09_distill_only,2,4 vs 5,2,0.0,1.0,0.0,0.005,0.004367305936807013,0.0323878630123874,0.9904049977343133,7.34041295509861e-05,0.030597436053559503,-0.0002716585022813462,0.0002848177172904314,0.002945403694769645,0.3240105027848102,0.0,0.01899076532572508
0,Mutualistic09_distill_only,2,4 vs 5,3,0.0,1.0,0.0,0.005,0.0032086744805441257,0.031339842370374404,0.9897626765230869,3.05204253017922e-05,0.023867475374185657,-9.519693025566162e-05,0.0003274227958627307,0.00221844096147911,0.2799312649889195,0.5,0.015736838743249153
0,Mutualistic09_distill_only,2,4 vs 5,14,0.0,1.0,0.0,0.005,0.0010120501305828703,0.012351339930628842,0.9960048198699951,2.411853260919402e-06,0.04068630176814313,-1.0604878511042037e-05,0.00038652684752184756,0.0003305163579383627,0.14800448018185636,1.0,0.006271708885485188
0,Mutualistic09_distill_only,3,6 vs 7,0,0.0,1.0,0.0,0.005,0.06817275883154349,0.01513923053193758,0.9960270600115999,0.00017367174534732105,0.17883539074992247,-0.0007771678130201837,0.0005170515889132846,0.011389188008574467,0.4861735613952252,0.0,0.10502437938083993
0,Mutualistic09_distill_only,3,6 vs 7,2,0.0,1.0,0.0,0.005,0.005880526237269031,0.00625858921805357,0.9984752256819542,1.9447153116945696e-05,0.21886592437612248,-9.324422423192795e-05,0.0004609959135044111,0.0009703754826369596,0.32274993810247865,0.0,0.021998670031415656
0,Mutualistic09_distill_only,3,6 vs 7,3,0.0,1.0,0.0,0.005,0.0048867923782226885,0.004520979228161989,0.9989973065700937,1.1277833091008553e-05,0.2237694003480546,-5.379428175535608e-05,0.00048416616300528403,0.0006425055654154734,0.2790960542699124,0.5,0.01864062966977028
0,Mutualistic09_distill_only,3,6 vs 7,14,0.0,1.0,0.0,0.005,0.0012260513513923643,0.001766380025420655,0.9996338156943626,5.225215069893291e-07,0.2602798862660185,-2.40054338219318e-06,0.0004445657102049618,0.00022573872256350327,0.13968545293554346,1.0,0.0073325694835883505
0,Mutualistic09_distill_only,4,8 vs 9,0,0.0,1.0,0.0,0.005,0.057598565239459276,0.03422188239687301,0.9903646504625361,0.00021384397628219419,0.1433555360170121,-0.0008041417087487718,0.0006332669481901363,0.014884772885937871,0.2124207076973262,0.0,0.09546025220225467
0,Mutualistic09_distill_only,4,8 vs 9,2,0.0,1.0,0.0,0.005,0.008940172708652754,0.01298427891402327,0.9966247398802575,1.193542133891958e-05,0.11276667041981474,-4.583897386142548e-05,0.0005857564209826647,0.0020389060051418206,0.2312396266993056,0.0,0.024446072215412524
0,Mutualistic09_distill_only,4,8 vs 9,3,0.0,1.0,0.0,0.005,0.005436170697608527,0.012861675374764712,0.9966812146470901,7.203923856085557e-06,0.1099788747886394,-2.668717717553707e-05,0.0006917327305889055,0.0014925858431911849,0.22378618698170843,0.5,0.018562460357838487
0,Mutualistic09_distill_only,4,8 vs 9,14,0.0,1.0,0.0,0.005,0.0010241089150943654,0.005228312304639753,0.9988444751881539,3.5586802310645796e-07,0.1155510260228147,-1.476963664940063e-06,0.0006543033721638804,0.0003756258817528315,0.149832066386304,1.0,0.006006396573750262
0,Mutualistic09_route_memory_only,0,0 vs 1,0,2.0,0.0,0.0,0.005,0.19035860048012532,0.47649573566431697,0.8313962896453574,0.001240104391873753,0.036084218745445276,-0.005285025990389763,0.0,0.0,0.0,0.0,0.2104292889224722
0,Mutualistic09_route_memory_only,0,0 vs 1,2,2.0,0.0,0.0,0.005,0.03697730084643402,0.1358750676538082,0.9630661162924259,0.0006784161105242868,0.04555683061381445,-0.002946991285190303,0.0,0.0,0.0,0.0,0.04799184650975339
0,Mutualistic09_route_memory_only,0,0 vs 1,3,2.0,0.0,0.0,0.005,0.02461310835713719,0.1278558505025316,0.9652161395296137,0.000363196308529602,0.05621826842407438,-0.0011836517740912893,0.0,0.0,0.0,0.5,0.03489233232400519
0,Mutualistic09_route_memory_only,0,0 vs 1,14,2.0,0.0,0.0,0.005,0.007674690118019885,0.0721025899686712,0.9789206322203291,2.835927816147402e-05,0.0823576826146467,-8.737593096621494e-05,0.0,0.0,0.0,1.0,0.011997835126091191
0,Mutualistic09_route_memory_only,1,2 vs 3,0,2.0,0.0,0.0,0.005,0.19018877218378352,0.10157008441363244,0.9608362139539516,0.0005592784429580283,0.18775940879664205,-0.002671706628926257,0.0013870648322713375,0.8558163668633998,0.4426981001730731,0.0,0.21108563426644245
0,Mutualistic09_route_memory_only,1,2 vs 3,2,2.0,0.0,0.0,0.005,0.08109721049983451,0.041334988351197956,0.9889742376956534,8.219520142946062e-05,0.1387812576870969,-0.00022851204142925588,0.0009754037951290926,0.675246276119922,0.29073474255013976,0.0,0.0935010313195117
0,Mutualistic09_route_memory_only,1,2 vs 3,3,2.0,0.0,0.0,0.005,0.07445420800371373,0.03399104179140735,0.990968829773842,7.34619256159602e-05,0.32812679590696986,-0.00030687146205851375,0.0008697775063391166,0.7532942142892392,0.2931300379494403,0.5,0.08557675335001438
0,Mutualistic09_route_memory_only,1,2 vs 3,14,2.0,0.0,0.0,0.005,0.03020178934341257,0.0687958051628889,0.9784263004647925,6.587854596047807e-05,0.12697818550340673,-0.00022309621736565802,0.001038143979993502,1.708930124627783,0.21424747210867862,1.0,0.03690340112339943
0,Mutualistic09_route_memory_only,2,4 vs 5,0,2.0,0.0,0.0,0.005,0.08637628648826416,0.2817976949538322,0.8992779584641152,0.0001845511700197521,0.23980824461087902,-0.00039917854790357833,0.0005347568269613436,1.956238561176633,0.40582855332994516,0.0,0.117182222690354
0,Mutualistic09_route_memory_only,2,4 vs 5,2,2.0,0.0,0.0,0.005,0.00553836940014933,0.06096988876766347,0.9802542316152695,1.8224406588878895e-05,0.08630847891277456,-8.844707081926629e-05,0.00028441398239436314,1.3578445150497112,0.30326010255103414,0.0,0.015476180953865356
0,Mutualistic09_route_memory_only,2,4 vs 5,3,2.0,0.0,0.0,0.005,0.0028257484676593794,0.04272067265466173,0.9851507696699588,4.424354996940153e-06,0.15672659113052043,-2.090332712581817e-05,0.00035486707416721596,1.2229903657385643,0.2775723807355191,0.5,0.011147251550821548
0,Mutualistic09_route_memory_only,2,4 vs 5,14,2.0,0.0,0.0,0.005,0.0008928780146735779,0.02639015649068863,0.9899149752677755,3.469803291125732e-07,0.26354275390188747,-1.6650487173427927e-06,0.0003923671591671356,0.9347589294961158,0.16906514922355084,1.0,0.004918933132703
0,Mutualistic09_route_memory_only,3,6 vs 7,0,2.0,0.0,0.0,0.005,0.06921697677945361,0.014793756328760944,0.9956593386670376,0.00010839942534119623,0.2455684299199307,-0.0005190513725887905,0.0005728785775879279,0.6218554554028265,0.8947276244128242,0.0,0.10315385353850558
0,Mutualistic09_route_memory_only,3,6 vs 7,2,2.0,0.0,0.0,0.005,0.005773307616881868,0.011172111770336298,0.9966942541142727,5.160220678180728e-07,0.24834065614862644,-2.018185926878706e-06,0.00048672573488379675,0.2062896822995328,0.39282303351037046,0.0,0.019265331090130705
0,Mutualistic09_route_memory_only,3,6 vs 7,3,2.0,0.0,0.0,0.005,0.004508415430269026,0.009761509626727314,0.9970973489132333,3.229529526263837e-07,0.26556977915002944,-1.3906776191706353e-06,0.00047767033290856104,0.25261602756824897,0.3429328995816251,0.5,0.016008450927093944
0,Mutualistic09_route_memory_only,3,6 vs 7,14,2.0,0.0,0.0,0.005,0.0012266371706302496,0.005536815920656428,0.9984641848726475,5.6028465842028005e-08,0.30271601867168507,-2.650132878346646e-07,0.00045004923331942606,0.6277389894140527,0.18402390784405648,1.0,0.0062684531700103845
0,Mutualistic09_route_memory_only,4,8 vs 9,0,2.0,0.0,0.0,0.005,0.0873820556060193,0.018685224659225726,0.9932703109497719,0.0003566966788554887,0.43928874208730584,-0.0012390066651587791,0.0008421104002410814,0.8690941703491571,0.53398440621714,0.0,0.11627011595571295
0,Mutualistic09_route_memory_only,4,8 vs 9,2,2.0,0.0,0.0,0.005,0.012011099042014238,0.005870531653698058,0.9983683659675273,8.528698400013317e-06,0.4042508665551531,-3.91230878836297e-05,0.0006468213345060382,0.5842156346808088,0.3224158033411554,0.0,0.025703368787752822
0,Mutualistic09_route_memory_only,4,8 vs 9,3,2.0,0.0,0.0,0.005,0.005117016631436158,0.004839403491635668,0.9987085461616516,2.5033059480258144e-06,0.4397098916642209,-1.069886530650423e-05,0.0007407147470772504,0.48801822675035356,0.31780689637711707,0.5,0.01758843775283783
0,Mutualistic09_route_memory_only,4,8 vs 9,14,2.0,0.0,0.0,0.005,0.0012523497410237472,0.0035557443606716757,0.999052291220807,1.9352189615807355e-07,0.4751129346959134,-9.286177760743081e-07,0.000669984452078426,0.37782657590318236,0.20044764052046107,1.0,0.006824809889447816
0,Mutualistic09_latent_only,0,0 vs 1,0,0.0,0.0,1.0,0.005,0.19035860048012532,0.47649573566431697,0.8313962896453574,0.001240104391873753,0.036084218745445276,-0.005285025990389763,0.0,0.0,0.0,0.0,0.2104292889224722
0,Mutualistic09_latent_only,0,0 vs 1,2,0.0,0.0,1.0,0.005,0.03697730084643402,0.1358750676538082,0.9630661162924259,0.0006784161105242868,0.04555683061381445,-0.002946991285190303,0.0,0.0,0.0,0.0,0.04799184650975339
0,Mutualistic09_latent_only,0,0 vs 1,3,0.0,0.0,1.0,0.005,0.02461310835713719,0.1278558505025316,0.9652161395296137,0.000363196308529602,0.05621826842407438,-0.0011836517740912893,0.0,0.0,0.0,0.5,0.03489233232400519
0,Mutualistic09_latent_only,0,0 vs 1,14,0.0,0.0,1.0,0.005,0.007674690118019885,0.0721025899686712,0.9789206322203291,2.835927816147402e-05,0.0823576826146467,-8.737593096621494e-05,0.0,0.0,0.0,1.0,0.011997835126091191
0,Mutualistic09_latent_only,1,2 vs 3,0,0.0,0.0,1.0,0.005,0.18816428940663946,0.11786871982064653,0.9559719740076268,0.0008158861170797652,0.1464297707945584,-0.003968435716121755,0.0008172456335902542,0.14226119257936978,0.03596066589717396,0.0,0.23604411663527183
0,Mutualistic09_latent_only,1,2 vs 3,2,0.0,0.0,1.0,0.005,0.0727134015648923,0.043079042133498696,0.9900951765953226,7.941782819748465e-05,0.22588221078857462,-0.00035310413767682743,0.0010155531677481394,0.035617744768078025,0.010286383776667905,0.0,0.09237954599109102
0,Mutualistic09_latent_only,1,2 vs 3,3,0.0,0.0,1.0,0.005,0.07074391231574911,0.039934128126565445,0.9908967271764227,5.817556091236103e-05,0.19470100683417726,-0.00022919919896633066,0.0009146646023816871,0.0300704015993533,0.007991251129498507,0.5,0.08705501535788496
0,Mutualistic09_latent_only,1,2 vs 3,14,0.0,0.0,1.0,0.005,0.03052054595281469,0.07791294589480187,0.9740666455410897,5.7098044962647186e-05,0.08768498568617283,-0.000269168542024303,0.07892638302229821,0.007960928700606716,0.0014070507641782627,1.0,0.0362512377348352
0,Mutualistic09_latent_only,2,4 vs 5,0,0.0,0.0,1.0,0.005,0.07633421251035118,0.39230773043125233,0.8359806880037836,0.00305459458243778,0.12173845595184793,-0.014576248893950214,0.051752921431622606,0.15503401048122312,0.028542664149736472,0.0,0.13032147367583943
0,Mutualistic09_latent_only,2,4 vs 5,2,0.0,0.0,1.0,0.005,0.007068471190460185,0.2146994595197921,0.9221847298297476,0.00015838795964354409,0.09788211767977857,-0.0007770190540542628,0.05116297764346955,0.030987676213237832,0.004391243349404094,0.0,0.02312844234736676
0,Mutualistic09_latent_only,2,4 vs 5,3,0.0,0.0,1.0,0.005,0.004824645336756998,0.08738264568308567,0.967780219747665,0.00010820407602644818,0.09934096973627171,-0.0005286657053263897,0.052046049069216914,0.023561633667571746,0.003808035500387245,0.5,0.017478599411217457
0,Mutualistic09_latent_only,2,4 vs 5,14,0.0,0.0,1.0,0.005,0.0011421371489129168,0.029321466552767347,0.98978819999289,2.8217954368692822e-05,0.10094787782811104,-0.00014081445369037226,0.05256527892135559,0.004887036280706525,0.0008997718730515385,1.0,0.005811787061789569
0,Mutualistic09_latent_only,3,6 vs 7,0,0.0,0.0,1.0,0.005,0.09614566075516508,0.019287423620822818,0.9935028755918462,0.00029468507657239045,0.11107511812959739,-0.0013928391990509438,0.031051094970725317,0.03836051223788028,0.05980768733400297,0.0,0.16794464079306481
0,Mutualistic09_latent_only,3,6 vs 7,2,0.0,0.0,1.0,0.005,0.00869491837046882,0.012673522197106418,0.9966243809842049,6.491313326593471e-05,0.09189972186342199,-0.0003242702520591147,0.004933738580686932,0.026990114612148165,0.009085544533631269,0.0,0.02919854188060507
0,Mutualistic09_latent_only,3,6 vs 7,3,0.0,0.0,1.0,0.005,0.006311845935960399,0.008682797682729173,0.9976928779419433,3.311232453165395e-05,0.08938631431219425,-0.00016511553660669226,0.005748999939161412,0.023782680385765878,0.006869199656029331,0.5,0.023075585828182546
0,Mutualistic09_latent_only,3,6 vs 7,14,0.0,0.0,1.0,0.005,0.0014483430521919371,0.005894854308125821,0.9983924969713739,2.108341954241002e-06,0.28094707587932016,-9.485091914997455e-06,0.008431825677844439,0.003949066401122415,0.0010213719004705706,1.0,0.006930892890755167
0,Mutualistic09_latent_only,4,8 vs 9,0,0.0,0.0,1.0,0.005,0.0793396204987422,0.15446222700337145,0.9379692521501095,0.002856453174715964,0.15583281696556098,-0.011191660815731008,0.005164127440211621,0.0833505884536359,0.03501675145185374,0.0,0.13645838438830477
0,Mutualistic09_latent_only,4,8 vs 9,2,0.0,0.0,1.0,0.005,0.010754587604327405,0.04545764506180236,0.9840039306498588,3.246264189938495e-05,0.03923550842607275,-0.00014366568165256622,0.0011587850031185341,0.018745061842368006,0.006797046678021867,0.0,0.029180410179368992
0,Mutualistic09_latent_only,4,8 vs 9,3,0.0,0.0,1.0,0.005,0.007664950698257443,0.04222614298317027,0.985883319631536,2.8560654658228507e-05,0.03322404872705328,-0.00012626769912845278,0.002729992721566653,0.01351864079132359,0.004898159645814845,0.5,0.022492142671600303
0,Mutualistic09_latent_only,4,8 vs 9,14,0.0,0.0,1.0,0.005,0.0014218959085484767,0.01160643286408579,0.996054804071467,7.1354469536771e-07,0.0326912873127359,-2.5797610547631346e-06,0.003774875893871835,0.007413137297918822,0.002071644075492278,1.0,0.007715801579600319
0,Mutualistic09_route_plus_latent,0,0 vs 1,0,2.0,0.0,1.0,0.005,0.19035860048012532,0.47649573566431697,0.8313962896453574,0.001240104391873753,0.036084218745445276,-0.005285025990389763,0.0,0.0,0.0,0.0,0.2104292889224722
0,Mutualistic09_route_plus_latent,0,0 vs 1,2,2.0,0.0,1.0,0.005,0.03697730084643402,0.1358750676538082,0.9630661162924259,0.0006784161105242868,0.04555683061381445,-0.002946991285190303,0.0,0.0,0.0,0.0,0.04799184650975339
0,Mutualistic09_route_plus_latent,0,0 vs 1,3,2.0,0.0,1.0,0.005,0.02461310835713719,0.1278558505025316,0.9652161395296137,0.000363196308529602,0.05621826842407438,-0.0011836517740912893,0.0,0.0,0.0,0.5,0.03489233232400519
0,Mutualistic09_route_plus_latent,0,0 vs 1,14,2.0,0.0,1.0,0.005,0.007674690118019885,0.0721025899686712,0.9789206322203291,2.835927816147402e-05,0.0823576826146467,-8.737593096621494e-05,0.0,0.0,0.0,1.0,0.011997835126091191
0,Mutualistic09_route_plus_latent,1,2 vs 3,0,2.0,0.0,1.0,0.005,0.18818925115022253,0.1176817998924154,0.9561805179778565,0.000836983576343126,0.1532356076715316,-0.004072816368747264,0.0007734260567761029,0.133781451316107,0.035735331297396346,0.0,0.23742653746554193
0,Mutualistic09_route_plus_latent,1,2 vs 3,2,2.0,0.0,1.0,0.005,0.07247159964940016,0.03975584120192426,0.990925928379627,7.593147725212979e-05,0.23524644875780065,-0.00033926759707800886,0.0009958068865313528,0.03232118006835275,0.010319061656581594,0.0,0.09410064611980255
0,Mutualistic09_route_plus_latent,1,2 vs 3,3,2.0,0.0,1.0,0.005,0.06956843893103143,0.0328431492275063,0.9927430013392834,7.514559116102307e-05,0.18178263282839288,-0.0003375457005297884,0.000898558104109541,0.02819168206522281,0.007979599030767667,0.5,0.08744247971062964
0,Mutualistic09_route_plus_latent,1,2 vs 3,14,2.0,0.0,1.0,0.005,0.02636415563880446,0.03258156265191575,0.9927321241257039,2.488589868160953e-05,0.7604540567448799,-0.00010209224444437534,0.0009729349021968797,0.014426536843220287,0.0035804136497701736,1.0,0.03584351723498486
0,Mutualistic09_route_plus_latent,2,4 vs 5,0,2.0,0.0,1.0,0.005,0.11365445830086444,0.3555371437935119,0.8686579909730465,0.0003301147059157805,0.46240197605592137,-0.0010945142861059371,0.00039598855263203074,0.08862983817465299,0.035708278312318105,0.0,0.17312981283411066
0,Mutualistic09_route_plus_latent,2,4 vs 5,2,2.0,0.0,1.0,0.005,0.01057728231349524,0.019612381452734164,0.9955598394921485,2.7258086382236334e-05,0.18674715180346307,-0.00010384085211665073,0.0002528114036783549,0.03256226430072429,0.009734319711222928,0.0,0.028905077659069224
0,Mutualistic09_route_plus_latent,2,4 vs 5,3,2.0,0.0,1.0,0.005,0.008057694396677804,0.02664241927893872,0.9933413393954014,1.3392054310475516e-05,0.18495169694119312,-5.879293770549145e-05,0.0003209318447841995,0.02636597830643679,0.007538380497630606,0.5,0.02333004558657078
0,Mutualistic09_route_plus_latent,2,4 vs 5,14,2.0,0.0,1.0,0.005,0.001995341822584259,0.006849610194702573,0.9985162780639973,1.8172709440718451e-06,0.2708560494666404,-8.713119623667383e-06,0.0003730442477001603,0.012124853500937845,0.0019240379804111225,1.0,0.008341276770497256
0,Mutualistic09_route_plus_latent,3,6 vs 7,0,2.0,0.0,1.0,0.005,0.1146995567498689,0.017650409190459772,0.9945313055464562,0.0003076204829270673,0.08827086215085805,-0.0015103409185688547,0.0004963426008737557,0.04050722323943851,0.062130262281379085,0.0,0.1890921231279982
0,Mutualistic09_route_plus_latent,3,6 vs 7,2,2.0,0.0,1.0,0.005,0.019204073902615842,0.004801709071158412,0.9990623593330383,2.2270915374210592e-05,0.10170321974982606,-0.00010873373360075849,0.00048396289198438913,0.01247970596391787,0.01681429385504824,0.0,0.04613024051836197
0,Mutualistic09_route_plus_latent,3,6 vs 7,3,2.0,0.0,1.0,0.005,0.014183154587257416,0.0037977779581350214,0.9993455891913556,8.342954243560482e-06,0.2220246303588786,-3.900660320799402e-05,0.0005414195098599018,0.010895094428052927,0.012326922703613626,0.5,0.03557150010415848
0,Mutualistic09_route_plus_latent,3,6 vs 7,14,2.0,0.0,1.0,0.005,0.00160323134177622,0.002516283822107188,0.9996312907401551,5.414833371095812e-07,5.517153283382984,-2.6644544398531e-06,0.00041162257207844885,0.0035482191708573,0.0013892540034461528,1.0,0.0084390955719542
0,Mutualistic09_route_plus_latent,4,8 vs 9,0,2.0,0.0,1.0,0.005,0.07841311325814496,0.1545762228680418,0.9417599363529936,0.0026702241768671617,0.16567618294836992,-0.01235467613615254,0.0008614919313410436,0.06282595145905284,0.026749082291102472,0.0,0.13711655908759604
0,Mutualistic09_route_plus_latent,4,8 vs 9,2,2.0,0.0,1.0,0.005,0.010261153376245119,0.05473790515927558,0.9883127060342343,3.298796535942684e-05,0.3150149295304684,-0.00013820913204170288,0.0009422862329185901,0.018469653805678197,0.006615485560069693,0.0,0.03150581267285854
0,Mutualistic09_route_plus_latent,4,8 vs 9,3,2.0,0.0,1.0,0.005,0.007042593352417362,0.05844105241146493,0.9854123047057618,1.8330768833696678e-05,0.1505142995651732,-7.950184133617168e-05,0.0009466002768331623,0.015379936355067061,0.005673034324687212,0.5,0.025755700159897196
0,Mutualistic09_route_plus_latent,4,8 vs 9,14,2.0,0.0,1.0,0.005,0.001493709268385267,0.022557212604566456,0.9926374478543059,4.769243560076575e-07,0.8891751360385975,-2.1574657132967988e-06,0.0005352117517991536,0.007167483392627316,0.0021412585331919663,1.0,0.009143054346613427
0,Mutualistic09_full_functional_memory,0,0 vs 1,0,2.0,1.0,1.0,0.006,0.18861326753617602,0.45765162449567875,0.8369225193845465,0.001185627945830597,0.04267970059845538,-0.0049559974924046945,0.0,0.0,0.0,0.0,0.20866526504780383
0,Mutualistic09_full_functional_memory,0,0 vs 1,2,2.0,1.0,1.0,0.006,0.03639593681796117,0.11219380970330949,0.9688158187460392,0.0005035264637365586,0.06184255617096069,-0.002265793251547408,0.0,0.0,0.0,0.0,0.04773173275146079
0,Mutualistic09_full_functional_memory,0,0 vs 1,3,2.0,1.0,1.0,0.006,0.02889963393991298,0.10658046175190743,0.9704735799038664,0.00023526222632929778,0.08634872831146609,-0.0007840830367058516,0.0,0.0,0.0,0.5,0.03909193704578471
0,Mutualistic09_full_functional_memory,0,0 vs 1,14,2.0,1.0,1.0,0.006,0.010571063492457046,0.09185279430227077,0.9730108139362741,0.0003608844309557591,0.07377235060359569,-0.001201361721193299,0.0,0.0,0.0,1.0,0.015058284764118652
0,Mutualistic09_full_functional_memory,1,2 vs 3,0,2.0,1.0,1.0,0.006,0.1976268135328242,0.10125127268281389,0.9631206799060741,0.0003262311346669863,0.11975856716348295,-0.001143705813174552,0.0006253467789166918,0.01850066947790378,0.026468494780698515,0.0,0.25510044015468436
0,Mutualistic09_full_functional_memory,1,2 vs 3,2,2.0,1.0,1.0,0.006,0.07794783167303243,0.06815393839744811,0.9763101694431711,1.767195297233268e-05,0.07086956556490127,-6.378868079565941e-05,0.0010016478011474394,0.009246612131159673,0.005831904684569925,0.0,0.1041567861399752
0,Mutualistic09_full_functional_memory,1,2 vs 3,3,2.0,1.0,1.0,0.006,0.06900501473152891,0.05210112574252677,0.9838404630092864,4.755242024176136e-05,0.06708404635812373,-0.0002151647225973454,0.0008617559316180777,0.0036129210642142657,0.004510390250250063,0.5,0.08710085782915988
0,Mutualistic09_full_functional_memory,1,2 vs 3,14,2.0,1.0,1.0,0.006,0.036943625985704207,0.05935303898567849,0.9795000185357764,0.00048648186221977624,0.4483199654582967,-0.002362514984734515,0.0011650136662609007,0.005595490841710187,0.0029633070783134786,1.0,0.0524081696379692
0,Mutualistic09_full_functional_memory,2,4 vs 5,0,2.0,1.0,1.0,0.006,0.10609607220171614,0.3075048368661962,0.8934314542628349,0.001269434005618987,0.49002380225252595,-0.005830020980632051,0.0007879228380957972,0.016658010473351016,0.02464554189181728,0.0,0.16924991870814182
0,Mutualistic09_full_functional_memory,2,4 vs 5,2,2.0,1.0,1.0,0.006,0.008483714860011923,0.02719444672557268,0.9936303800724923,5.510618713616806e-05,0.10475361378903085,-0.00023071093365867088,0.0005829452912679544,0.0030906949194762457,0.004699111926032507,0.0,0.02601844757953857
0,Mutualistic09_full_functional_memory,2,4 vs 5,3,2.0,1.0,1.0,0.006,0.006017441133116471,0.01864943829701936,0.995686301525603,4.021716712331715e-05,0.09082821487112248,-0.0001601253269596937,0.0007824031658565992,0.0019071253928098274,0.0031265354655841565,0.5,0.02006348694100025
0,Mutualistic09_full_functional_memory,2,4 vs 5,14,2.0,1.0,1.0,0.006,0.0012200152925017508,0.0070825018474158456,0.9985594140722397,1.9693066409360577e-06,0.16154762500144065,-8.957985630060764e-06,0.0008244906919649208,0.000391997397874799,0.0005041468725044359,1.0,0.008030472065698593
0,Mutualistic09_full_functional_memory,3,6 vs 7,0,2.0,1.0,1.0,0.006,0.1082504116632837,0.006009644994690539,0.9988120071431423,5.969630409650718e-05,0.22854351446508092,-0.00023709950928992414,0.0008272345066677402,0.006387410497999626,0.0583126461034284,0.0,0.18516121963237195
0,Mutualistic09_full_functional_memory,3,6 vs 7,2,2.0,1.0,1.0,0.006,0.016947742214703812,0.0024292490809184916,0.9996421032763542,1.2209227087565679e-05,2.558040864924167,-4.442081727246021e-05,0.0006502480399386185,0.0020202097094102586,0.013574731496578835,0.0,0.04275417660779141
0,Mutualistic09_full_functional_memory,3,6 vs 7,3,2.0,1.0,1.0,0.006,0.010361017084660683,0.0033227169732662275,0.999525545759404,1.553283593548645e-05,4.402656387775503,-7.309451540733906e-05,0.0009118120307245222,0.0013744680773209227,0.007642832039756344,0.5,0.029446355562577856
0,Mutualistic09_full_functional_memory,3,6 vs 7,14,2.0,1.0,1.0,0.006,0.0014843566372911346,0.0007169680679811442,0.999884251584398,7.311179640897109e-08,10.073930496865131,-3.605605439936861e-07,0.0007513866100665876,0.0002679173841433441,0.0007044835842184801,1.0,0.008987911283335787
0,Mutualistic09_full_functional_memory,4,8 vs 9,0,2.0,1.0,1.0,0.006,0.0975348247968136,0.027584159994458266,0.9904694886917763,0.0010654733891026402,0.2386671916056583,-0.0051997190222461175,0.0007821916776865305,0.01661267873470856,0.04049153413940618,0.0,0.1743142582634662
0,Mutualistic09_full_functional_memory,4,8 vs 9,2,2.0,1.0,1.0,0.006,0.0128036526606438,0.008785702471442997,0.9975706097927499,4.760911310780373e-05,0.9627325725048146,-0.00020020428371239214,0.0007656401542183804,0.0023257527005006657,0.0083933651863419,0.0,0.037515603600347294
0,Mutualistic09_full_functional_memory,4,8 vs 9,3,2.0,1.0,1.0,0.006,0.00901829368097985,0.006220108363777399,0.9984202828813107,2.8653966136942548e-05,1.4959441879962354,-0.00012264556271281648,0.0009737451303195446,0.0012373333521920474,0.005408126593349462,0.5,0.028306493694160845
0,Mutualistic09_full_functional_memory,4,8 vs 9,14,2.0,1.0,1.0,0.006,0.0018341026561176205,0.0027697507311847617,0.9993063490441505,3.728946276204681e-07,3.476388834892435,-1.5601486046897603e-06,0.0008492689846613583,0.0003290375446321126,0.00097616129812408,1.0,0.009834825576461375
1,Mutualistic09_distill_only,0,0 vs 1,0,0.0,1.0,0.0,0.005,0.17909495092611363,0.5274869970818783,0.8015325335746116,0.0008663836506723376,0.03217774225620505,-0.0032614487758342255,0.0,0.0,0.0,0.0,0.20020890410276168
1,Mutualistic09_distill_only,0,0 vs 1,2,0.0,1.0,0.0,0.005,0.033848149008414846,0.17493289170113016,0.94942514566665,0.00041335838875269514,0.049104745596389665,-0.0016816420520239688,0.0,0.0,0.0,0.0,0.04605593417394668
1,Mutualistic09_distill_only,0,0 vs 1,3,0.0,1.0,0.0,0.005,0.026809093750458448,0.18410466849169832,0.9468203427943778,0.00026252887835924297,0.050340246983823625,-0.0005740024684432973,0.0,0.0,0.0,0.5,0.036955864148888184
1,Mutualistic09_distill_only,0,0 vs 1,14,0.0,1.0,0.0,0.005,0.008520959345178004,0.13540650206677457,0.9575987635774815,0.00019152896939363503,0.10482768146717485,-0.000565514393259791,0.0,0.0,0.0,1.0,0.01348025888759405
1,Mutualistic09_distill_only,1,2 vs 3,0,0.0,1.0,0.0,0.005,0.19986347568796037,0.3779918221717185,0.8423818134246989,0.0012164952024366048,0.2322323960351183,-0.005506479518210634,0.0008995230471342399,0.0736763209026433,0.12372531660366803,0.0,0.29766838617147284
1,Mutualistic09_distill_only,1,2 vs 3,2,0.0,1.0,0.0,0.005,0.07800662422433813,0.33477777528001906,0.8427272236093561,0.00021660834956124513,0.037112411106639404,-0.0009361950958028753,0.0006660189833092636,0.01650031210180927,0.10317932735098169,0.0,0.11011810553200702
1,Mutualistic09_distill_only,1,2 vs 3,3,0.0,1.0,0.0,0.005,0.06602090054211464,0.32589844186255273,0.848397729244638,0.00047633139341455037,0.03852689015416508,-0.0023389120606031825,0.0009882619400586724,0.010658285456729378,0.08171165179699025,0.5,0.0905022643348004
1,Mutualistic09_distill_only,1,2 vs 3,14,0.0,1.0,0.0,0.005,0.033254770730483406,0.26950689769805747,0.8830826066909953,0.00020386007121066753,0.07972949268197284,-0.0010107586041409918,0.0009270888509645568,0.003104479978495139,0.056984925285932866,1.0,0.04395643586015448
1,Mutualistic09_distill_only,2,4 vs 5,0,0.0,1.0,0.0,0.005,0.11026438083895977,0.1157154754557191,0.9607230424880981,0.0008851083912280414,0.7841558651404178,-0.003187239586197315,0.0013539212460331174,0.03311858494731844,0.2441411128445984,0.0,0.17256023013528357
1,Mutualistic09_distill_only,2,4 vs 5,2,0.0,1.0,0.0,0.005,0.005535605452716984,0.018743709066605316,0.9952463127197103,1.9471770473080356e-05,1.0484531433024304,-8.56895782449778e-05,0.000873000048159156,0.0050556820946091666,0.25591025295409753,0.0,0.024691506903222266
1,Mutualistic09_distill_only,2,4 vs 5,3,0.0,1.0,0.0,0.005,0.004432244315505662,0.016357579981868573,0.9961238782456581,7.298938609295042e-06,1.109279306645089,-2.982107268527467e-05,0.0006006509502959547,0.0024122783810177698,0.20719909255808971,0.5,0.018775391015917697
1,Mutualistic09_distill_only,2,4 vs 5,14,0.0,1.0,0.0,0.005,0.0012739230457574446,0.008141595746410336,0.9983233213424683,3.831906973288674e-07,1.00314218313136,-1.5477119806282063e-06,0.0005833360448106875,0.0007009060243441862,0.0866885817748435,1.0,0.007510889232396446
1,Mutualistic09_distill_only,3,6 vs 7,0,0.0,1.0,0.0,0.005,0.0624729341510287,0.0377077529048349,0.9897315857258249,0.00011242195045574686,0.278402446258932,-0.00045413943007588387,0.0007859422531761625,0.010025639837830249,0.46779523119132255,0.0,0.10185140648737867
1,Mutualistic09_distill_only,3,6 vs 7,2,0.0,1.0,0.0,0.005,0.005367322681233921,0.014690352673146953,0.9967557445485541,1.7025361832742554e-05,0.16852935609665323,-8.385936590902348e-05,0.0006666464574431922,0.0011249046433380152,0.2562113141125821,0.0,0.021188996573711965
1,Mutualistic09_distill_only,3,6 vs 7,3,0.0,1.0,0.0,0.005,0.004080535353537887,0.012087564350680468,0.9974511696937236,1.011063497125459e-05,0.17149905432411966,-4.9543106294375784e-05,0.0007167167786200422,0.0007008958002304698,0.22346653266155975,0.5,0.01760105328991058
1,Mutualistic09_distill_only,3,6 vs 7,14,0.0,1.0,0.0,0.005,0.0011404491837156262,0.005698419042288306,0.9989249224358416,3.5847894460909795e-07,0.27261030483753124,-1.746519627247719e-06,0.0008895928943449225,0.00025260624193408073,0.09881351079712523,1.0,0.007381692865586027
1,Mutualistic09_distill_only,4,8 vs 9,0,0.0,1.0,0.0,0.005,0.09185730918568183,0.025002516003602995,0.9913511009926491,0.0005705266417310019,0.5314861300619359,-0.0028110685005308467,0.0008654319678131055,0.015858004023887085,0.21786957696833192,0.0,0.13426339285487823
1,Mutualistic09_distill_only,4,8 vs 9,2,0.0,1.0,0.0,0.005,0.010005623052649676,0.008817012766078908,0.9974405156805161,3.032834739840346e-05,0.3795084173374988,-0.0001481498710494092,0.0009130190630187033,0.0033611750770162077,0.21127033962848338,0.0,0.028877926435559354
1,Mutualistic09_distill_only,4,8 vs 9,3,0.0,1.0,0.0,0.005,0.007029973168639426,0.008048579493101607,0.9978248324800045,1.4912422553843475e-05,0.4273977514277113,-7.179365592434051e-05,0.0007403906729837701,0.0018203588118380371,0.19844112529399546,0.5,0.022286923760746386
1,Mutualistic09_distill_only,4,8 vs 9,14,0.0,1.0,0.0,0.005,0.001735095140286424,0.00592078981881446,0.998535989446843,5.263528159520878e-07,0.7233827608696958,-2.293523024529853e-06,0.0007014453774590561,0.0005460493545236185,0.14278357555257512,1.0,0.008337900498287474
1,Mutualistic09_route_memory_only,0,0 vs 1,0,2.0,0.0,0.0,0.005,0.17909495092611363,0.5274869970818783,0.8015325335746116,0.0008663836506723376,0.03217774225620505,-0.0032614487758342255,0.0,0.0,0.0,0.0,0.20020890410276168
1,Mutualistic09_route_memory_only,0,0 vs 1,2,2.0,0.0,0.0,0.005,0.033848149008414846,0.17493289170113016,0.94942514566665,0.00041335838875269514,0.049104745596389665,-0.0016816420520239688,0.0,0.0,0.0,0.0,0.04605593417394668
1,Mutualistic09_route_memory_only,0,0 vs 1,3,2.0,0.0,0.0,0.005,0.026809093750458448,0.18410466849169832,0.9468203427943778,0.00026252887835924297,0.050340246983823625,-0.0005740024684432973,0.0,0.0,0.0,0.5,0.036955864148888184
1,Mutualistic09_route_memory_only,0,0 vs 1,14,2.0,0.0,0.0,0.005,0.008520959345178004,0.13540650206677457,0.9575987635774815,0.00019152896939363503,0.10482768146717485,-0.000565514393259791,0.0,0.0,0.0,1.0,0.01348025888759405
1,Mutualistic09_route_memory_only,1,2 vs 3,0,2.0,0.0,0.0,0.005,0.15536311688892385,0.10314261980671832,0.9668835617126302,0.0003617417228560179,0.22443901890135826,-0.0014544759500533977,0.0014532857520030216,4.101302030357707,0.2764252335306237,0.0,0.18171131531608867
1,Mutualistic09_route_memory_only,1,2 vs 3,2,2.0,0.0,0.0,0.005,0.0751840112374184,0.03871641086137041,0.9898705393710034,5.740797610934215e-05,0.2216498797878306,-0.00019218562606801377,0.0008728715199159776,4.141389684474214,0.3317375582583407,0.0,0.0880937934555906
1,Mutualistic09_route_memory_only,1,2 vs 3,3,2.0,0.0,0.0,0.005,0.07026674531083157,0.030484099951671794,0.9924092647877145,4.4253833649200505e-05,0.2177780570184931,-0.0001541391966190744,0.001226827192945069,5.227321710992367,0.521370048852677,0.5,0.08221703375432085
1,Mutualistic09_route_memory_only,1,2 vs 3,14,2.0,0.0,0.0,0.005,0.03276416078764707,0.019509342736861807,0.995611736114989,4.857186170849378e-06,0.2203716902022666,-1.985050658596323e-05,0.0010123859969911444,3.0666428931215974,0.32032997177002276,1.0,0.039265800782657685
1,Mutualistic09_route_memory_only,2,4 vs 5,0,2.0,0.0,0.0,0.005,0.08960067299491864,0.26983276790285365,0.9086776007997229,0.00033277075242301395,0.35602707304853076,-0.0014806706260176415,0.0005378129193404481,4.497214042518321,0.6435482920880647,0.0,0.12093710950872999
1,Mutualistic09_route_memory_only,2,4 vs 5,2,2.0,0.0,0.0,0.005,0.0040718753663624855,0.02528780980154555,0.994200457917883,2.484461740647369e-05,0.022757240258989498,-0.00011898810043931007,0.0005339312274179278,2.671725927515233,0.6168151561250078,0.0,0.014852280371842231
1,Mutualistic09_route_memory_only,2,4 vs 5,3,2.0,0.0,0.0,0.005,0.002963504981883663,0.02200521423699374,0.994723122170631,6.08680723639446e-07,0.01807307105194381,-1.3455976434844606e-06,0.0002617768374507927,2.0578575971278736,0.41081849691715644,0.5,0.01157180194128701
1,Mutualistic09_route_memory_only,2,4 vs 5,14,2.0,0.0,0.0,0.005,0.0009373064521957744,0.008130064234137535,0.998240701695706,6.550863627439033e-08,0.048698563643909516,-2.75880781973296e-07,0.0003671917281203508,1.2828500625935007,0.26019207118673526,1.0,0.005002841680370113
1,Mutualistic09_route_memory_only,3,6 vs 7,0,2.0,0.0,0.0,0.005,0.05917685601781023,0.023186161281897665,0.9941309233929249,7.367941767606657e-05,0.18184750483549655,-0.00033341687509512647,0.0004889233303479256,1.1033418496462999,0.8869572113382016,0.0,0.0913208451993922
1,Mutualistic09_route_memory_only,3,6 vs 7,2,2.0,0.0,0.0,0.005,0.005429828757459813,0.016760849829842436,0.9956568149810142,2.0818662432141516e-05,0.11277425526938539,-0.00010094376518688304,0.00041764074612342,0.4692677170672315,0.4271644391912095,0.0,0.017602936087295094
1,Mutualistic09_route_memory_only,3,6 vs 7,3,2.0,0.0,0.0,0.005,0.003933911053265663,0.015767046874587205,0.9960315975737064,8.01502171619337e-07,0.10077064801403816,-2.876637463874005e-06,0.0005301389574402066,0.5095277771036676,0.3899429865339969,0.5,0.01462373117658686
1,Mutualistic09_route_memory_only,3,6 vs 7,14,2.0,0.0,0.0,0.005,0.0011470279274904665,0.009045078721333375,0.9978493870572841,1.862734335117765e-07,0.12527792916653005,-7.960405398873573e-07,0.000531206894981764,0.7075748849422374,0.22204266615370485,1.0,0.006156442577930841
1,Mutualistic09_route_memory_only,4,8 vs 9,0,2.0,0.0,0.0,0.005,0.09587986071772397,0.017097060305767374,0.9936276420633844,0.0020434054325790536,0.3258018066234728,-0.009013883928035168,0.0005867921430221263,2.24002548745224,0.43574828274072486,0.0,0.125039367005229
1,Mutualistic09_route_memory_only,4,8 vs 9,2,2.0,0.0,0.0,0.005,0.009281001648211733,0.0028745242551791463,0.9990383576839528,5.443340851311489e-06,0.2457153616433448,-2.3940905056735304e-05,0.0006287331927253151,1.7170251861531685,0.38432939445718806,0.0,0.023635509958926666
1,Mutualistic09_route_memory_only,4,8 vs 9,3,2.0,0.0,0.0,0.005,0.006810891115047196,0.0024565653960614345,0.9991596049450814,2.1346795411231072e-06,0.22497716958218433,-8.34872232789689e-06,0.0006186507702334486,1.7383252838824659,0.38658295286462663,0.5,0.018920061257766917
1,Mutualistic09_route_memory_only,4,8 vs 9,14,2.0,0.0,0.0,0.005,0.001304060552625897,0.0022075762788014625,0.9993587225041491,3.480312905598744e-07,0.2556013043256516,-1.2368112406198014e-06,0.00047992022116383676,1.1090623089607725,0.24835451739899655,1.0,0.006508190660400593
1,Mutualistic09_latent_only,0,0 vs 1,0,0.0,0.0,1.0,0.005,0.17909495092611363,0.5274869970818783,0.8015325335746116,0.0008663836506723376,0.03217774225620505,-0.0032614487758342255,0.0,0.0,0.0,0.0,0.20020890410276168
1,Mutualistic09_latent_only,0,0 vs 1,2,0.0,0.0,1.0,0.005,0.033848149008414846,0.17493289170113016,0.94942514566665,0.00041335838875269514,0.049104745596389665,-0.0016816420520239688,0.0,0.0,0.0,0.0,0.04605593417394668
1,Mutualistic09_latent_only,0,0 vs 1,3,0.0,0.0,1.0,0.005,0.026809093750458448,0.18410466849169832,0.9468203427943778,0.00026252887835924297,0.050340246983823625,-0.0005740024684432973,0.0,0.0,0.0,0.5,0.036955864148888184
1,Mutualistic09_latent_only,0,0 vs 1,14,0.0,0.0,1.0,0.005,0.008520959345178004,0.13540650206677457,0.9575987635774815,0.00019152896939363503,0.10482768146717485,-0.000565514393259791,0.0,0.0,0.0,1.0,0.01348025888759405
1,Mutualistic09_latent_only,1,2 vs 3,0,0.0,0.0,1.0,0.005,0.1612017975050084,0.24803253913179357,0.9064918578939235,0.0007684600461018024,0.1491790680967747,-0.0034341533925939115,0.0007621388679948955,0.29215428110302916,0.0348729806397348,0.0,0.2132602977625867
1,Mutualistic09_latent_only,1,2 vs 3,2,0.0,0.0,1.0,0.005,0.07255022045462689,0.30517009978598736,0.8609553626243104,0.0001987095862480775,0.03744072545359426,-0.0008957045985029099,0.0008243459922093106,0.0670482017139488,0.011865752501452857,0.0,0.09665744830953314
1,Mutualistic09_latent_only,1,2 vs 3,3,0.0,0.0,1.0,0.005,0.06433651719163073,0.2966681075222949,0.8669957581986772,0.00044000767378109116,0.031368556753187345,-0.0021301314155472086,0.0012611118501344538,0.04482176670051636,0.008296599903916742,0.5,0.08322676334609376
1,Mutualistic09_latent_only,1,2 vs 3,14,0.0,0.0,1.0,0.005,0.03238850062158197,0.14092730968556505,0.9465312589990332,5.950432594961464e-05,0.7024852233998319,-0.0002805305882654291,0.0018094829735692908,0.014460283864111185,0.0031904938526729,1.0,0.04036202818710119
1,Mutualistic09_latent_only,2,4 vs 5,0,0.0,0.0,1.0,0.005,0.11240279523933187,0.14053019548350193,0.9547665803990466,0.0038725106139881585,0.2895372937175822,-0.016785914296323947,0.007012325584234551,0.18352900372724917,0.051919290246045656,0.0,0.1813859596372919
1,Mutualistic09_latent_only,2,4 vs 5,2,0.0,0.0,1.0,0.005,0.005582736869481333,0.06119142425187091,0.9871446274696513,3.774724747075952e-05,0.38432203074719046,-0.00013774489250747448,0.04241144585799664,0.03225067771099349,0.005709413424173885,0.0,0.02200844967143333
1,Mutualistic09_latent_only,2,4 vs 5,3,0.0,0.0,1.0,0.005,0.004099521340128589,0.04881629942262426,0.9905062267120849,2.2142559112367924e-05,0.4068370848260027,-8.058164546147305e-05,0.0481419342153884,0.02352742452491471,0.004122045074411212,0.5,0.017339217377469896
1,Mutualistic09_latent_only,2,4 vs 5,14,0.0,0.0,1.0,0.005,0.001270927379819307,0.011344517491995654,0.9981696085726961,9.539170722736672e-07,0.5747552254098527,-2.787312235128372e-06,0.06166461633240923,0.0038026033261632348,0.0008024503043456439,1.0,0.006258907926050906
1,Mutualistic09_latent_only,3,6 vs 7,0,0.0,0.0,1.0,0.005,0.07830935968284278,0.2962732945984982,0.8841980480133219,0.0015638773453402076,0.19673276340905974,-0.006444058797143875,0.04192010344977074,0.06263025656653877,0.05082182219113283,0.0,0.1465409444843201
1,Mutualistic09_latent_only,3,6 vs 7,2,0.0,0.0,1.0,0.005,0.00563803483593337,0.06249435998974962,0.987489661003681,4.4714690065643e-05,0.18278360271707494,-0.00013522185543750196,0.0616971622122095,0.010314736520237427,0.004436526878518944,0.0,0.020657482893860088
1,Mutualistic09_latent_only,3,6 vs 7,3,0.0,0.0,1.0,0.005,0.004553583391169284,0.036080197649116214,0.9936862854247398,1.926150779330241e-05,0.22073464919912053,-5.570282921829122e-05,0.062323015341733366,0.008565302849053703,0.0032844653184664376,0.5,0.017071695661449685
1,Mutualistic09_latent_only,3,6 vs 7,14,0.0,0.0,1.0,0.005,0.0014696180661942096,0.0050023186832983445,0.9993577751707523,7.874416738520673e-07,0.14997252520728618,-2.0326907805939938e-06,0.06349114090838331,0.0017729057977471422,0.0007281794220189307,1.0,0.006593347982840335
1,Mutualistic09_latent_only,4,8 vs 9,0,0.0,0.0,1.0,0.005,0.05798951292687908,0.05819347302647347,0.9813139299128918,0.0004936252103881146,0.18235013057339064,-0.0017210442097263133,0.0396494005430252,0.11199519589999007,0.032444838315565536,0.0,0.1095747079779493
1,Mutualistic09_latent_only,4,8 vs 9,2,0.0,0.0,1.0,0.005,0.008199197160912322,0.010258308428517998,0.9977029359087031,2.2653326339500478e-05,0.20016134894908744,-8.43980369415689e-05,0.03313303215706602,0.020422661062726315,0.00786432673401655,0.0,0.026166989923791684
1,Mutualistic09_latent_only,4,8 vs 9,3,0.0,0.0,1.0,0.005,0.0060330252856650255,0.010350255944587767,0.9976050308410157,1.2676598432935474e-05,0.18628318100533586,-4.379263524203859e-05,0.03479152355105319,0.01522997105890449,0.005402019787381621,0.5,0.020130340049558496
1,Mutualistic09_latent_only,4,8 vs 9,14,0.0,0.0,1.0,0.005,0.0013854314394770785,0.00600730126693924,0.9988740999647912,1.4642144673842344e-06,0.48877339540643894,-4.91523570282028e-06,0.038688705956682244,0.0028187316257823657,0.0011594761571688378,1.0,0.006461738093577801
1,Mutualistic09_route_plus_latent,0,0 vs 1,0,2.0,0.0,1.0,0.005,0.17909495092611363,0.5274869970818783,0.8015325335746116,0.0008663836506723376,0.03217774225620505,-0.0032614487758342255,0.0,0.0,0.0,0.0,0.20020890410276168
1,Mutualistic09_route_plus_latent,0,0 vs 1,2,2.0,0.0,1.0,0.005,0.033848149008414846,0.17493289170113016,0.94942514566665,0.00041335838875269514,0.049104745596389665,-0.0016816420520239688,0.0,0.0,0.0,0.0,0.04605593417394668
1,Mutualistic09_route_plus_latent,0,0 vs 1,3,2.0,0.0,1.0,0.005,0.026809093750458448,0.18410466849169832,0.9468203427943778,0.00026252887835924297,0.050340246983823625,-0.0005740024684432973,0.0,0.0,0.0,0.5,0.036955864148888184
1,Mutualistic09_route_plus_latent,0,0 vs 1,14,2.0,0.0,1.0,0.005,0.008520959345178004,0.13540650206677457,0.9575987635774815,0.00019152896939363503,0.10482768146717485,-0.000565514393259791,0.0,0.0,0.0,1.0,0.01348025888759405
1,Mutualistic09_route_plus_latent,1,2 vs 3,0,2.0,0.0,1.0,0.005,0.16115263373927868,0.2588363010832604,0.9000897940168989,0.0007956981185379072,0.1460046809008147,-0.0035682813601290927,0.0007500813827643101,0.28968111643618877,0.03475344563869046,0.0,0.21486830743069343
1,Mutualistic09_route_plus_latent,1,2 vs 3,2,2.0,0.0,1.0,0.005,0.07258050215054065,0.31318363357097545,0.8596671566050104,0.0005100002309721644,0.03217480960797439,-0.0024333855018336724,0.0007739989473230572,0.06886007311813375,0.011746320625806743,0.0,0.09786941229980042
1,Mutualistic09_route_plus_latent,1,2 vs 3,3,2.0,0.0,1.0,0.005,0.06434018878226584,0.2802311397613363,0.873351736271635,0.0005869081389012033,0.027064709727246155,-0.002837995859853765,0.001183738379814771,0.04801927752634312,0.008544388083503284,0.5,0.08598548427541206
1,Mutualistic09_route_plus_latent,1,2 vs 3,14,2.0,0.0,1.0,0.005,0.028639694873956924,0.13544977250251364,0.9472223406142377,0.0001570007213296868,0.05674614994093142,-0.0007665142357507919,0.0008250933600759302,0.026362123800084947,0.003790797192623165,1.0,0.039100224152207375
1,Mutualistic09_route_plus_latent,2,4 vs 5,0,2.0,0.0,1.0,0.005,0.12246816086166716,0.09816024091808086,0.9660865017708312,0.00289329051890655,0.5308097199081107,-0.0127631549703631,0.0012311220000791512,0.1522591482230866,0.05101044452996885,0.0,0.19422154968723337
1,Mutualistic09_route_plus_latent,2,4 vs 5,2,2.0,0.0,1.0,0.005,0.010264747528398925,0.02861296607458845,0.9934586032908014,1.3881149347400152e-05,0.5678076490442804,-6.35356087475381e-05,0.0015212213480442593,0.02757970925341261,0.011532720445873255,0.0,0.034499855077964194
1,Mutualistic09_route_plus_latent,2,4 vs 5,3,2.0,0.0,1.0,0.005,0.007058395474079124,0.03572730264289582,0.9922522078169153,9.130096173598855e-06,0.6158532170539207,-4.101152769587141e-05,0.0007070571104742021,0.023125321544865345,0.008591489529514567,0.5,0.025666436378626114
1,Mutualistic09_route_plus_latent,2,4 vs 5,14,2.0,0.0,1.0,0.005,0.0014376200269907713,0.010273623963857585,0.9983358890452283,1.2143654024104299e-06,0.9575337691509977,-5.730266801695874e-06,0.0003775073418705204,0.008336915094603567,0.0014134202340736668,1.0,0.008001442156494298
1,Mutualistic09_route_plus_latent,3,6 vs 7,0,2.0,0.0,1.0,0.005,0.09172579592609025,0.35554555660866677,0.8557409250989874,0.002085656336969399,0.20626757701145523,-0.008563718302769864,0.0008263361164705551,0.06348730670907436,0.05397241494737248,0.0,0.16686452346596312
1,Mutualistic09_route_plus_latent,3,6 vs 7,2,2.0,0.0,1.0,0.005,0.006851200975398434,0.08736988418596855,0.9774760553177367,7.55411776597302e-05,0.13908950889364202,-0.00031625592407393964,0.0005081591600096447,0.011563836160967959,0.005526450670700758,0.0,0.02475287265917088
1,Mutualistic09_route_plus_latent,3,6 vs 7,3,2.0,0.0,1.0,0.005,0.005525290614311049,0.049602066939498514,0.9890811075555518,3.375876069688449e-05,0.2012928140924332,-0.00012808257436498682,0.0005283336360391447,0.0068506954455787835,0.003505723100115961,0.5,0.01992795469754554
1,Mutualistic09_route_plus_latent,3,6 vs 7,14,2.0,0.0,1.0,0.005,0.0015268877440905,0.005480927261622979,0.9992067712418576,8.224460301828507e-07,0.15796151899910987,-2.283828352835584e-06,0.0005599334052679664,0.0018963493441449518,0.0009434165921002785,1.0,0.008016019990231762
1,Mutualistic09_route_plus_latent,4,8 vs 9,0,2.0,0.0,1.0,0.005,0.07388794142752886,0.04287029044861172,0.9856964324383025,0.0005909767955588595,0.37838848308719536,-0.0025050578876695735,0.001705065606306852,0.12387409803078937,0.040747743129650967,0.0,0.135790320628501
1,Mutualistic09_route_plus_latent,4,8 vs 9,2,2.0,0.0,1.0,0.005,0.010411693863174382,0.017126105151119383,0.9956239753581108,2.689530314083118e-05,0.33777615840130665,-0.00012835542215628828,0.0005970562673842613,0.02308202830163088,0.008404549637294196,0.0,0.030713913011107038
1,Mutualistic09_route_plus_latent,4,8 vs 9,3,2.0,0.0,1.0,0.005,0.007162443045130435,0.018187332561517014,0.9953857254474721,2.183184446682796e-05,0.3189499409908944,-0.00010653642660125773,0.000586989702454996,0.013729651537822915,0.005878980117949083,0.5,0.023591362336214554
1,Mutualistic09_route_plus_latent,4,8 vs 9,14,2.0,0.0,1.0,0.005,0.001703628859026952,0.015697437388069453,0.9956769803737072,7.380721622904551e-07,0.5134577605318515,-2.641042575557181e-06,0.0004775575600549618,0.0029685411334751132,0.0013900901589720966,1.0,0.008487556417016907
1,Mutualistic09_full_functional_memory,0,0 vs 1,0,2.0,1.0,1.0,0.006,0.17876302137812403,0.4929849939777496,0.8138901426437053,0.0007817612400852805,0.03651616411913525,-0.0029507421274134454,0.0,0.0,0.0,0.0,0.1999741143527183
1,Mutualistic09_full_functional_memory,0,0 vs 1,2,2.0,1.0,1.0,0.006,0.035830461994764654,0.16405442832632267,0.9520483511559507,0.0003932923694439059,0.05408541107688971,-0.0015145337030767127,0.0,0.0,0.0,0.0,0.04834858700633049
1,Mutualistic09_full_functional_memory,0,0 vs 1,3,2.0,1.0,1.0,0.006,0.028603112473687593,0.16758515749205935,0.951957291745125,0.00041143536689927944,0.05309293050928279,-0.0012732458082919426,0.0,0.0,0.0,0.5,0.03922493823189685
1,Mutualistic09_full_functional_memory,0,0 vs 1,14,2.0,1.0,1.0,0.006,0.008985999697928336,0.1046440472945254,0.9664914189501012,0.0001806956242497089,0.0917408222610012,-0.0007869695806182287,0.0,0.0,0.0,1.0,0.014164265522614438
1,Mutualistic09_full_functional_memory,1,2 vs 3,0,2.0,1.0,1.0,0.006,0.1944772813548433,0.2525641409323571,0.9125313657395383,0.001785882390545049,0.21176265283150875,-0.00832613692321676,0.0007511145215896752,0.034450414548778195,0.0352649081069877,0.0,0.2815430887201999
1,Mutualistic09_full_functional_memory,1,2 vs 3,2,2.0,1.0,1.0,0.006,0.07218339888656393,0.15914150707899255,0.9484445262462535,0.00014223045368840333,0.11839187325553056,-0.0005692782157913168,0.0006411611280937189,0.006266359267062805,0.01107232022951258,0.0,0.10223551031122817
1,Mutualistic09_full_functional_memory,1,2 vs 3,3,2.0,1.0,1.0,0.006,0.06366696379127655,0.18013671959968322,0.9376023221523204,0.00023394584496079182,0.09489860210847605,-0.001069200205359053,0.0010063383131134114,0.005139299423156425,0.006766462936363322,0.5,0.08793807671742236
1,Mutualistic09_full_functional_memory,1,2 vs 3,14,2.0,1.0,1.0,0.006,0.025073867271396707,0.1771171605016323,0.9301268420320876,7.523700967074043e-05,0.13392240042857667,-0.00035100639797747135,0.0008804606160528566,0.0017193507779627404,0.004304308117307881,1.0,0.03912590812653937
1,Mutualistic09_full_functional_memory,2,4 vs 5,0,2.0,1.0,1.0,0.006,0.12004041326965423,0.10900075162978883,0.9626806391046402,0.0007446559357146165,0.6297722569012896,-0.002637940082461276,0.0005331284623838307,0.021342707428049564,0.04714972292013625,0.0,0.2082051064105744
1,Mutualistic09_full_functional_memory,2,4 vs 5,2,2.0,1.0,1.0,0.006,0.012848794182881396,0.014505144525715646,0.9967166603879726,3.1741221217553756e-05,0.8918740850813845,-0.0001508123538595565,0.0005412462314199458,0.0030129455436179614,0.013381344642727933,0.0,0.039046005246804114
1,Mutualistic09_full_functional_memory,2,4 vs 5,3,2.0,1.0,1.0,0.006,0.009664375463778034,0.014337988738763206,0.9968005456822984,1.4048452367254133e-05,1.0252329275963155,-6.583260689327057e-05,0.00029402124361714663,0.0018812553211551238,0.010766133022038861,0.5,0.03054502582613458
1,Mutualistic09_full_functional_memory,2,4 vs 5,14,2.0,1.0,1.0,0.006,0.0016961835716117887,0.008746948132806636,0.9984323724787286,8.852354983325332e-07,4.456361562647718,-4.295252283361364e-06,0.0004313605786979253,0.0007378221427566035,0.001303306846393946,1.0,0.009235930014797982
1,Mutualistic09_full_functional_memory,3,6 vs 7,0,2.0,1.0,1.0,0.006,0.10305453852770176,0.06283270250609581,0.9842191072220497,0.00048157403015214556,0.2631960338219366,-0.0018634774741974282,0.0006506119884471309,0.008216083313721144,0.05513449655994376,0.0,0.17935065814155213
1,Mutualistic09_full_functional_memory,3,6 vs 7,2,2.0,1.0,1.0,0.006,0.007112530471281486,0.14592242510394848,0.9422784485715501,0.0002504763819199573,0.1497226542931922,-0.0012289550195031978,0.0008044561322907263,0.0023199547196124147,0.005741701991436012,0.0,0.02809389407171848
1,Mutualistic09_full_functional_memory,3,6 vs 7,3,2.0,1.0,1.0,0.006,0.004542902097145611,0.03818531409698598,0.9905241182509888,2.4708869088808957e-05,0.204233669537179,-0.00012004171854796562,0.0005990705924093763,0.0009541365917415378,0.002615917503754509,0.5,0.018382792301634525
1,Mutualistic09_full_functional_memory,3,6 vs 7,14,2.0,1.0,1.0,0.006,0.001504032964263349,0.0023485616572756084,0.9996982166107665,3.735138556840924e-07,0.1465341515363531,-1.7739218124683868e-06,0.0005618005469590029,0.00018466264473898533,0.0004810282500445882,1.0,0.007834381701305826
1,Mutualistic09_full_functional_memory,4,8 vs 9,0,2.0,1.0,1.0,0.006,0.07779739363158637,0.03889774090233952,0.9867971742406805,0.0005840142298535633,0.3460519759261862,-0.0021711593850495966,0.0007577382958186988,0.017553301049322224,0.03517757330406854,0.0,0.1498686007045685
1,Mutualistic09_full_functional_memory,4,8 vs 9,2,2.0,1.0,1.0,0.006,0.01114210565673544,0.01272788952461424,0.9963222260170794,6.62652363295839e-05,0.31378336789760186,-0.00030679894769762426,0.0005996796137472476,0.0032240038569224007,0.008433068091882037,0.0,0.03578017378582599
1,Mutualistic09_full_functional_memory,4,8 vs 9,3,2.0,1.0,1.0,0.006,0.00746284087406511,0.010981951874898786,0.9972773650859265,3.9270313648296695e-05,0.3805258499181017,-0.00017388570221497658,0.0005810434492385421,0.0023716566204886012,0.00542396234170078,0.5,0.02656817729485796
1,Mutualistic09_full_functional_memory,4,8 vs 9,14,2.0,1.0,1.0,0.006,0.0016448236035896426,0.005171252290738073,0.9988237987173364,1.0076979824008687e-06,0.9190318216668799,-4.469392266362271e-06,0.0004718377212099013,0.0003371269558556378,0.0009855805918514886,1.0,0.008433266552759612
2,Mutualistic09_distill_only,0,0 vs 1,0,0.0,1.0,0.0,0.005,0.18893445738928116,0.4300394895228934,0.8493309385598974,0.000611294087988465,0.03626101029192099,-0.0027339077614089275,0.0,0.0,0.0,0.0,0.20873515767619966
2,Mutualistic09_distill_only,0,0 vs 1,2,0.0,1.0,0.0,0.005,0.030603948742785353,0.149291844285549,0.9580668299756152,0.0005430470857942404,0.04782591307872629,-0.0022341105591585026,0.0,0.0,0.0,0.0,0.04210047665587131
2,Mutualistic09_distill_only,0,0 vs 1,3,0.0,1.0,0.0,0.005,0.024549426996406724,0.15552250137354465,0.9541504116768532,0.00029982759075365006,0.05338733432507341,-0.001093032254659115,0.0,0.0,0.0,0.5,0.03461832798858906
2,Mutualistic09_distill_only,0,0 vs 1,14,0.0,1.0,0.0,0.005,0.00735312829071537,0.10545604176660801,0.9687079381435475,7.213021644336917e-05,0.03903392772376042,-0.00021760740337219644,0.0,0.0,0.0,1.0,0.012285178091297758
2,Mutualistic09_distill_only,1,2 vs 3,0,0.0,1.0,0.0,0.005,0.20255532424817693,0.28676956131103193,0.8998839842512253,0.0010432673387214813,0.1525535087430592,-0.004313465049292179,0.0013490739239251583,0.05253128059887379,0.2736678699890964,0.0,0.27271311064349846
2,Mutualistic09_distill_only,1,2 vs 3,2,0.0,1.0,0.0,0.005,0.07245758120366867,0.2615072270657154,0.9057987383071412,0.0006118729318373841,0.06595672888958708,-0.0027043103696183955,0.0011527436863422948,0.012406812420986752,0.18605154911254315,0.0,0.09750642873188282
2,Mutualistic09_distill_only,1,2 vs 3,3,0.0,1.0,0.0,0.005,0.06432910901593401,0.26473291535326776,0.9062891805425604,0.0007776128858412971,0.10275683059862399,-0.0034991746490940136,0.0008046742165807952,0.006693874683944469,0.16838553484449995,0.5,0.08264672875087312
2,Mutualistic09_distill_only,1,2 vs 3,14,0.0,1.0,0.0,0.005,0.01973837484268749,0.2169608343788918,0.9248406164189602,0.00023730078603566266,0.09326376516045012,-0.0011024121987692854,0.0008243826071501392,0.004053087117388211,0.09849024833516871,1.0,0.030530926375154484
2,Mutualistic09_distill_only,2,4 vs 5,0,0.0,1.0,0.0,0.005,0.1295924864590485,0.09421511937646156,0.9722666575553569,0.001106511949274136,0.5732218796966915,-0.00489387364978803,0.0007367917420351853,0.021139777323696762,0.1739375992514629,0.0,0.17349253903995168
2,Mutualistic09_distill_only,2,4 vs 5,2,0.0,1.0,0.0,0.005,0.006597394926196083,0.01957725297580374,0.9961150466127598,1.6487945724796364e-05,0.5626383411123398,-5.49730537657408e-05,0.000957109690136078,0.0025922889211908618,0.20616528613770263,0.0,0.022010805877916356
2,Mutualistic09_distill_only,2,4 vs 5,3,0.0,1.0,0.0,0.005,0.004895703138862836,0.014514932488190366,0.9972291246373602,1.0299243900164506e-05,0.49200473694091146,-3.1830936155103624e-05,0.0007705396134390848,0.001835717462954369,0.18309393778760383,0.5,0.01742676593997377
2,Mutualistic09_distill_only,2,4 vs 5,14,0.0,1.0,0.0,0.005,0.0012526471128172063,0.004235863053992866,0.99926883616346,1.1981747395669147e-06,0.44299570994174226,-4.0190606477095725e-06,0.0008785313204614485,0.0003149062794499456,0.12510881065688234,1.0,0.006622000617232729
2,Mutualistic09_distill_only,3,6 vs 7,0,0.0,1.0,0.0,0.005,0.03609395692957208,0.010938086388434501,0.9979405783592387,5.693252304242978e-05,0.11482679344555165,-0.00021272316139112128,0.00047371000069456096,0.01289894807548164,0.2589314772073734,0.0,0.06854737997847668
2,Mutualistic09_distill_only,3,6 vs 7,2,0.0,1.0,0.0,0.005,0.003595406144976299,0.002590219552153127,0.9995257321824419,6.030557647351122e-06,0.12452586074458792,-2.5024548410735233e-05,0.000490591461633077,0.0009474639565327224,0.19829378514847856,0.0,0.016421857250339175
2,Mutualistic09_distill_only,3,6 vs 7,3,0.0,1.0,0.0,0.005,0.0029041674384411346,0.0018034188009976866,0.9996970169087673,2.6578846346709534e-06,0.1253383221461418,-1.0497372676717473e-05,0.0005284920428474582,0.0006568555242104575,0.1730130983793989,0.5,0.013960884626399963
2,Mutualistic09_distill_only,3,6 vs 7,14,0.0,1.0,0.0,0.005,0.0009114866409985784,0.00044754986091457465,0.9999370207177832,1.0603479134918784e-07,0.14678222622643125,-4.077050339509832e-07,0.00047398561269182345,0.00033204778942200257,0.10714890300593477,1.0,0.006402573478903542
2,Mutualistic09_distill_only,4,8 vs 9,0,0.0,1.0,0.0,0.005,0.130749839476924,0.003762660593913987,0.99888979627731,0.0010730426445642227,0.4360403348988992,-0.005339371654740039,0.00033702111642846736,0.02677356587092289,0.25448209099828245,0.0,0.1828146866185868
2,Mutualistic09_distill_only,4,8 vs 9,2,0.0,1.0,0.0,0.005,0.008459432833293017,0.0016448912196829815,0.9996033107980768,7.287246424731713e-06,0.48563692037095413,-3.185734014086267e-05,0.00035751019113570477,0.0027146093557251895,0.24510983678888768,0.0,0.02642750736088195
2,Mutualistic09_distill_only,4,8 vs 9,3,0.0,1.0,0.0,0.005,0.006470361808711227,0.0013530259919236336,0.9996957373111806,4.952016724684433e-06,0.556525818845059,-2.1069796082187206e-05,0.0003580386466753825,0.0019414953248416806,0.23583859902747134,0.5,0.0215616246011663
2,Mutualistic09_distill_only,4,8 vs 9,14,0.0,1.0,0.0,0.005,0.0015653644049381638,0.0005578201708363424,0.9998990525590613,2.3711275271748205e-07,0.5726909339427948,-9.002594990616149e-07,0.0002973186746338739,0.000778644889385063,0.15797124929884646,1.0,0.008151407264410816
2,Mutualistic09_route_memory_only,0,0 vs 1,0,2.0,0.0,0.0,0.005,0.18893445738928116,0.4300394895228934,0.8493309385598974,0.000611294087988465,0.03626101029192099,-0.0027339077614089275,0.0,0.0,0.0,0.0,0.20873515767619966
2,Mutualistic09_route_memory_only,0,0 vs 1,2,2.0,0.0,0.0,0.005,0.030603948742785353,0.149291844285549,0.9580668299756152,0.0005430470857942404,0.04782591307872629,-0.0022341105591585026,0.0,0.0,0.0,0.0,0.04210047665587131
2,Mutualistic09_route_memory_only,0,0 vs 1,3,2.0,0.0,0.0,0.005,0.024549426996406724,0.15552250137354465,0.9541504116768532,0.00029982759075365006,0.05338733432507341,-0.001093032254659115,0.0,0.0,0.0,0.5,0.03461832798858906
2,Mutualistic09_route_memory_only,0,0 vs 1,14,2.0,0.0,0.0,0.005,0.00735312829071537,0.10545604176660801,0.9687079381435475,7.213021644336917e-05,0.03903392772376042,-0.00021760740337219644,0.0,0.0,0.0,1.0,0.012285178091297758
2,Mutualistic09_route_memory_only,1,2 vs 3,0,2.0,0.0,0.0,0.005,0.19306725239817132,0.1668584017836033,0.9446403029117179,0.0017108751311694659,0.06997958621588546,-0.007572791043748247,0.003897721872179202,1.3236639428942774,0.2753949443360127,0.0,0.2175135744061876
2,Mutualistic09_route_memory_only,1,2 vs 3,2,2.0,0.0,0.0,0.005,0.0709634485079887,0.08631323388916382,0.973878765359838,0.0011003622921247796,0.06374012200815722,-0.005159034037051049,0.0008558193100648071,1.0710762434817376,0.22217297030890243,0.0,0.08337577337280233
2,Mutualistic09_route_memory_only,1,2 vs 3,3,2.0,0.0,0.0,0.005,0.06601344790071884,0.1172637606554843,0.964831864580195,0.0010385248777581976,0.22315311483404737,-0.00485216552748325,0.0009553243062714984,1.0563071813989193,0.18385304827639398,0.5,0.07777204895590215
2,Mutualistic09_route_memory_only,1,2 vs 3,14,2.0,0.0,0.0,0.005,0.03526511413857658,0.09758130429272956,0.9692348343260745,0.0003909993654941261,0.18819000397590882,-0.0017633613377333955,0.0007209412717705337,1.370445631920023,0.13997468938852878,1.0,0.04160781131383586
2,Mutualistic09_route_memory_only,2,4 vs 5,0,2.0,0.0,0.0,0.005,0.09552281833392509,0.1514763114775749,0.939365360331028,0.0004690369531887272,0.26422424319180404,-0.0021793144418204083,0.0011255966026200962,1.4404933698482483,0.3660101100456891,0.0,0.12993996305034516
2,Mutualistic09_route_memory_only,2,4 vs 5,2,2.0,0.0,0.0,0.005,0.006016402753030366,0.027641624331157258,0.9911272982333569,5.894355720449219e-05,0.1596263867426426,-0.00028507906864298153,0.000977268627197036,2.4423499208815556,0.3379273021474798,0.0,0.01884451425297463
2,Mutualistic09_route_memory_only,2,4 vs 5,3,2.0,0.0,0.0,0.005,0.003917059425185335,0.02060777984282121,0.9929942970580243,2.144053589977514e-05,0.15469171915282595,-0.0001033034789910976,0.0008270175465905266,2.3731485148693654,0.31065049894312596,0.5,0.014398867541805227
2,Mutualistic09_route_memory_only,2,4 vs 5,14,2.0,0.0,0.0,0.005,0.0009626997808153008,0.009957273744611425,0.9962769860916949,1.4722307889293368e-06,0.39909929037094116,-6.806127667585586e-06,0.0008739048297432786,1.5341104548028175,0.16720778891380797,1.0,0.006044276970181059
2,Mutualistic09_route_memory_only,3,6 vs 7,0,2.0,0.0,0.0,0.005,0.043280889740847844,0.0062657241942361,0.9981284661495939,5.059984738227769e-05,0.08877751179673571,-0.00020434720778560384,0.0005615381202741001,0.8901148379374962,0.7500363469837193,0.0,0.07623220076586337
2,Mutualistic09_route_memory_only,3,6 vs 7,2,2.0,0.0,0.0,0.005,0.004222080453318801,0.0033298287146843655,0.998942883724862,1.9027544242528178e-06,0.09838795820449261,-8.352006726125454e-06,0.0005392792395952634,0.4305832696721909,0.37225028745671535,0.0,0.01566267524786452
2,Mutualistic09_route_memory_only,3,6 vs 7,3,2.0,0.0,0.0,0.005,0.003212804806993363,0.003398007864350493,0.9988724272301857,1.922340981073701e-06,0.10354708357060209,-8.664950926570182e-06,0.0005273097867370296,0.3684309980970748,0.33050124252096136,0.5,0.012958203581102352
2,Mutualistic09_route_memory_only,3,6 vs 7,14,2.0,0.0,0.0,0.005,0.0009676150313796515,0.0015097016698843056,0.9994603953462966,1.5885539545964995e-07,0.10278061666387192,-7.652920333946005e-07,0.0004688081460583217,0.7576615404575429,0.1706169532968643,1.0,0.00525176021805469
2,Mutualistic09_route_memory_only,4,8 vs 9,0,2.0,0.0,0.0,0.005,0.0944705411489617,0.004644535345989347,0.9980771795232245,0.000656346363452552,0.13655885106864127,-0.003274966256712821,0.0004640675721949516,2.006345465140259,0.7702231018586044,0.0,0.12348702637122032
2,Mutualistic09_route_memory_only,4,8 vs 9,2,2.0,0.0,0.0,0.005,0.008423917812909534,0.004019396383653734,0.9984276548345038,1.3124594396320872e-06,0.23534228097885213,-6.463685806127305e-06,0.0003129978349727722,1.1377827639275409,0.5713512396558802,0.0,0.020593028396685073
2,Mutualistic09_route_memory_only,4,8 vs 9,3,2.0,0.0,0.0,0.005,0.006368767866428862,0.0036445407882672257,0.9986252784729004,7.74805895135571e-07,0.3442081412736406,-3.7944162304097033e-06,0.0004266051563079484,0.9685616505906937,0.46088961971567033,0.5,0.016838075553483153
2,Mutualistic09_route_memory_only,4,8 vs 9,14,2.0,0.0,0.0,0.005,0.0011001745897761368,0.0023534307008648806,0.9992798833136863,1.2572062457129596e-07,0.35962501104841843,-4.915971348577357e-07,0.0003314724093256023,0.6364070557533427,0.2490703764748066,1.0,0.0054337721357637266
2,Mutualistic09_latent_only,0,0 vs 1,0,0.0,0.0,1.0,0.005,0.18893445738928116,0.4300394895228934,0.8493309385598974,0.000611294087988465,0.03626101029192099,-0.0027339077614089275,0.0,0.0,0.0,0.0,0.20873515767619966
2,Mutualistic09_latent_only,0,0 vs 1,2,0.0,0.0,1.0,0.005,0.030603948742785353,0.149291844285549,0.9580668299756152,0.0005430470857942404,0.04782591307872629,-0.0022341105591585026,0.0,0.0,0.0,0.0,0.04210047665587131
2,Mutualistic09_latent_only,0,0 vs 1,3,0.0,0.0,1.0,0.005,0.024549426996406724,0.15552250137354465,0.9541504116768532,0.00029982759075365006,0.05338733432507341,-0.001093032254659115,0.0,0.0,0.0,0.5,0.03461832798858906
2,Mutualistic09_latent_only,0,0 vs 1,14,0.0,0.0,1.0,0.005,0.00735312829071537,0.10545604176660801,0.9687079381435475,7.213021644336917e-05,0.03903392772376042,-0.00021760740337219644,0.0,0.0,0.0,1.0,0.012285178091297758
2,Mutualistic09_latent_only,1,2 vs 3,0,0.0,0.0,1.0,0.005,0.2071523723450113,0.3457058734716253,0.8802012750442992,0.0026092230282882428,0.08487128542533065,-0.011922145619037304,0.004193302221346072,0.3640665002979191,0.04205909114705022,0.0,0.26125755493945263
2,Mutualistic09_latent_only,1,2 vs 3,2,0.0,0.0,1.0,0.005,0.06784639551125943,0.5348405793626257,0.7814954278316903,0.0012609219637407148,0.11914786025683613,-0.005171810831636824,0.0016976620317922077,0.03970919759508143,0.007014359258353076,0.0,0.08731674371247596
2,Mutualistic09_latent_only,1,2 vs 3,3,0.0,0.0,1.0,0.005,0.06093587425160915,0.4595806953754831,0.8253693770855031,0.0013711782777774831,0.1065637145508477,-0.005935268813466772,0.002907285514761207,0.031175697816813244,0.005184652818802824,0.5,0.07728809720658242
2,Mutualistic09_latent_only,1,2 vs 3,14,0.0,0.0,1.0,0.005,0.029892813919627285,0.20282264053821564,0.9298134572962498,0.0008877075899866387,0.09452102612704039,-0.003779942358031552,0.0014094842065381446,0.020656495122238994,0.0030845553772722153,1.0,0.03771931822708947
2,Mutualistic09_latent_only,2,4 vs 5,0,0.0,0.0,1.0,0.005,0.10945247755722796,0.3786707452320038,0.8565851589466663,0.0013679048902304203,0.08765642866343656,-0.005978217447533253,0.0018532911409683368,0.1254604527682804,0.024132650355471574,0.0,0.15615663106771224
2,Mutualistic09_latent_only,2,4 vs 5,2,0.0,0.0,1.0,0.005,0.0075694188435978076,0.09642590400069317,0.9687270851845436,0.0008144056161093412,0.003620218203843948,-0.0036175548534919605,0.004646648989712938,0.033126654479890424,0.004908583562900411,0.0,0.022478381766283764
2,Mutualistic09_latent_only,2,4 vs 5,3,0.0,0.0,1.0,0.005,0.00485564339311516,0.0912958691887399,0.9696444336404192,0.0006317565421340987,0.003679198365871537,-0.0028163592251849935,0.004533374015776876,0.02599782334204684,0.0034291932527768486,0.5,0.01706534178253818
2,Mutualistic09_latent_only,2,4 vs 5,14,0.0,0.0,1.0,0.005,0.0011997599788802736,0.054626615638745595,0.9808214268785842,9.958628897174037e-05,0.01721358792658182,-0.0004946350546038531,0.007245787751286271,0.005678113361701686,0.0007969063280665494,1.0,0.006305628961467362
2,Mutualistic09_latent_only,3,6 vs 7,0,0.0,0.0,1.0,0.005,0.05928428154042427,0.22223021914350224,0.9128513957591767,0.0013892362710086015,0.0325514258856469,-0.006127165313413802,0.034037027894420195,0.0457021217418437,0.04016207122402464,0.0,0.11353810083992938
2,Mutualistic09_latent_only,3,6 vs 7,2,0.0,0.0,1.0,0.005,0.005061875602745629,0.03432684576019962,0.9934295086150474,0.00011471453269145872,0.015021199994581812,-0.0005415108134137823,0.06079248711466789,0.01595076587685245,0.004466982033262228,0.0,0.019337290858334685
2,Mutualistic09_latent_only,3,6 vs 7,3,0.0,0.0,1.0,0.005,0.004017071521028559,0.01539448427749758,0.9973649826455624,0.0001431040965879684,0.015616141854131476,-0.0007052979372600292,0.06159417378775617,0.01127164095560921,0.0030203022835578056,0.5,0.015644200859551736
2,Mutualistic09_latent_only,3,6 vs 7,14,0.0,0.0,1.0,0.005,0.0012360834962430788,0.0020570223482246413,0.9996195524296863,3.579449206067741e-08,0.01756264746902471,-9.077175104237617e-08,0.05908499705664655,0.0034885171632421143,0.0008120033679470579,1.0,0.005987698311342838
2,Mutualistic09_latent_only,4,8 vs 9,0,0.0,0.0,1.0,0.005,0.07883194925144632,0.05051356751689727,0.9824318670211954,0.00026113562223309465,0.4974039389573513,-0.0011654291500119453,0.03763536554067693,0.11528124116267328,0.03431135982750578,0.0,0.13277547925393632
2,Mutualistic09_latent_only,4,8 vs 9,2,0.0,0.0,1.0,0.005,0.011626465771188761,0.012211757404927878,0.9969170423264199,2.6931865626069183e-05,0.4451289069145284,-0.00011502428257718999,0.0414996807404021,0.014498556765945667,0.008129444131825833,0.0,0.030597445297431438
2,Mutualistic09_latent_only,4,8 vs 9,3,0.0,0.0,1.0,0.005,0.008048303088450686,0.01028599957142897,0.9973804849259397,4.969004354724677e-06,0.45516326833278575,-1.7120998273504542e-05,0.0420046459011575,0.010667090115949828,0.005894996047495527,0.5,0.023271365963081096
2,Mutualistic09_latent_only,4,8 vs 9,14,0.0,0.0,1.0,0.005,0.0016762425558284877,0.0057880547680357036,0.9986606747546094,4.4754756617478167e-07,0.5213185035167857,-1.6553911994746392e-06,0.042519483794557285,0.0020312649703168486,0.0013365481083499307,1.0,0.007317847235405699
2,Mutualistic09_route_plus_latent,0,0 vs 1,0,2.0,0.0,1.0,0.005,0.18893445738928116,0.4300394895228934,0.8493309385598974,0.000611294087988465,0.03626101029192099,-0.0027339077614089275,0.0,0.0,0.0,0.0,0.20873515767619966
2,Mutualistic09_route_plus_latent,0,0 vs 1,2,2.0,0.0,1.0,0.005,0.030603948742785353,0.149291844285549,0.9580668299756152,0.0005430470857942404,0.04782591307872629,-0.0022341105591585026,0.0,0.0,0.0,0.0,0.04210047665587131
2,Mutualistic09_route_plus_latent,0,0 vs 1,3,2.0,0.0,1.0,0.005,0.024549426996406724,0.15552250137354465,0.9541504116768532,0.00029982759075365006,0.05338733432507341,-0.001093032254659115,0.0,0.0,0.0,0.5,0.03461832798858906
2,Mutualistic09_route_plus_latent,0,0 vs 1,14,2.0,0.0,1.0,0.005,0.00735312829071537,0.10545604176660801,0.9687079381435475,7.213021644336917e-05,0.03903392772376042,-0.00021760740337219644,0.0,0.0,0.0,1.0,0.012285178091297758
2,Mutualistic09_route_plus_latent,1,2 vs 3,0,2.0,0.0,1.0,0.005,0.2071707067178919,0.4509961224616842,0.8315751007262696,0.0027729043409790584,0.060286580903227735,-0.011768935208624981,0.00207420950024011,0.2668657009806416,0.03586616568289638,0.0,0.26121357574741894
2,Mutualistic09_route_plus_latent,1,2 vs 3,2,2.0,0.0,1.0,0.005,0.06705423083869701,0.5946529545682542,0.7803678880346582,0.0008483502549890855,0.026454223617118723,-0.003642169362370004,0.0006747108430588808,0.029537763040354277,0.004244118743140171,0.0,0.0861474749969041
2,Mutualistic09_route_plus_latent,1,2 vs 3,3,2.0,0.0,1.0,0.005,0.06414151342308268,0.495882029863114,0.8281683427222232,0.0010820136086933533,0.03312066013112347,-0.005027332402607228,0.0007322427690404708,0.016341008404467967,0.0035117122498241828,0.5,0.08079815881841994
2,Mutualistic09_route_plus_latent,1,2 vs 3,14,2.0,0.0,1.0,0.005,0.035492379664185836,0.14686926422601052,0.9503675230005955,0.0005692323015235625,0.0496040541713344,-0.0024837415685203482,0.0008453313742760888,0.02408115123398602,0.003045282792299986,1.0,0.04470350819223739
2,Mutualistic09_route_plus_latent,2,4 vs 5,0,2.0,0.0,1.0,0.005,0.11915426719141134,0.09380047536514541,0.9705539295013915,0.0006762742251107449,0.12343334398688154,-0.002243960514030558,0.0009306857749098971,0.08141692855506916,0.02715304330303433,0.0,0.1655763773683538
2,Mutualistic09_route_plus_latent,2,4 vs 5,2,2.0,0.0,1.0,0.005,0.008532319089120373,0.0027908144761471356,0.9995390075318357,5.386048592468951e-06,0.14331557316348909,-2.1012965589761734e-05,0.0009625147151692022,0.0173078249307706,0.005474400146804908,0.0,0.02568894232365679
2,Mutualistic09_route_plus_latent,2,4 vs 5,3,2.0,0.0,1.0,0.005,0.006170790176838636,0.0021720167789410086,0.9996780702408324,2.3214800825507096e-06,0.20068551631683998,-8.262337205257821e-06,0.0007788074723995375,0.015776478853869312,0.003838087803624729,0.5,0.01988988456890938
2,Mutualistic09_route_plus_latent,2,4 vs 5,14,2.0,0.0,1.0,0.005,0.0014291690077949711,0.00029966266571291466,0.9999672237862932,1.0185003365515339e-07,1.035413885370214,-3.5980260594094053e-07,0.000842627840648539,0.005329517544831764,0.0008595353116261516,1.0,0.008032506856908823
2,Mutualistic09_route_plus_latent,3,6 vs 7,0,2.0,0.0,1.0,0.005,0.06944771376537516,0.010244993844683817,0.9979785883680303,9.910168003617845e-05,0.07645940958978013,-0.0003409493873093991,0.0005856263166819229,0.055223739718686944,0.04920986984321411,0.0,0.1311368076725209
2,Mutualistic09_route_plus_latent,3,6 vs 7,2,2.0,0.0,1.0,0.005,0.011628735126887864,0.001822061845388739,0.9997784013443805,7.989220034203832e-06,0.705288474864148,-3.4238191995214906e-05,0.0007522246961982207,0.01710413223964737,0.011476133603285602,0.0,0.03312726600214522
2,Mutualistic09_route_plus_latent,3,6 vs 7,3,2.0,0.0,1.0,0.005,0.007926480428494037,0.0012645849319016362,0.9998543782437102,3.929674045003652e-06,1.6068749592659322,-1.6880558526262323e-05,0.0006098787100896477,0.011244689758391456,0.007491655459508617,0.5,0.024161160309264
2,Mutualistic09_route_plus_latent,3,6 vs 7,14,2.0,0.0,1.0,0.005,0.00176750291436118,9.53238269814508e-05,0.9999917821681246,6.435587744982377e-08,5.615885328739248,-2.3431927362020979e-07,0.0004327872440935994,0.002469972598346624,0.001397349294572276,1.0,0.008422979361754148
2,Mutualistic09_route_plus_latent,4,8 vs 9,0,2.0,0.0,1.0,0.005,0.10054668023231182,0.1749488135918658,0.9300848841667175,0.0002611157702592615,0.8024148389380029,-0.0010576748705290733,0.0003837188346454802,0.12349849812194358,0.03549419789317441,0.0,0.15844404055400096
2,Mutualistic09_route_plus_latent,4,8 vs 9,2,2.0,0.0,1.0,0.005,0.01099943382506992,0.21305098654107846,0.9097124376195542,3.4255116753093775e-05,0.7252852269943725,-0.00013809779936328848,0.00033266508979338936,0.021953450832912263,0.011247100883183326,0.0,0.035171915479797
2,Mutualistic09_route_plus_latent,4,8 vs 9,3,2.0,0.0,1.0,0.005,0.008210712979408973,0.1689795306388368,0.9348649826455624,1.9748134829879223e-05,0.6424108160302994,-7.18197180948993e-05,0.00038424857662671167,0.015295862339119962,0.008268126722504484,0.5,0.027608425772570548
2,Mutualistic09_route_plus_latent,4,8 vs 9,14,2.0,0.0,1.0,0.005,0.0017466133935971464,0.06683460971776475,0.9751786158439961,1.5305637830617845e-06,0.5943870741002103,-4.592344184663701e-06,0.00026807644671668856,0.003971317560075128,0.0019404105346729147,1.0,0.008860011812933583
2,Mutualistic09_full_functional_memory,0,0 vs 1,0,2.0,1.0,1.0,0.006,0.18948586653680244,0.3938221795127747,0.8605844714540116,0.0003850889021616743,0.046686072377772864,-0.0015815863029119816,0.0,0.0,0.0,0.0,0.20957877368051955
2,Mutualistic09_full_functional_memory,0,0 vs 1,2,2.0,1.0,1.0,0.006,0.03132441900472375,0.12312798439822298,0.965828574718313,0.0004162283998873155,0.06165599423222878,-0.0015848538877957679,0.0,0.0,0.0,0.0,0.04235955399084598
2,Mutualistic09_full_functional_memory,0,0 vs 1,3,2.0,1.0,1.0,0.006,0.024758092583493985,0.13687184088407678,0.9607012018244317,0.00030493119126557313,0.06196076454634362,-0.0010829223121734375,0.0,0.0,0.0,0.5,0.0350916529113942
2,Mutualistic09_full_functional_memory,0,0 vs 1,14,2.0,1.0,1.0,0.006,0.006392639281446154,0.06853375885080784,0.9832480651267032,4.018183357556048e-05,0.09118503808349487,-0.00019605665968017692,0.0,0.0,0.0,1.0,0.010678675124778393
2,Mutualistic09_full_functional_memory,1,2 vs 3,0,2.0,1.0,1.0,0.006,0.21088543772063356,0.10567792306872124,0.9689133611131222,0.0021462980262639277,0.07059506289450393,-0.010570152405094593,7.0472709142709e-06,0.028750320685348732,0.028218419442480887,0.0,0.2786909912494903
2,Mutualistic09_full_functional_memory,1,2 vs 3,2,2.0,1.0,1.0,0.006,0.06738823315406099,0.21857614577450651,0.9157228926394848,0.0007848381171123356,0.039597119847461185,-0.0038446987721514193,9.373276937106099e-06,0.006466691795875259,0.00926443734305336,0.0,0.09390554941715078
2,Mutualistic09_full_functional_memory,1,2 vs 3,3,2.0,1.0,1.0,0.006,0.056286708293284506,0.2795452596025264,0.8774665695555667,0.0004009917345613037,0.03324475971625206,-0.0019837263377105938,1.983940144763186e-05,0.011034836888590709,0.006060470950769934,0.5,0.08378213762919953
2,Mutualistic09_full_functional_memory,1,2 vs 3,14,2.0,1.0,1.0,0.006,0.026270327009656962,0.12466601012869084,0.9522389034007458,0.00019388243575611778,0.04707728695381987,-0.0009658508537773122,7.4804253680416335e-06,0.0016062758823341512,0.0023252829572463288,1.0,0.034918706844303204
2,Mutualistic09_full_functional_memory,2,4 vs 5,0,2.0,1.0,1.0,0.006,0.15851975751525543,0.17835676321323882,0.930649128366024,0.0001062938761732128,0.27369830741527235,-0.0004020793006775227,0.00037820582687384153,0.028699053769393704,0.02985083248882376,0.0,0.23422796326748868
2,Mutualistic09_full_functional_memory,2,4 vs 5,2,2.0,1.0,1.0,0.006,0.013698107444066951,0.012738174838113023,0.9969244447160275,1.510886227469263e-05,0.1631873830201778,-5.344232108364714e-05,0.0007087660586818102,0.0044252334132869825,0.010755563085462818,0.0,0.039324325568815495
2,Mutualistic09_full_functional_memory,2,4 vs 5,3,2.0,1.0,1.0,0.006,0.008946948456875187,0.013815418133472509,0.9970248569833472,9.087927065185669e-06,0.17843821581373823,-3.2531117346692595e-05,0.0003536975856788674,0.0031723668699727412,0.0076280356919828885,0.5,0.02830589495282224
2,Mutualistic09_full_functional_memory,2,4 vs 5,14,2.0,1.0,1.0,0.006,0.0019205797716301488,0.005146671975764664,0.9990746366216782,8.206869223329211e-07,1.0436415126983156,-2.6958568536854804e-06,0.0002878773372850311,0.0008875275652439512,0.0018414479056175085,1.0,0.009809511872206597
2,Mutualistic09_full_functional_memory,3,6 vs 7,0,2.0,1.0,1.0,0.006,0.07225649784061502,0.021586947777169817,0.9950089949242612,2.0682970498310557e-05,0.25050455078165584,-7.11834414842281e-05,0.00044058039536884415,0.009668712872392186,0.04353926343684818,0.0,0.13583126997059963
2,Mutualistic09_full_functional_memory,3,6 vs 7,2,2.0,1.0,1.0,0.006,0.013294488904958076,0.013849842322475098,0.9977125335246959,9.829769046240607e-06,0.7003325173195373,-3.482314183356914e-05,0.0005707431818665739,0.003075139755581288,0.012028262653249376,0.0,0.03720750501181217
2,Mutualistic09_full_functional_memory,3,6 vs 7,3,2.0,1.0,1.0,0.006,0.00901896075563545,0.01754133740162596,0.9968624711036682,4.9388369079032204e-05,1.0478245260867667,-0.0002345947766716176,0.0006342469609312792,0.0033415409716519903,0.007917929004798544,0.5,0.028956804266001317
2,Mutualistic09_full_functional_memory,3,6 vs 7,14,2.0,1.0,1.0,0.006,0.0017878187503269378,0.0026052437148037107,0.9995600809442237,2.710188350525814e-07,3.087057793394048,-1.1353837722476493e-06,0.0005182346274600701,0.0005401510936009915,0.0014607989863353842,1.0,0.00955063837798352
2,Mutualistic09_full_functional_memory,4,8 vs 9,0,2.0,1.0,1.0,0.006,0.09755934132857526,0.09791356230035742,0.9585982523065932,0.0030033738549921874,0.3305912707000971,-0.01495156458955496,0.000570442404654038,0.01310532258812987,0.028680473546239923,0.0,0.16570730990868934
2,Mutualistic09_full_functional_memory,4,8 vs 9,2,2.0,1.0,1.0,0.006,0.009294292691381687,0.018242246471345425,0.995072087074848,5.7655857357956924e-05,0.10732477166234179,-0.00027041648455122683,0.0004737824744958569,0.0021875023351427404,0.007859024744322325,0.0,0.03151280104004322
2,Mutualistic09_full_functional_memory,4,8 vs 9,3,2.0,1.0,1.0,0.006,0.006772902368151761,0.0111630110050294,0.9974706591443813,1.8308880643939545e-05,0.06365463478451079,-8.124619365689602e-05,0.0005096975674337529,0.0014962177287707937,0.005859155995533504,0.5,0.024798032292660248
2,Mutualistic09_full_functional_memory,4,8 vs 9,14,2.0,1.0,1.0,0.006,0.0016912774658425058,0.0023522875655660447,0.9996209766002412,1.108224838308983e-06,0.08687919314871444,-5.0494402765910675e-06,0.0005868185920568995,0.0004318587895621486,0.0015093595646519927,1.0,0.009364316874045008
3,Mutualistic09_distill_only,0,0 vs 1,0,0.0,1.0,0.0,0.005,0.18192243996135732,0.7065546379444447,0.7433719901328392,0.0020294867086181998,0.013470160664740995,-0.00843850554938012,0.0,0.0,0.0,0.0,0.2054093580772268
3,Mutualistic09_distill_only,0,0 vs 1,2,0.0,1.0,0.0,0.005,0.03644983965824259,0.24399295671189086,0.929942545738626,0.00048690040551825425,0.03866267289490776,-0.0019424013555683988,0.0,0.0,0.0,0.0,0.04910254874762068
3,Mutualistic09_distill_only,0,0 vs 1,3,0.0,1.0,0.0,0.005,0.03150192239975676,0.21374703848615606,0.9384817366904401,0.0006700264720108108,0.043037231199126294,-0.0026576330072860766,0.0,0.0,0.0,0.5,0.0428522434481915
3,Mutualistic09_distill_only,0,0 vs 1,14,0.0,1.0,0.0,0.005,0.01514451972090025,0.12525999022925155,0.9619213050984322,0.00018039433327184017,0.10573296038869848,-0.0007133430187055406,0.0,0.0,0.0,1.0,0.02033513926088493
3,Mutualistic09_distill_only,1,2 vs 3,0,0.0,1.0,0.0,0.005,0.21054895188500908,0.28086139642177743,0.8868796850772614,0.000661117545569915,0.03088770864749367,-0.002968497376175637,0.0007543723702576941,0.03364034950940782,0.5503187295138599,0.0,0.2672455161809921
3,Mutualistic09_distill_only,1,2 vs 3,2,0.0,1.0,0.0,0.005,0.0715361088514328,0.22382987845451274,0.9069567918777466,0.00033094534393890077,0.013373845994987704,-0.001553007183556861,0.0008116336280858997,0.011885580537404785,0.4354655292439968,0.0,0.09657239581042147
3,Mutualistic09_distill_only,1,2 vs 3,3,0.0,1.0,0.0,0.005,0.06687305802281232,0.21525004093951366,0.9112603119079102,0.0006421035768992024,0.013905316810470391,-0.002834137846180733,0.0007162974511339462,0.007806153076284743,0.4641339296990253,0.5,0.0871133732193328
3,Mutualistic09_distill_only,1,2 vs 3,14,0.0,1.0,0.0,0.005,0.022262629532710985,0.13070245356635846,0.9558323317385734,0.00022641388088541522,0.06770721438558812,-0.0010510483271184755,0.0006927899584626814,0.0034085066216264634,0.2250909535808766,1.0,0.03233629045017222
3,Mutualistic09_distill_only,2,4 vs 5,0,0.0,1.0,0.0,0.005,0.0997661643839897,0.5048199727180156,0.7970792625812774,0.0014390736816610715,0.20427541592297085,-0.006005295552313328,0.0007540550675215893,0.015928090706438525,0.26051226833728736,0.0,0.1449893568345207
3,Mutualistic09_distill_only,2,4 vs 5,2,0.0,1.0,0.0,0.005,0.004271823209413188,0.07543607182959293,0.977341390670614,0.00013260189266934793,0.013225841042824074,-0.000529702197998128,0.0008725909467799244,0.0018859965580594825,0.30373862575977406,0.0,0.01822553812823397
3,Mutualistic09_distill_only,2,4 vs 5,3,0.0,1.0,0.0,0.005,0.0029810808965579625,0.05768207187189701,0.9812460833407463,6.939079540120958e-05,0.008435637310437047,-0.0002705548701688964,0.0005787076459919843,0.0015215540361749207,0.2598323990055855,0.5,0.014761657890011656
3,Mutualistic09_distill_only,2,4 vs 5,14,0.0,1.0,0.0,0.005,0.0009688135271178598,0.03833931440764919,0.9851261795835292,9.039997172884737e-06,0.011625800805632025,-4.076343549891038e-05,0.0006710361060945712,0.0002971690595818763,0.13663056429396284,1.0,0.006127996895303751
3,Mutualistic09_distill_only,3,6 vs 7,0,0.0,1.0,0.0,0.005,0.07458901518282104,0.04471016322520185,0.9852502295311462,0.0016950845370531091,0.19460895689243965,-0.008112511052650975,0.0008032933943623187,0.014762711242483361,0.4143061297995217,0.0,0.1137943557126725
3,Mutualistic09_distill_only,3,6 vs 7,2,0.0,1.0,0.0,0.005,0.005390511042973462,0.02235314693361362,0.9933332369682637,5.211502524074836e-05,0.11452616132954334,-0.0002245950027111363,0.0006757860753962032,0.0008674345717349268,0.27327059304460566,0.0,0.021220159023366075
3,Mutualistic09_distill_only,3,6 vs 7,3,0.0,1.0,0.0,0.005,0.004176090818215558,0.02005700125517522,0.9941658656647865,3.138471317634731e-05,0.12533607539978434,-0.00013491044692853663,0.0006714839341355477,0.0006181586414892623,0.23887326647626592,0.5,0.01797419695302527
3,Mutualistic09_distill_only,3,6 vs 7,14,0.0,1.0,0.0,0.005,0.001114153484021254,0.002606816818947567,0.9994236636669078,6.040766443088965e-08,0.06583973297730406,-2.906172278713673e-07,0.0008221757291702236,0.0002947588562048932,0.12580088938170292,1.0,0.007311585755582819
3,Mutualistic09_distill_only,4,8 vs 9,0,0.0,1.0,0.0,0.005,0.0666874617516519,0.024345229746417164,0.9915711803639189,5.663089279642976e-05,0.17184741763358422,-0.00021899528702364323,0.0007262454535211486,0.014749266392851844,0.18102021923070735,0.0,0.10628474158968063
3,Mutualistic09_distill_only,4,8 vs 9,2,0.0,1.0,0.0,0.005,0.009514890115787374,0.006717180077759351,0.9983166976177946,2.468977191938393e-05,0.15516739956876066,-0.00010646415002485539,0.0007838776677709439,0.0013503935126131996,0.1898772120475769,0.0,0.023897409637240654
3,Mutualistic09_distill_only,4,8 vs 9,3,0.0,1.0,0.0,0.005,0.00772177954600688,0.006693591668389421,0.9983918235657063,3.4237369964393245e-05,0.12724923913149125,-0.00014136813858405074,0.0008178795685532176,0.0010896146723485373,0.18724320955733034,0.5,0.02029767596816763
3,Mutualistic09_distill_only,4,8 vs 9,14,0.0,1.0,0.0,0.005,0.0012033322375228114,0.0040541643071226145,0.9991359824829913,6.871060186635127e-07,0.082113754796855,-2.718097133997907e-06,0.0007337888472396484,0.00044255543121215986,0.12385420200038463,1.0,0.006681156364527155
3,Mutualistic09_route_memory_only,0,0 vs 1,0,2.0,0.0,0.0,0.005,0.18192243996135732,0.7065546379444447,0.7433719901328392,0.0020294867086181998,0.013470160664740995,-0.00843850554938012,0.0,0.0,0.0,0.0,0.2054093580772268
3,Mutualistic09_route_memory_only,0,0 vs 1,2,2.0,0.0,0.0,0.005,0.03644983965824259,0.24399295671189086,0.929942545738626,0.00048690040551825425,0.03866267289490776,-0.0019424013555683988,0.0,0.0,0.0,0.0,0.04910254874762068
3,Mutualistic09_route_memory_only,0,0 vs 1,3,2.0,0.0,0.0,0.005,0.03150192239975676,0.21374703848615606,0.9384817366904401,0.0006700264720108108,0.043037231199126294,-0.0026576330072860766,0.0,0.0,0.0,0.5,0.0428522434481915
3,Mutualistic09_route_memory_only,0,0 vs 1,14,2.0,0.0,0.0,0.005,0.01514451972090025,0.12525999022925155,0.9619213050984322,0.00018039433327184017,0.10573296038869848,-0.0007133430187055406,0.0,0.0,0.0,1.0,0.02033513926088493
3,Mutualistic09_route_memory_only,1,2 vs 3,0,2.0,0.0,0.0,0.005,0.20113525531710463,0.17901956496086527,0.9322349974449645,0.0011326035286053431,0.06224513703342924,-0.005436029602238473,0.0016325362588217335,1.18866905914094,0.6197459627155888,0.0,0.2271308515300142
3,Mutualistic09_route_memory_only,1,2 vs 3,2,2.0,0.0,0.0,0.005,0.07094750850600132,0.11002649255889527,0.9598406806905219,0.0004910638733932462,0.2035863348778258,-0.0022003609052997954,0.0008106518773729476,1.1686629779795383,0.33830509350654925,0.0,0.08388064445016231
3,Mutualistic09_route_memory_only,1,2 vs 3,3,2.0,0.0,0.0,0.005,0.0666103998714305,0.09541281788273061,0.9657825269597642,0.0004512943007013862,0.09913051944780857,-0.0021246257931628126,0.0007930305246965021,1.0646784800164244,0.2909789576809457,0.5,0.07763384373739679
3,Mutualistic09_route_memory_only,1,2 vs 3,14,2.0,0.0,0.0,0.005,0.02695153339795689,0.1013932816208677,0.9682437473155082,0.0002392751949081627,0.19549967166274151,-0.0011481362608003808,0.000694676115269063,1.1921165141653507,0.21288699926214016,1.0,0.03341951136021538
3,Mutualistic09_route_memory_only,2,4 vs 5,0,2.0,0.0,0.0,0.005,0.10653506046993301,0.3957886321747557,0.8391760676465136,0.0007822970515491684,0.42804901192876255,-0.00351472567033736,0.000714489709567483,1.032109805506944,0.6821596722547064,0.0,0.1470477707049948
3,Mutualistic09_route_memory_only,2,4 vs 5,2,2.0,0.0,0.0,0.005,0.006171486246340135,0.08424626584065721,0.9727779943892296,0.0005518064756101244,0.017759955984613354,-0.0025616059466166065,0.0007450412770769152,0.9089266898784232,0.33349313761325594,0.0,0.017958909431670573
3,Mutualistic09_route_memory_only,2,4 vs 5,3,2.0,0.0,0.0,0.005,0.0034578360191130256,0.08523270226222404,0.9735765178152855,8.37383575446167e-05,0.010942092202195126,-0.00038032556457960224,0.000578560203393863,0.8817590538491594,0.30585217792937097,0.5,0.012861026708591492
3,Mutualistic09_route_memory_only,2,4 vs 5,14,2.0,0.0,0.0,0.005,0.0009155451974019091,0.023781789645077066,0.9915208677028088,3.00199181081444e-06,0.004849206579433001,-1.4613060518465143e-05,0.000662615940045532,0.9811214259330262,0.1943163031593282,1.0,0.005549794053064382
3,Mutualistic09_route_memory_only,3,6 vs 7,0,2.0,0.0,0.0,0.005,0.04986313767136728,0.032146251047069724,0.9890141550530779,9.386636485762084e-05,0.14178608364841722,-0.0004367488015324194,0.0008196374683200005,3.432815295263897,1.2557995746585917,0.0,0.0916385976399513
3,Mutualistic09_route_memory_only,3,6 vs 7,2,2.0,0.0,0.0,0.005,0.005237827989015173,0.030315975083949717,0.9887618473235597,1.0202498168984132e-05,0.14269715515857048,-4.985356861923603e-05,0.0006475242469682695,1.1374080612304363,0.47861788627949164,0.0,0.018907517749578395
3,Mutualistic09_route_memory_only,3,6 vs 7,3,2.0,0.0,0.0,0.005,0.004044518820901817,0.03247343190014362,0.9878157504061436,1.2404694956255801e-05,0.13651198259693512,-5.9629706269566046e-05,0.0006799464933871431,1.0033448541418035,0.41977492608922595,0.5,0.016042522234009936
3,Mutualistic09_route_memory_only,3,6 vs 7,14,2.0,0.0,0.0,0.005,0.0013562685294829784,0.010359367719811803,0.9961467055564232,1.217725099120392e-06,0.25146664488822856,-6.0866314402603085e-06,0.0007828076049918309,0.7728228366121332,0.23293309008821528,1.0,0.007494194690692932
3,Mutualistic09_route_memory_only,4,8 vs 9,0,2.0,0.0,0.0,0.005,0.05897877555578313,0.03306608869411804,0.9873569468234448,3.674094577930912e-05,0.21226027352299462,-0.00017014655106245202,0.0010086492984555662,0.906476836822626,0.394764201101312,0.0,0.08904325906583603
3,Mutualistic09_route_memory_only,4,8 vs 9,2,2.0,0.0,0.0,0.005,0.0076481833350547455,0.008563604421338978,0.9970365483710106,1.68102043032393e-06,0.2564988374075991,-7.788472353143896e-06,0.0007817764395595271,1.1205416017390313,0.44133787966789084,0.0,0.020905672513107036
3,Mutualistic09_route_memory_only,4,8 vs 9,3,2.0,0.0,0.0,0.005,0.005182089264247011,0.0068103495410623705,0.9977759122848511,2.0946128468392365e-06,0.28396659391991635,-9.771154083787127e-06,0.0008200239460572274,0.7851803061809945,0.3641872742074601,0.5,0.016763953135368673
3,Mutualistic09_route_memory_only,4,8 vs 9,14,2.0,0.0,0.0,0.005,0.0012018596134247615,0.004921524211432428,0.99859519461368,2.2384561380665947e-07,0.30971636417064263,-9.731020520817726e-07,0.0007004898451417288,0.6592877456482421,0.21202594644211709,1.0,0.0063503744338262585
3,Mutualistic09_latent_only,0,0 vs 1,0,0.0,0.0,1.0,0.005,0.18192243996135732,0.7065546379444447,0.7433719901328392,0.0020294867086181998,0.013470160664740995,-0.00843850554938012,0.0,0.0,0.0,0.0,0.2054093580772268
3,Mutualistic09_latent_only,0,0 vs 1,2,0.0,0.0,1.0,0.005,0.03644983965824259,0.24399295671189086,0.929942545738626,0.00048690040551825425,0.03866267289490776,-0.0019424013555683988,0.0,0.0,0.0,0.0,0.04910254874762068
3,Mutualistic09_latent_only,0,0 vs 1,3,0.0,0.0,1.0,0.005,0.03150192239975676,0.21374703848615606,0.9384817366904401,0.0006700264720108108,0.043037231199126294,-0.0026576330072860766,0.0,0.0,0.0,0.5,0.0428522434481915
3,Mutualistic09_latent_only,0,0 vs 1,14,0.0,0.0,1.0,0.005,0.01514451972090025,0.12525999022925155,0.9619213050984322,0.00018039433327184017,0.10573296038869848,-0.0007133430187055406,0.0,0.0,0.0,1.0,0.02033513926088493
3,Mutualistic09_latent_only,1,2 vs 3,0,0.0,0.0,1.0,0.005,0.20887929129790753,0.18488687308544807,0.9316225762062884,0.0002749017471276292,0.03036861839466431,-0.0011833997324426123,0.0012050461662782138,0.2823963117059472,0.045133545578635755,0.0,0.26459421423521445
3,Mutualistic09_latent_only,1,2 vs 3,2,0.0,0.0,1.0,0.005,0.06731620930293773,0.11766464897292725,0.9588057741205743,0.0005537466070568661,0.030928585024431667,-0.002705058399984177,0.0011692489483043863,0.028131321161747613,0.006882302928715944,0.0,0.08324202110475683
3,Mutualistic09_latent_only,1,2 vs 3,3,0.0,0.0,1.0,0.005,0.06217608541408752,0.116684338830887,0.9603051834918083,0.0004282512181623346,0.04049350152862199,-0.002011895298640779,0.001025891587445624,0.032582888914708126,0.0067375267340623315,0.5,0.07731678376489497
3,Mutualistic09_latent_only,1,2 vs 3,14,0.0,0.0,1.0,0.005,0.025133954579050235,0.11731473039439384,0.9613179184020834,0.0002813194077227666,0.05872642391539635,-0.001391021673508147,0.0031418968046830528,0.017322428415509614,0.003513701089182274,1.0,0.03334616253429905
3,Mutualistic09_latent_only,2,4 vs 5,0,0.0,0.0,1.0,0.005,0.1076257856206057,0.521788958539354,0.8003343660780724,0.0007569915087055671,0.3452845704840853,-0.002966350479487409,0.0015402393096047354,0.07110640699427173,0.03963059954161934,0.0,0.16869211133490217
3,Mutualistic09_latent_only,2,4 vs 5,2,0.0,0.0,1.0,0.005,0.009707565498637391,0.03358410475181138,0.9913812913793199,7.381282315730053e-05,0.3973180226823117,-0.0002959404348772257,0.0017016384748437324,0.016176066123583216,0.009945355613339455,0.0,0.027561278855229947
3,Mutualistic09_latent_only,2,4 vs 5,3,0.0,0.0,1.0,0.005,0.006647686637502084,0.02444949902673351,0.9940933813440039,3.4191944436354384e-05,0.32464724240150855,-0.00013892327316422412,0.002090911132519126,0.019949009919420203,0.006987760428022197,0.5,0.02058668628810568
3,Mutualistic09_latent_only,2,4 vs 5,14,0.0,0.0,1.0,0.005,0.0012809830752419347,0.007646789298729694,0.9986947559295817,1.9028862514828012e-06,0.19472435782564448,-7.105177575524183e-06,0.013071729395380045,0.00698766511111976,0.001204736857734462,1.0,0.006042648215797987
3,Mutualistic09_latent_only,3,6 vs 7,0,0.0,0.0,1.0,0.005,0.10282157480399659,0.0661703293469358,0.9806243092455762,0.0006503388245386924,0.3693841573722819,-0.0031806450099387067,0.021990371580691413,0.06158773702141934,0.06500909340746225,0.0,0.17887045221125825
3,Mutualistic09_latent_only,3,6 vs 7,2,0.0,0.0,1.0,0.005,0.010489787529916205,0.03580864253354833,0.9901764519671177,1.6854168637671158e-05,0.36443772151115095,-5.9184717371108684e-05,0.04291322201173356,0.019540269324120056,0.013027804844239925,0.0,0.03340759148147512
3,Mutualistic09_latent_only,3,6 vs 7,3,0.0,0.0,1.0,0.005,0.007872956200562258,0.04458413847741929,0.9860294296386394,1.0053228118309524e-05,0.3374946827584125,-3.7393701124064465e-05,0.04325833892885675,0.016345807271910474,0.009559022123984833,0.5,0.02609713169488501
3,Mutualistic09_latent_only,3,6 vs 7,14,0.0,0.0,1.0,0.005,0.0012620054086313604,0.0018415397548295083,0.9997848285005447,2.454515568005979e-07,0.11117954361946025,-1.2121014693315994e-06,0.022431588196691048,0.0026368040670739844,0.0008490588094920237,1.0,0.0060197601015580466
3,Mutualistic09_latent_only,4,8 vs 9,0,0.0,0.0,1.0,0.005,0.06836019365235846,0.07996246470336585,0.9751278555139582,0.00037650648163377055,0.20579902114386253,-0.00182545107809153,0.03276110739704776,0.07078867450487218,0.028000148538341547,0.0,0.11596111929480066
3,Mutualistic09_latent_only,4,8 vs 9,2,0.0,0.0,1.0,0.005,0.009786767696842868,0.024769984918864483,0.9943946599960327,2.118638804917127e-05,0.12771010256194054,-9.89866997808852e-05,0.03678429015773408,0.011636970435923084,0.005612408088401277,0.0,0.02623936652820161
3,Mutualistic09_latent_only,4,8 vs 9,3,0.0,0.0,1.0,0.005,0.006637139037806303,0.018189370057525786,0.9962425067069682,1.277735753880753e-05,0.10461335185360401,-5.6017908525276694e-05,0.03560393810906309,0.008325424352462621,0.004362043290537723,0.5,0.02019688037243929
3,Mutualistic09_latent_only,4,8 vs 9,14,0.0,0.0,1.0,0.005,0.0014202572142784583,0.007095800019166571,0.9986498000773978,8.139818818408264e-07,0.11293263511454806,-3.179002731562929e-06,0.026526142189160308,0.0022083533694967628,0.0010615836251824302,1.0,0.006449873222315565
3,Mutualistic09_route_plus_latent,0,0 vs 1,0,2.0,0.0,1.0,0.005,0.18192243996135732,0.7065546379444447,0.7433719901328392,0.0020294867086181998,0.013470160664740995,-0.00843850554938012,0.0,0.0,0.0,0.0,0.2054093580772268
3,Mutualistic09_route_plus_latent,0,0 vs 1,2,2.0,0.0,1.0,0.005,0.03644983965824259,0.24399295671189086,0.929942545738626,0.00048690040551825425,0.03866267289490776,-0.0019424013555683988,0.0,0.0,0.0,0.0,0.04910254874762068
3,Mutualistic09_route_plus_latent,0,0 vs 1,3,2.0,0.0,1.0,0.005,0.03150192239975676,0.21374703848615606,0.9384817366904401,0.0006700264720108108,0.043037231199126294,-0.0026576330072860766,0.0,0.0,0.0,0.5,0.0428522434481915
3,Mutualistic09_route_plus_latent,0,0 vs 1,14,2.0,0.0,1.0,0.005,0.01514451972090025,0.12525999022925155,0.9619213050984322,0.00018039433327184017,0.10573296038869848,-0.0007133430187055406,0.0,0.0,0.0,1.0,0.02033513926088493
3,Mutualistic09_route_plus_latent,1,2 vs 3,0,2.0,0.0,1.0,0.005,0.20940010614217597,0.1867254095825743,0.9308106480760777,0.00022563779278708023,0.03490788175011093,-0.0009446594309299551,0.0010103557450665515,0.251820473656985,0.0441469019055961,0.0,0.2662478636236901
3,Mutualistic09_route_plus_latent,1,2 vs 3,2,2.0,0.0,1.0,0.005,0.06679120073293118,0.11347577292868431,0.9604548811912537,0.0005553050676079441,0.031787629358153394,-0.0027033165097236633,0.0009771791555396431,0.025365636178708458,0.006577339835782001,0.0,0.08426700992153045
3,Mutualistic09_route_plus_latent,1,2 vs 3,3,2.0,0.0,1.0,0.005,0.06063730392525805,0.12065621322773873,0.9588982234609887,0.0004180656959110433,0.03813436072557531,-0.0019285542930060245,0.0008685986443758357,0.03586754305882657,0.006502443592638728,0.5,0.07737393257148723
3,Mutualistic09_route_plus_latent,1,2 vs 3,14,2.0,0.0,1.0,0.005,0.023819746558574287,0.15051668279982627,0.952385738809058,0.00036495507842278615,0.05968282775002274,-0.001760843351106853,0.0007517039375864229,0.014621130448389561,0.0029513282166358005,1.0,0.03314205916955116
3,Mutualistic09_route_plus_latent,2,4 vs 5,0,2.0,0.0,1.0,0.005,0.09805289200170243,0.4267427211112164,0.8413876447271793,0.0006040071427204121,0.14847185336390234,-0.0017424860691770594,0.0007980111829268974,0.041049369461166434,0.03937852936685383,0.0,0.16001412351714803
3,Mutualistic09_route_plus_latent,2,4 vs 5,2,2.0,0.0,1.0,0.005,0.01242897311780364,0.060808915565622616,0.9781134889480916,2.855222575817304e-05,0.3550448607891164,-0.0001308035868358739,0.0011103904921873572,0.014667016939517665,0.012520621253296416,0.0,0.03559291572805415
3,Mutualistic09_route_plus_latent,2,4 vs 5,3,2.0,0.0,1.0,0.005,0.009411316691957255,0.05940589213624914,0.9776857584080798,7.618680513397422e-06,0.4453064609081187,-1.941201217631076e-05,0.0006526519609906245,0.012747633221380889,0.010025694807793232,0.5,0.028135664800697183
3,Mutualistic09_route_plus_latent,2,4 vs 5,14,2.0,0.0,1.0,0.005,0.001302407108286911,0.027155259802461938,0.9910892565199669,2.5953548106855956e-06,1.056471773918639,-1.0145763727895757e-05,0.0005797690708354918,0.006411845057687544,0.001448657421860844,1.0,0.007656047804320746
3,Mutualistic09_route_plus_latent,3,6 vs 7,0,2.0,0.0,1.0,0.005,0.10916458006868972,0.09733183095429807,0.9699431809973209,0.000493774788141154,0.3247918538115126,-0.00222683107440776,0.0009942741060203456,0.11804543282975848,0.07293167903504157,0.0,0.19522710192076703
3,Mutualistic09_route_plus_latent,3,6 vs 7,2,2.0,0.0,1.0,0.005,0.005946175393430476,0.02939655389042294,0.993636871906037,1.720554862603944e-05,0.154347503438909,-8.502897826280999e-05,0.0004735647834171145,0.008709356386927849,0.005227369409886763,0.0,0.022330080337346868
3,Mutualistic09_route_plus_latent,3,6 vs 7,3,2.0,0.0,1.0,0.005,0.004841394415323405,0.010913629783317447,0.9981127685688912,5.532366269611149e-06,0.14679470531483915,-2.746397946426209e-05,0.0005228366418568259,0.005978517189740818,0.003760862240983926,0.5,0.01859413503490864
3,Mutualistic09_route_plus_latent,3,6 vs 7,14,2.0,0.0,1.0,0.005,0.0015348327628515186,0.0009738977470910771,0.9998913014188726,1.8033080504031377e-07,0.12963575901503258,-8.908645348980072e-07,0.0005194915143062084,0.0022240333875859198,0.0010694201015173754,1.0,0.008128568193221346
3,Mutualistic09_route_plus_latent,4,8 vs 9,0,2.0,0.0,1.0,0.005,0.0709376104096783,0.06712019263192061,0.9799071258686959,0.00018575830681390683,0.4387860121403603,-0.0008222394761569957,0.0005407510567586523,0.051935240497186896,0.029454478644765913,0.0,0.12131183475573012
3,Mutualistic09_route_plus_latent,4,8 vs 9,2,2.0,0.0,1.0,0.005,0.011500824331999459,0.018119022666298328,0.9961078433280296,4.046677142294821e-05,0.6469067297083266,-0.00017352983791460382,0.00032426464786886814,0.009117640049612902,0.005615874371947127,0.0,0.028694796475007178
3,Mutualistic09_route_plus_latent,4,8 vs 9,3,2.0,0.0,1.0,0.005,0.008349585128908462,0.01639323691500628,0.9963679630705651,2.3964603600534053e-05,0.6907529551932152,-9.271498531737226e-05,0.00034190854200866677,0.0071304552504753175,0.004423253253062672,0.5,0.022940558638978512
3,Mutualistic09_route_plus_latent,4,8 vs 9,14,2.0,0.0,1.0,0.005,0.0015845667630275512,0.006345952370580524,0.9987013022950355,9.767855038098013e-07,1.0512431276605485,-3.762419355359483e-06,0.00024246468738636665,0.0027110389052355226,0.0011629807215401942,1.0,0.0074198951528585974
3,Mutualistic09_full_functional_memory,0,0 vs 1,0,2.0,1.0,1.0,0.006,0.18197374576900868,0.6592668884612144,0.7599674095498755,0.0017253758202020841,0.01612696365648051,-0.006817442345175337,0.0,0.0,0.0,0.0,0.20580355157243443
3,Mutualistic09_full_functional_memory,0,0 vs 1,2,2.0,1.0,1.0,0.006,0.037326198269395115,0.22096965668049265,0.9363823748649435,0.0003961847853038259,0.03950553113951328,-0.0015332577551933045,0.0,0.0,0.0,0.0,0.05015392752086863
3,Mutualistic09_full_functional_memory,0,0 vs 1,3,2.0,1.0,1.0,0.006,0.03084957220175482,0.21039637463523986,0.9388300586254039,0.0006069485376970756,0.04687596207603495,-0.0025068440454754422,0.0,0.0,0.0,0.5,0.04223494528931506
3,Mutualistic09_full_functional_memory,0,0 vs 1,14,2.0,1.0,1.0,0.006,0.004920086009735043,0.13810447207156648,0.9569597776899946,0.00010829589760721725,0.06755904494685695,-0.00029780008666653265,0.0,0.0,0.0,1.0,0.010305135609938744
3,Mutualistic09_full_functional_memory,1,2 vs 3,0,2.0,1.0,1.0,0.006,0.2272738683572475,0.16829626523750893,0.9419579391783857,0.001495087254199384,0.05927679645383057,-0.006263236178362623,0.000745712899757525,0.0306130510614318,0.0390532164353917,0.0,0.3116159110944322
3,Mutualistic09_full_functional_memory,1,2 vs 3,2,2.0,1.0,1.0,0.006,0.0730610071740886,0.030210883931276647,0.9934125352413097,0.00013897378888012756,0.10383938379744266,-0.0005136390632771432,0.0007327782120828101,0.012393939105714572,0.009733770112011661,0.0,0.10754517925546524
3,Mutualistic09_full_functional_memory,1,2 vs 3,3,2.0,1.0,1.0,0.006,0.06400624932126796,0.020891886878203838,0.9956483473169043,7.697292086107909e-05,0.1149302843086263,-0.00024568253850683255,0.000731112877929263,0.006346227219724592,0.008695448491167514,0.5,0.08965986840268399
3,Mutualistic09_full_functional_memory,1,2 vs 3,14,2.0,1.0,1.0,0.006,0.028785228352755942,0.005597376200231783,0.9991897369952912,6.424956753330371e-06,0.4934857519383126,-2.000379831867015e-05,0.0006818919778197596,0.002171476743124584,0.003658903950944226,1.0,0.04093722808868327
3,Mutualistic09_full_functional_memory,2,4 vs 5,0,2.0,1.0,1.0,0.006,0.16138001598734805,0.268216147543268,0.8995164556706206,0.0026719354840911654,0.061284846229914654,-0.012869697777514762,0.0004044420027039837,0.02113921077160101,0.03316729379931782,0.0,0.23298910941849363
3,Mutualistic09_full_functional_memory,2,4 vs 5,2,2.0,1.0,1.0,0.006,0.012367988342141851,0.032343045075206044,0.9916346757969958,2.751489021048133e-05,0.06222558798308068,-0.00011519283214782147,0.0004191631008838003,0.0026934083769137554,0.012075917567423683,0.0,0.035724719352227575
3,Mutualistic09_full_functional_memory,2,4 vs 5,3,2.0,1.0,1.0,0.006,0.009397556163132825,0.020390499224688146,0.995061641043805,2.390865612345264e-05,0.06355446608776742,-0.00010333109171466625,0.00031742091629955956,0.0015059022166013243,0.009209154183639491,0.5,0.027667195556011607
3,Mutualistic09_full_functional_memory,2,4 vs 5,14,2.0,1.0,1.0,0.006,0.0010351659309000094,0.03836138986368129,0.9869518812666548,8.248801751346462e-06,0.01442540295303185,-4.119759653397697e-05,0.0004198980122190675,0.0003553506936209197,0.0005035096224635206,1.0,0.006355583806462744
3,Mutualistic09_full_functional_memory,3,6 vs 7,0,2.0,1.0,1.0,0.006,0.09563091425026984,0.108090599959201,0.9569935671826626,0.0037183646220116918,0.156907817249761,-0.01826807535550696,0.0008402249053920349,0.01335686704882107,0.057731116537321756,0.0,0.1810212382610808
3,Mutualistic09_full_functional_memory,3,6 vs 7,2,2.0,1.0,1.0,0.006,0.010754424216661682,0.010851454495036222,0.997974361510987,1.0559446556068538e-05,0.1266566568866689,-4.421371689185183e-05,0.00020859699118753926,0.001117209434519185,0.008579940564851177,0.0,0.03076364092053251
3,Mutualistic09_full_functional_memory,3,6 vs 7,3,2.0,1.0,1.0,0.006,0.00810247576458657,0.006964139447131372,0.9988863835943506,5.371684437704971e-06,0.09430833176729526,-2.2081281752028363e-05,0.00018737155149675016,0.0008423793082561423,0.006616909170840332,0.5,0.024635197515500352
3,Mutualistic09_full_functional_memory,3,6 vs 7,14,2.0,1.0,1.0,0.006,0.002013010230470211,0.00124664148167172,0.9998597528072114,3.317702969089875e-07,0.06291848429022952,-1.2870828442751093e-06,0.0001972784511479481,0.0003286831937309236,0.0015007273759692907,1.0,0.008466117916272041
3,Mutualistic09_full_functional_memory,4,8 vs 9,0,2.0,1.0,1.0,0.006,0.08844212684384052,0.22447455278102388,0.9167768866457837,0.0017552410199448089,0.1695120020749721,-0.007779165091825292,0.00016992625849989633,0.010362965933033612,0.02437630215872753,0.0,0.145247618013874
3,Mutualistic09_full_functional_memory,4,8 vs 9,2,2.0,1.0,1.0,0.006,0.011027076132991847,0.13691061449811814,0.9508295782068943,0.00029070179663633213,0.08185482421453963,-0.0013677403429879786,0.00019787100836765603,0.001679908615497357,0.005560344580481661,0.0,0.030955572632399012
3,Mutualistic09_full_functional_memory,4,8 vs 9,3,2.0,1.0,1.0,0.006,0.007209099309043365,0.1340254619717598,0.9473067293775842,0.0001253327055236057,0.1100250539627481,-0.0006028098014599465,0.0001770584409856151,0.0011759697524038083,0.004101591417565942,0.5,0.023305823550896443
3,Mutualistic09_full_functional_memory,4,8 vs 9,14,2.0,1.0,1.0,0.006,0.0014788453650482474,0.00833270555372013,0.9979734877322582,7.044063394801015e-07,0.3334949194116795,-3.1172456417946104e-06,0.0001520221511119668,0.0002704187382403959,0.000816762262826508,1.0,0.00718481011411294
4,Mutualistic09_distill_only,0,0 vs 1,0,0.0,1.0,0.0,0.005,0.19452416801706274,0.4052205589857507,0.8576535588883339,0.000494123036371596,0.1127844654971689,-0.0012777275306747316,0.0,0.0,0.0,0.0,0.21436109235312076
4,Mutualistic09_distill_only,0,0 vs 1,2,0.0,1.0,0.0,0.005,0.036952265171690826,0.1698745828359685,0.9528690031234254,0.00045881537257047697,0.05712537067209152,-0.000267526323094647,0.0,0.0,0.0,0.0,0.049088867698261075
4,Mutualistic09_distill_only,0,0 vs 1,3,0.0,1.0,0.0,0.005,0.031393144329256835,0.1671889268971504,0.9534522472543919,0.00021750533316198346,0.06322292189430842,0.00036765537918248076,0.0,0.0,0.0,0.5,0.042202017448366956
4,Mutualistic09_distill_only,0,0 vs 1,14,0.0,1.0,0.0,0.005,0.009118813729072188,0.12488784260572271,0.9631621457160787,0.0002799537065739253,0.09837168744428361,-0.0013285021352125927,0.0,0.0,0.0,1.0,0.01431346414214436
4,Mutualistic09_distill_only,1,2 vs 3,0,0.0,1.0,0.0,0.005,0.18898364057407735,0.32719325892468715,0.8787739999750828,0.005124284210340077,0.03438168404802049,-0.025035574675557462,0.0005430650654547053,0.06437118102904277,0.2709680032666198,0.0,0.27232736697856413
4,Mutualistic09_distill_only,1,2 vs 3,2,0.0,1.0,0.0,0.005,0.0732580970259423,0.37479126389990464,0.8598872499263033,0.00040153321027262676,0.06611307273480169,-0.0016622296831709273,0.0006997219722719858,0.009914863889323586,0.1670154887945094,0.0,0.09684928609652722
4,Mutualistic09_distill_only,1,2 vs 3,3,0.0,1.0,0.0,0.005,0.06774379832154893,0.39200985938944716,0.8529472909075149,0.0004157456963552482,0.049736015032976866,-0.00183494507949403,0.0005683007902433096,0.0067816028579514714,0.1484263095449894,0.5,0.08745605982047447
4,Mutualistic09_distill_only,1,2 vs 3,14,0.0,1.0,0.0,0.005,0.021043746791621472,0.34720494075024383,0.8741543787591001,0.0003326913893928615,0.06541372575807049,-0.0015967190216117082,0.0006727249366567195,0.0037082106424891886,0.09884676749401904,1.0,0.032708124852085366
4,Mutualistic09_distill_only,2,4 vs 5,0,0.0,1.0,0.0,0.005,0.10467591834195117,0.17279815919538763,0.9420422049278908,0.0007363020995398983,0.5268818404763302,-0.003050246593007382,0.0012070221465422793,0.0272312082686651,0.23094440919366924,0.0,0.16016690686662147
4,Mutualistic09_distill_only,2,4 vs 5,2,0.0,1.0,0.0,0.005,0.005125495149417126,0.05133573160051031,0.980976605668981,4.329893495389811e-05,0.40903434252485316,-0.00016796135621026476,0.0009623983316990408,0.005806158480056106,0.2711537737161555,0.0,0.02394474836740088
4,Mutualistic09_distill_only,2,4 vs 5,3,0.0,1.0,0.0,0.005,0.003745762150774294,0.05141402368849896,0.9810827336412795,1.7021616480647897e-05,0.30943011571752266,-6.153604431830822e-05,0.0009387540587650097,0.0030864700724549114,0.24821751612298032,0.5,0.01809510315193775
4,Mutualistic09_distill_only,2,4 vs 5,14,0.0,1.0,0.0,0.005,0.0011022557873536455,0.030258135810652946,0.9898424643151303,3.1899534713010993e-06,0.1990681601331589,-1.2826214128352226e-05,0.0006271412775992971,0.0006977025774911918,0.1350762886886901,1.0,0.0070576495788198836
4,Mutualistic09_distill_only,3,6 vs 7,0,0.0,1.0,0.0,0.005,0.08343855339161893,0.04629870595291574,0.9875268276701582,0.000469872808103088,0.24434665245737167,-0.002169215774282496,0.0007147412995456104,0.014414843214426388,0.3589938318683825,0.0,0.12501757544405917
4,Mutualistic09_distill_only,3,6 vs 7,2,0.0,1.0,0.0,0.005,0.005678000126747375,0.019197041188624312,0.9954947727791806,4.9960919630229135e-05,0.1935288849029135,-0.00023765892701897216,0.0008151810280322295,0.0010077459229889544,0.2717649606948203,0.0,0.022187258968962
4,Mutualistic09_distill_only,3,6 vs 7,3,0.0,1.0,0.0,0.005,0.004371407818286977,0.01597961563458468,0.9962471114828232,3.157780126234974e-05,0.19443904021953015,-0.00015086889702906,0.0006833405502046399,0.0006648126712187807,0.24469421930769655,0.5,0.018626501902620843
4,Mutualistic09_distill_only,3,6 vs 7,14,0.0,1.0,0.0,0.005,0.001349552066382417,0.0031308706941459564,0.9993170525165315,5.500832140241946e-07,0.184828168851264,-2.6549430603676654e-06,0.0007422414159048051,0.0002699154729464468,0.14765166190076381,1.0,0.007926316505813219
4,Mutualistic09_distill_only,4,8 vs 9,0,0.0,1.0,0.0,0.005,0.13273290485302183,0.06461482820041636,0.9763623755028907,0.0012191120070388314,0.3539879884065545,-0.0057574627485047,0.0008558933873923417,0.02090910420862743,0.14515666271797678,0.0,0.18025832765914024
4,Mutualistic09_distill_only,4,8 vs 9,2,0.0,1.0,0.0,0.005,0.008264920733710553,0.02263961839390562,0.9934143550852512,7.915992892459686e-05,0.4365132666648702,-0.00037815428755067767,0.000745658152811031,0.0032086437840529894,0.2299444482047507,0.0,0.027105121417565547
4,Mutualistic09_distill_only,4,8 vs 9,3,0.0,1.0,0.0,0.005,0.006436766987230549,0.02238502710106525,0.9934985586937438,0.0001170482874916867,0.4178472376884298,-0.0005612341845606236,0.000658501610853412,0.002480216096452576,0.223612239703219,0.5,0.02223837601536132
4,Mutualistic09_distill_only,4,8 vs 9,14,0.0,1.0,0.0,0.005,0.0014652935664189305,0.007691421001119182,0.9979170256472648,5.612769627152781e-06,0.47625052168014204,-2.7444627274699668e-05,0.0009473360897824564,0.0004532136743828813,0.1392376809678179,1.0,0.00755848238205022
4,Mutualistic09_route_memory_only,0,0 vs 1,0,2.0,0.0,0.0,0.005,0.19452416801706274,0.4052205589857507,0.8576535588883339,0.000494123036371596,0.1127844654971689,-0.0012777275306747316,0.0,0.0,0.0,0.0,0.21436109235312076
4,Mutualistic09_route_memory_only,0,0 vs 1,2,2.0,0.0,0.0,0.005,0.036952265171690826,0.1698745828359685,0.9528690031234254,0.00045881537257047697,0.05712537067209152,-0.000267526323094647,0.0,0.0,0.0,0.0,0.049088867698261075
4,Mutualistic09_route_memory_only,0,0 vs 1,3,2.0,0.0,0.0,0.005,0.031393144329256835,0.1671889268971504,0.9534522472543919,0.00021750533316198346,0.06322292189430842,0.00036765537918248076,0.0,0.0,0.0,0.5,0.042202017448366956
4,Mutualistic09_route_memory_only,0,0 vs 1,14,2.0,0.0,0.0,0.005,0.009118813729072188,0.12488784260572271,0.9631621457160787,0.0002799537065739253,0.09837168744428361,-0.0013285021352125927,0.0,0.0,0.0,1.0,0.01431346414214436
4,Mutualistic09_route_memory_only,1,2 vs 3,0,2.0,0.0,0.0,0.005,0.18201774842244514,0.2216765175157405,0.9233835808774258,0.0042157073778767845,0.15306106862919208,-0.02082351523827999,0.0009382162390388561,0.3644699576011493,0.3552390851013541,0.0,0.20136756608460812
4,Mutualistic09_route_memory_only,1,2 vs 3,2,2.0,0.0,0.0,0.005,0.06953285923822129,0.13971821995491676,0.956037534044144,0.0008384988364691418,0.044924993537666096,-0.0035077434112416937,0.0009227931744696453,0.9548766777870503,0.2833840444366983,0.0,0.081753126087975
4,Mutualistic09_route_memory_only,1,2 vs 3,3,2.0,0.0,0.0,0.005,0.06534758717455763,0.13119861071414135,0.9586635485608527,0.0008555794105864442,0.15776220110846942,-0.0038049461498380977,0.0009536419835599868,0.9935712966513126,0.25930702527786825,0.5,0.07655761501890548
4,Mutualistic09_route_memory_only,1,2 vs 3,14,2.0,0.0,0.0,0.005,0.030894274892721403,0.1350279859405883,0.9558142284129528,0.00034772993116193707,0.12927340494191392,-0.0014918533431247194,0.0007421736823124911,1.4494276807663289,0.16680859917021812,1.0,0.03747030938083821
4,Mutualistic09_route_memory_only,2,4 vs 5,0,2.0,0.0,0.0,0.005,0.11736913856634117,0.18025259602260083,0.9322700322942531,0.00044008475119708694,0.4658842728611954,-0.002104672296170859,0.001214148385073752,0.5201378882342629,0.41906834232492096,0.0,0.1525850925753091
4,Mutualistic09_route_memory_only,2,4 vs 5,2,2.0,0.0,0.0,0.005,0.006159196657306971,0.043840602515859806,0.9859649247311532,5.052485632442634e-05,0.3515772223472595,-0.00024550475001810715,0.0010451938600299206,0.811904084175191,0.36649605568419114,0.0,0.020275342971720595
4,Mutualistic09_route_memory_only,2,4 vs 5,3,2.0,0.0,0.0,0.005,0.004452263366708413,0.041558259622530735,0.9868692400607657,3.0984742052831346e-05,0.2908448783007074,-0.00014855932602857023,0.0010246432295311838,0.7301247157949082,0.3153231752679703,0.5,0.01656938203551034
4,Mutualistic09_route_memory_only,2,4 vs 5,14,2.0,0.0,0.0,0.005,0.0012649164133843906,0.024636795665038392,0.9919569352839855,2.235083541154449e-06,0.3172227445435017,-1.0664663971104521e-05,0.0007053136245342605,0.807430144320143,0.1900295722991862,1.0,0.006929153774647002
4,Mutualistic09_route_memory_only,3,6 vs 7,0,2.0,0.0,0.0,0.005,0.0790600977278255,0.03216319281528605,0.9906857241975501,0.00038019955131982265,0.2047558042835048,-0.0018765654370307605,0.000986166294364437,1.8823805098293487,1.079067167508951,0.0,0.11508042151306538
4,Mutualistic09_route_memory_only,3,6 vs 7,2,2.0,0.0,0.0,0.005,0.006606482058525719,0.01513439159285515,0.99538140220845,3.893885418152002e-06,0.09669020423229704,-1.5144811031666208e-05,0.0010058321789442066,0.9293091423968052,0.4784182753968746,0.0,0.02148255174781414
4,Mutualistic09_route_memory_only,3,6 vs 7,3,2.0,0.0,0.0,0.005,0.004825183814589648,0.016368861699060714,0.9944097716757592,3.850060894161149e-06,0.0839416615347913,-1.668705149216855e-05,0.0009251272416069231,0.7801600504428783,0.3942784888947264,0.5,0.017355381412074922
4,Mutualistic09_route_memory_only,3,6 vs 7,14,2.0,0.0,0.0,0.005,0.0011456366281639388,0.00872718874721768,0.9976496747199525,1.378387155715158e-07,0.11671563111087109,-6.133700384104505e-07,0.0007374432149090547,0.6715661591671883,0.22406150273820188,1.0,0.006554879921864956
4,Mutualistic09_route_memory_only,4,8 vs 9,0,2.0,0.0,0.0,0.005,0.09074140468889728,0.03426645852209247,0.9865953009179298,0.0006218612436648148,0.5972451321344744,-0.0021671957058950943,0.001132443635179562,1.5469049178964849,1.0645879281962172,0.0,0.12325539328950516
4,Mutualistic09_route_memory_only,4,8 vs 9,2,2.0,0.0,0.0,0.005,0.009069934081127669,0.0088197861121908,0.9968014904793273,1.7516473468696798e-05,0.7180611579976184,-7.648626837800158e-05,0.0007682577855488721,0.75001012898506,0.5726797973856013,0.0,0.02212968199176991
4,Mutualistic09_route_memory_only,4,8 vs 9,3,2.0,0.0,0.0,0.005,0.006772661685666188,0.008322355866263759,0.9969045976375012,1.924126352432728e-06,0.4310613953052683,-3.2779334628201545e-06,0.0006817965373518243,0.7399930649615348,0.5274224338379312,0.5,0.0179077873323509
4,Mutualistic09_route_memory_only,4,8 vs 9,14,2.0,0.0,0.0,0.005,0.0011104519374946014,0.008340039041557131,0.9970601797103882,2.823675995212432e-07,0.5804493046821432,-7.396781856709338e-07,0.000879968271313354,0.6905220265084124,0.2860740822680453,1.0,0.006613858658424083
4,Mutualistic09_latent_only,0,0 vs 1,0,0.0,0.0,1.0,0.005,0.19452416801706274,0.4052205589857507,0.8576535588883339,0.000494123036371596,0.1127844654971689,-0.0012777275306747316,0.0,0.0,0.0,0.0,0.21436109235312076
4,Mutualistic09_latent_only,0,0 vs 1,2,0.0,0.0,1.0,0.005,0.036952265171690826,0.1698745828359685,0.9528690031234254,0.00045881537257047697,0.05712537067209152,-0.000267526323094647,0.0,0.0,0.0,0.0,0.049088867698261075
4,Mutualistic09_latent_only,0,0 vs 1,3,0.0,0.0,1.0,0.005,0.031393144329256835,0.1671889268971504,0.9534522472543919,0.00021750533316198346,0.06322292189430842,0.00036765537918248076,0.0,0.0,0.0,0.5,0.042202017448366956
4,Mutualistic09_latent_only,0,0 vs 1,14,0.0,0.0,1.0,0.005,0.009118813729072188,0.12488784260572271,0.9631621457160787,0.0002799537065739253,0.09837168744428361,-0.0013285021352125927,0.0,0.0,0.0,1.0,0.01431346414214436
4,Mutualistic09_latent_only,1,2 vs 3,0,0.0,0.0,1.0,0.005,0.19325060195269736,0.2656326228950886,0.9130046583236532,0.0067991758312037995,0.03937487149217285,-0.03258457452930669,0.0024725284210557644,0.1806130802043744,0.03774747729519422,0.0,0.2429942881807368
4,Mutualistic09_latent_only,1,2 vs 3,2,0.0,0.0,1.0,0.005,0.06933893207856949,0.25761396517144874,0.9214509725570679,0.0008312145443422661,0.022718363816780534,-0.003332150901885743,0.0014901452691930821,0.03737347970340163,0.009328384021733036,0.0,0.08842001007275378
4,Mutualistic09_latent_only,1,2 vs 3,3,0.0,0.0,1.0,0.005,0.06133309222678555,0.2987036362607428,0.9065609472863217,0.0008302651623957803,0.019555155468047,-0.0031960470245239584,0.0009063347459503232,0.0351484852070187,0.007862284675517932,0.5,0.07858695922062751
4,Mutualistic09_latent_only,1,2 vs 3,14,0.0,0.0,1.0,0.005,0.03169532290640029,0.2177124594120269,0.9283274741882973,0.0005807252280724339,0.04709327330272843,-0.002203180538886722,0.0009517427088019062,0.022425975665410467,0.0031001379346831683,1.0,0.04041592190240292
4,Mutualistic09_latent_only,2,4 vs 5,0,0.0,0.0,1.0,0.005,0.1224995286580413,0.225327526952358,0.9194470441087763,0.0007653668266395973,0.43688303027103875,-0.0032146103244195595,0.0011243340193957804,0.07116062438824478,0.03611433736799146,0.0,0.17754550833017269
4,Mutualistic09_latent_only,2,4 vs 5,2,0.0,0.0,1.0,0.005,0.010259165478117288,0.02594876487521415,0.9929992264889657,3.5912472441773295e-05,0.25503606523605105,-0.00016508220714774537,0.001164139954353425,0.01567323716912181,0.008340621446358396,0.0,0.02779269075774132
4,Mutualistic09_latent_only,2,4 vs 5,3,0.0,0.0,1.0,0.005,0.007344298639354554,0.024948112309930173,0.9932933005880802,1.9180844393749213e-05,0.22766952819012581,-8.740898300992682e-05,0.0011328018116863801,0.012347457707522715,0.005825170816140289,0.5,0.021039902727971686
4,Mutualistic09_latent_only,2,4 vs 5,14,0.0,0.0,1.0,0.005,0.0013199696946453224,0.013462293576052848,0.9970804503623475,5.379809693142712e-07,0.5852232886121628,-2.4902723491825954e-06,0.002937332087969209,0.007963636912346046,0.0009795407222167767,1.0,0.006208959204006068
4,Mutualistic09_latent_only,3,6 vs 7,0,0.0,0.0,1.0,0.005,0.13617880634487944,0.050744059673966245,0.9869753414012016,0.0005027458341925361,0.27419368944011946,-0.0023836006033927837,0.010374348905393259,0.06941797107011805,0.06839830588866422,0.0,0.21437908233480252
4,Mutualistic09_latent_only,3,6 vs 7,2,0.0,0.0,1.0,0.005,0.011494749552629729,0.02940360535966589,0.9945325876804109,3.3392888570794657e-06,0.42739853643356485,-1.3317665124827243e-05,0.02800161232973667,0.010655510090687808,0.011894552027212178,0.0,0.03374598060358078
4,Mutualistic09_latent_only,3,6 vs 7,3,0.0,0.0,1.0,0.005,0.008645573046375463,0.017977802499019084,0.9969301439346151,1.2160120480104447e-06,0.4856418491678035,-4.980287098504128e-06,0.02857574979041485,0.00814401330624489,0.008622682643459832,0.5,0.026268122836630395
4,Mutualistic09_latent_only,3,6 vs 7,14,0.0,0.0,1.0,0.005,0.002094516290371564,0.004290618804937347,0.9993970990180969,7.160235884112624e-08,0.5154562104255596,-3.4047518559592833e-07,0.025121768579838125,0.0025179375339537224,0.0019254254528935603,1.0,0.008517885025828443
4,Mutualistic09_latent_only,4,8 vs 9,0,0.0,0.0,1.0,0.005,0.08617828304859552,0.1187402708654074,0.9534766001904265,0.0012252145829056934,0.34939764601554957,-0.004256555037771134,0.004616272903265471,0.08955725201265019,0.034244460083464996,0.0,0.14000121163243942
4,Mutualistic09_latent_only,4,8 vs 9,2,0.0,0.0,1.0,0.005,0.00860895961523056,0.013884842247167167,0.9972285501500393,1.7070401994753912e-05,0.1307940348348719,-5.8711942364560796e-05,0.001971238576361236,0.017599124956796778,0.008522920350128032,0.0,0.027996283143441728
4,Mutualistic09_latent_only,4,8 vs 9,3,0.0,0.0,1.0,0.005,0.006559422214892,0.009731915284027445,0.9982391798749883,9.579623807401228e-06,0.1703535687733204,-3.1871820225360546e-05,0.002759936872493238,0.013511360969711492,0.006635066181262757,0.5,0.022585865942404627
4,Mutualistic09_latent_only,4,8 vs 9,14,0.0,0.0,1.0,0.005,0.0016103750392001993,0.0021284340578626763,0.9997149109840393,5.028740754683663e-07,0.17995273179196297,-1.2905282424168384e-06,0.008929035596628773,0.0023433777325330895,0.0012550286359173503,1.0,0.0070344782731634505
4,Mutualistic09_route_plus_latent,0,0 vs 1,0,2.0,0.0,1.0,0.005,0.19452416801706274,0.4052205589857507,0.8576535588883339,0.000494123036371596,0.1127844654971689,-0.0012777275306747316,0.0,0.0,0.0,0.0,0.21436109235312076
4,Mutualistic09_route_plus_latent,0,0 vs 1,2,2.0,0.0,1.0,0.005,0.036952265171690826,0.1698745828359685,0.9528690031234254,0.00045881537257047697,0.05712537067209152,-0.000267526323094647,0.0,0.0,0.0,0.0,0.049088867698261075
4,Mutualistic09_route_plus_latent,0,0 vs 1,3,2.0,0.0,1.0,0.005,0.031393144329256835,0.1671889268971504,0.9534522472543919,0.00021750533316198346,0.06322292189430842,0.00036765537918248076,0.0,0.0,0.0,0.5,0.042202017448366956
4,Mutualistic09_route_plus_latent,0,0 vs 1,14,2.0,0.0,1.0,0.005,0.009118813729072188,0.12488784260572271,0.9631621457160787,0.0002799537065739253,0.09837168744428361,-0.0013285021352125927,0.0,0.0,0.0,1.0,0.01431346414214436
4,Mutualistic09_route_plus_latent,1,2 vs 3,0,2.0,0.0,1.0,0.005,0.19311678607730157,0.2727984545078683,0.9086616445094982,0.006186661532642865,0.06370830464429479,-0.03034317620257114,0.0012412322971903586,0.15649971354662526,0.03563234913583964,0.0,0.24364022863038043
4,Mutualistic09_route_plus_latent,1,2 vs 3,2,2.0,0.0,1.0,0.005,0.07014475612247244,0.25519716486017757,0.9196804013658078,0.0005759729969252069,0.09873659585006882,-0.002062637596688372,0.0008098243031665643,0.035022484416023215,0.008117448246265029,0.0,0.09020296143407518
4,Mutualistic09_route_plus_latent,1,2 vs 3,3,2.0,0.0,1.0,0.005,0.06244391902409335,0.27633884866186914,0.9119004429654872,0.0005624971939654488,0.05105505994659789,-0.0021423688951007864,0.0006170551522642354,0.040221846226523535,0.00704561973466201,0.5,0.08038216432992448
4,Mutualistic09_route_plus_latent,1,2 vs 3,14,2.0,0.0,1.0,0.005,0.02438340364568966,0.2656831592321396,0.909088671207428,0.00025003084962744207,0.06172135249374712,-0.0008158154582525504,0.0007997482687332717,0.02825863658391098,0.0035266921573140204,1.0,0.035531055717233646
4,Mutualistic09_route_plus_latent,2,4 vs 5,0,2.0,0.0,1.0,0.005,0.13216912126208238,0.2574819597475072,0.9096700041852099,0.0006308815954980673,0.3575103125297167,-0.0026612920052510626,0.0009203884049945392,0.07753114394933057,0.03422243598888212,0.0,0.18766704669341128
4,Mutualistic09_route_plus_latent,2,4 vs 5,2,2.0,0.0,1.0,0.005,0.008461062063245064,0.046620967936642624,0.9891686312695767,3.975638421078211e-05,0.4797594540930809,-0.0001742130720076409,0.0010542656179128012,0.0169483787439605,0.006269217216152143,0.0,0.02718166305505215
4,Mutualistic09_route_plus_latent,2,4 vs 5,3,2.0,0.0,1.0,0.005,0.006011327168844799,0.03982729397397092,0.9911652663920788,1.8677629939586352e-05,0.6718533571730269,-8.49082877740581e-05,0.0010529170415774136,0.012042859747530298,0.004146095593162673,0.5,0.020916307463924935
4,Mutualistic09_route_plus_latent,2,4 vs 5,14,2.0,0.0,1.0,0.005,0.001342200428901359,0.012265525599743457,0.9973018397676184,1.9588007696614674e-06,1.373008480731477,-9.163810395972525e-06,0.0005806845884046894,0.006053860512304496,0.0008511105286046625,1.0,0.007321777703993498
4,Mutualistic09_route_plus_latent,3,6 vs 7,0,2.0,0.0,1.0,0.005,0.12708968970369786,0.05785627425351041,0.9844987595334966,0.0017371325053279585,0.19465958480128742,-0.008221949549748543,0.0009941520908428852,0.13310162515373244,0.07262237105974333,0.0,0.21362385058656652
4,Mutualistic09_route_plus_latent,3,6 vs 7,2,2.0,0.0,1.0,0.005,0.013214035633396595,0.020665220064210132,0.9963412563851539,1.543342431858114e-05,1.3016013756711433,-6.376043398012506e-05,0.0010704696803859018,0.014278028457564242,0.013910921052732367,0.0,0.03947563758714402
4,Mutualistic09_route_plus_latent,3,6 vs 7,3,2.0,0.0,1.0,0.005,0.009551142758511483,0.011982728192146788,0.998034231206204,5.854357194503462e-06,1.5257696420588391,-2.4464605574278123e-05,0.0008412213699441364,0.008345901827387352,0.009958066868575964,0.5,0.03027150752221016
4,Mutualistic09_route_plus_latent,3,6 vs 7,14,2.0,0.0,1.0,0.005,0.0023093375134618675,0.0029908220031041096,0.9994996925617786,5.102701579665848e-07,1.9592841736813809,-2.1221522400353816e-06,0.0006275666125881625,0.0024079613986999746,0.002026371811417506,1.0,0.010574850669883668
4,Mutualistic09_route_plus_latent,4,8 vs 9,0,2.0,0.0,1.0,0.005,0.06842669981353461,0.16466414207156668,0.9343841456352396,0.0022651006639012425,0.5161581453334718,-0.010189695501739674,0.0010865063875903711,0.11460352988105443,0.03702001507453462,0.0,0.13448161837902475
4,Mutualistic09_route_plus_latent,4,8 vs 9,2,2.0,0.0,1.0,0.005,0.009213745732732277,0.029193541193579104,0.9941047189083505,1.9146643072862718e-05,1.7264504001495686,-7.682293653488159e-05,0.0007568670779174352,0.024941064575885203,0.009810132123133603,0.0,0.032167549106351875
4,Mutualistic09_route_plus_latent,4,8 vs 9,3,2.0,0.0,1.0,0.005,0.006599717476266496,0.026698365708456396,0.9947057810235531,1.1114453337405452e-05,1.8094563103736716,-4.410343442825561e-05,0.000618199683927703,0.0201726880201951,0.007853009103936083,0.5,0.02550562641563568
4,Mutualistic09_route_plus_latent,4,8 vs 9,14,2.0,0.0,1.0,0.005,0.0016389875697526842,0.0020911242178779967,0.9996976687553081,8.022204704782639e-08,1.1886073984998338,-2.9758233180705535e-07,0.000731202865705548,0.003958638002006139,0.0016799693867722725,1.0,0.008832547744300137
4,Mutualistic09_full_functional_memory,0,0 vs 1,0,2.0,1.0,1.0,0.006,0.1938159401984291,0.37260187147779666,0.868034415422602,0.0003016599724666795,0.1397867686317384,-0.00045872226040414037,0.0,0.0,0.0,0.0,0.21363009615464412
4,Mutualistic09_full_functional_memory,0,0 vs 1,2,2.0,1.0,1.0,0.006,0.036871112248999006,0.1484936331497862,0.9582197057439926,0.00036887362339837906,0.06520440366039885,-0.00011228001181115495,0.0,0.0,0.0,0.0,0.049127246352269296
4,Mutualistic09_full_functional_memory,0,0 vs 1,3,2.0,1.0,1.0,0.006,0.03106546151313059,0.14676205560247949,0.958923692398883,0.00026359248616419326,0.057997135757567715,-5.13093149725427e-05,0.0,0.0,0.0,0.5,0.04193485603529088
4,Mutualistic09_full_functional_memory,0,0 vs 1,14,2.0,1.0,1.0,0.006,0.01167859444196554,0.11269106937849775,0.9658673380283599,0.0003094685503902896,0.08708144278523136,-0.0011062400559201202,0.0,0.0,0.0,1.0,0.017028169904617554
4,Mutualistic09_full_functional_memory,1,2 vs 3,0,2.0,1.0,1.0,0.006,0.19254398330094966,0.2809026298370767,0.908426581545079,0.0021033925277538887,0.36995825771504937,-0.008941016457182295,0.0005212244265188,0.039501587280493036,0.028231354009241184,0.0,0.27469895637415825
4,Mutualistic09_full_functional_memory,1,2 vs 3,2,2.0,1.0,1.0,0.006,0.06764894771449109,0.24975602138549724,0.9212204395456517,0.000979409745691265,0.04864605627161391,-0.004227511148820532,0.0007187778685081557,0.009907858996117052,0.004741704180598893,0.0,0.09480726227481315
4,Mutualistic09_full_functional_memory,1,2 vs 3,3,2.0,1.0,1.0,0.006,0.06073049491548792,0.24256241606905105,0.9232466043309963,0.0009853229026470837,0.03074609214796665,-0.004495416510295361,0.0006462539428692718,0.009725064450399355,0.004283074031960457,0.5,0.08657305441955303
4,Mutualistic09_full_functional_memory,1,2 vs 3,14,2.0,1.0,1.0,0.006,0.022349930467440726,0.1787413403074792,0.9410856632476158,0.00042362096585148195,0.06915861501933095,-0.001887090610677099,0.0007396638385855228,0.004700906901679775,0.0024436932735818814,1.0,0.03632117621600628
4,Mutualistic09_full_functional_memory,2,4 vs 5,0,2.0,1.0,1.0,0.006,0.1263473247118453,0.2720510465033511,0.8933320958563622,0.0008199187015750485,0.15949339737144716,-0.002852944181637561,0.0007847401386552906,0.018165724580459473,0.031027115057866546,0.0,0.2001410793275275
4,Mutualistic09_full_functional_memory,2,4 vs 5,2,2.0,1.0,1.0,0.006,0.010536407189879646,0.02316103047354424,0.9936460319985735,2.8806412162939136e-05,0.22143988850268911,-0.00010151147564991992,0.0009560747330010116,0.0020851160181646652,0.007792289864192618,0.0,0.03143146840181756
4,Mutualistic09_full_functional_memory,2,4 vs 5,3,2.0,1.0,1.0,0.006,0.007529546566149022,0.01848916171435663,0.9951960089358878,1.7919112313760938e-05,0.4671897640887727,-6.100250051376667e-05,0.0009497085778848292,0.0011928009551682292,0.0050487286866979396,0.5,0.02367651529927203
4,Mutualistic09_full_functional_memory,2,4 vs 5,14,2.0,1.0,1.0,0.006,0.0014911378793259883,0.007828729702754224,0.9983441652135646,3.2297821912544214e-06,2.598459857575437,-1.028742383610695e-05,0.0006383367446610367,0.0007566771998833073,0.000802432563393674,1.0,0.00862899151174946
4,Mutualistic09_full_functional_memory,3,6 vs 7,0,2.0,1.0,1.0,0.006,0.11372630365509936,0.1128354662276329,0.9636616922439413,0.009526231103239859,0.16681138249708616,-0.042355569713610285,0.00076545481467892,0.007351319557238504,0.06693752012413709,0.0,0.20376225973063328
4,Mutualistic09_full_functional_memory,3,6 vs 7,2,2.0,1.0,1.0,0.006,0.006425290160435945,0.07967235964346439,0.979443775846603,6.855173527815458e-05,0.2375757741801282,-0.0003258513504678899,0.0009082739673798874,0.002033971693426212,0.004337591693756428,0.0,0.026407919031508426
4,Mutualistic09_full_functional_memory,3,6 vs 7,3,2.0,1.0,1.0,0.006,0.005134002137136586,0.03029222869651115,0.9942415064953743,1.8064271821361777e-05,0.31138585634688115,-8.303454601542747e-05,0.0006604997442411061,0.0017528745068356077,0.003328533325483032,0.5,0.021680967168922118
4,Mutualistic09_full_functional_memory,3,6 vs 7,14,2.0,1.0,1.0,0.006,0.00152475132973508,0.0033136625511651025,0.9995767841947839,6.002527694373055e-07,0.32283469463916536,-2.462840440901036e-06,0.0006636507726185261,0.0003977552869981353,0.0007534840279209249,1.0,0.008661562725505296
4,Mutualistic09_full_functional_memory,4,8 vs 9,0,2.0,1.0,1.0,0.006,0.07847502120235499,0.027740996489499476,0.9908156090594352,0.00048714187735452065,0.3441134054322747,-0.002388965814037526,0.0008041894486287926,0.015723955093756344,0.034395472602324284,0.0,0.14843074303675205
4,Mutualistic09_full_functional_memory,4,8 vs 9,2,2.0,1.0,1.0,0.006,0.010768029630739005,0.011616110801696777,0.9971152328430338,1.924931622484787e-05,0.07307171686849695,-8.23651579149226e-05,0.0007138863345855808,0.0021940071180343943,0.0069958419796634225,0.0,0.03247155712798555
4,Mutualistic09_full_functional_memory,4,8 vs 9,3,2.0,1.0,1.0,0.006,0.0082639524257405,0.011991275162336992,0.9968042703385048,9.544509049056673e-06,0.06488074243385741,-3.925229402932715e-05,0.0005935025560865278,0.0013927736869478163,0.005321725821518835,0.5,0.025728740669945453
4,Mutualistic09_full_functional_memory,4,8 vs 9,14,2.0,1.0,1.0,0.006,0.0017261400997163133,0.006477965284733379,0.9982348350768394,5.673111984155174e-07,0.06168663953530028,-2.464571809197994e-06,0.0008395756647471299,0.0003516931254590089,0.0011376408151687776,1.0,0.009386399939180688
5,Mutualistic09_distill_only,0,0 vs 1,0,0.0,1.0,0.0,0.005,0.17219363775183547,0.41923761272684057,0.8412369267737612,0.0004044125735453371,0.07963171764578797,-0.0014746741570056752,0.0,0.0,0.0,0.0,0.19215991260840537
5,Mutualistic09_distill_only,0,0 vs 1,2,0.0,1.0,0.0,0.005,0.033851907568726136,0.1671254371709012,0.9502214586481135,0.00022277073210406865,0.03769883977130373,-0.0004242274097781232,0.0,0.0,0.0,0.0,0.04515825719275373
5,Mutualistic09_distill_only,0,0 vs 1,3,0.0,1.0,0.0,0.005,0.026278348917022666,0.15870709273409336,0.952294149297349,0.00010451925870372779,0.03791008674678333,3.572427568600533e-05,0.0,0.0,0.0,0.5,0.03621449264043823
5,Mutualistic09_distill_only,0,0 vs 1,14,0.0,1.0,0.0,0.005,0.005641693627075391,0.09146675808315581,0.9757621021980935,1.2258193779184404e-05,0.195599653936447,-2.246902527366864e-05,0.0,0.0,0.0,1.0,0.009848037645458541
5,Mutualistic09_distill_only,1,2 vs 3,0,0.0,1.0,0.0,0.005,0.1989383894078275,0.07461040403614654,0.9810814971619464,0.0015917493301361553,0.11072980833457823,-0.0077500871996930305,3.384790924781826e-05,0.04140618876454995,0.22348093477689582,0.0,0.25279299328301813
5,Mutualistic09_distill_only,1,2 vs 3,2,0.0,1.0,0.0,0.005,0.07405135867760536,0.05388011949810576,0.9878363102040393,0.0002056079555189926,0.13792183416637968,-0.0009201494778724427,2.446808044391838e-05,0.008105448333229473,0.16569321095309358,0.0,0.09268022986485604
5,Mutualistic09_distill_only,1,2 vs 3,3,0.0,1.0,0.0,0.005,0.06648059157615012,0.06044270518295308,0.9860721192461379,9.361642719582921e-05,0.18876233435374626,-0.0003931909561791319,1.3034110955406039e-05,0.006716820929060749,0.14513341004544117,0.5,0.08298669723754233
5,Mutualistic09_distill_only,1,2 vs 3,14,0.0,1.0,0.0,0.005,0.025940640373749935,0.05039985818748779,0.9874791338088664,2.5116246264433164e-05,0.20273034001125934,-0.00010240090852405163,2.8598276758009193e-05,0.0035796152338623366,0.08374599906358313,1.0,0.034937263704202276
5,Mutualistic09_distill_only,2,4 vs 5,0,0.0,1.0,0.0,0.005,0.09940408708210638,0.3244578088534639,0.8938416902055132,0.0003716575801277902,0.7753459849850611,-0.001342085556701777,2.18161143241927e-05,0.0213186457414385,0.19311903277412057,0.0,0.15024681849048493
5,Mutualistic09_distill_only,2,4 vs 5,2,0.0,1.0,0.0,0.005,0.005567851263356019,0.0275986951359726,0.9941455493582055,1.8663981691702247e-05,0.642210860201653,-6.282009541037235e-05,1.3408595495615798e-05,0.0026896117339307007,0.2275729404484972,0.0,0.021114260750882168
5,Mutualistic09_distill_only,2,4 vs 5,3,0.0,1.0,0.0,0.005,0.003934622103189851,0.01618576769102761,0.9964524951386959,1.4031760045365344e-05,0.5798430835947077,-5.1719775581930545e-05,1.40079800308121e-05,0.0016936550518755423,0.21158647759163635,0.5,0.016382747508109884
5,Mutualistic09_distill_only,2,4 vs 5,14,0.0,1.0,0.0,0.005,0.0010698552124519297,0.005847916864056854,0.9986638781872201,4.2754543727596683e-07,0.33621158973967774,-1.4189182424006309e-06,1.550061414433158e-05,0.0009334734213746529,0.1322730394436958,1.0,0.006951364510236902
5,Mutualistic09_distill_only,3,6 vs 7,0,0.0,1.0,0.0,0.005,0.04994160585858403,0.010044605223501616,0.9980159921849028,2.9595014240762697e-05,0.2982105522396717,-9.327758341393573e-05,0.00036873980326027837,0.013909536592341573,0.3934632697380445,0.0,0.0866154689896614
5,Mutualistic09_distill_only,3,6 vs 7,2,0.0,1.0,0.0,0.005,0.005170258435797184,0.005379328893081463,0.9990716120030018,3.2472087912567e-06,0.35945507059706017,-1.238635741174221e-05,0.0002900711867581815,0.0007546109598169619,0.2770623311083368,0.0,0.02001985229868838
5,Mutualistic09_distill_only,3,6 vs 7,3,0.0,1.0,0.0,0.005,0.004269971115950575,0.00414619805103049,0.9993156080550336,1.9154333519383455e-06,0.3629532196420304,-7.33998604118824e-06,0.00033838758979092085,0.0007087902780225936,0.2461031472429316,0.5,0.01730184003393701
5,Mutualistic09_distill_only,3,6 vs 7,14,0.0,1.0,0.0,0.005,0.0011418054494610492,0.0018204611359520795,0.999721201176339,1.8677624885964527e-07,0.38001317546722735,-7.352023880849493e-07,0.0002699939047120774,0.0003118518553550375,0.13649752355636435,1.0,0.0071909611529492315
5,Mutualistic09_distill_only,4,8 vs 9,0,0.0,1.0,0.0,0.005,0.12428429419610729,0.06426004447201465,0.9737330446852014,0.0011524574485262543,0.24153639740766364,-0.0037307820203614996,0.00043433569388729126,0.018010921855556205,0.14990937461125406,0.0,0.17000622492521367
5,Mutualistic09_distill_only,4,8 vs 9,2,0.0,1.0,0.0,0.005,0.00883464012889469,0.0523742898664576,0.978901263247145,3.846607452042588e-05,0.2744194770112951,-0.00018954587149176192,0.00040224522695581907,0.0023569722927393433,0.24518890773996393,0.0,0.026446782646978154
5,Mutualistic09_distill_only,4,8 vs 9,3,0.0,1.0,0.0,0.005,0.007500199814069461,0.04694732611483716,0.9813546753944234,5.9537312106248224e-05,0.2739395993821164,-0.0002950556982467149,0.0003755277862086238,0.0024448944196263527,0.2495314691295015,0.5,0.023352337406670795
5,Mutualistic09_distill_only,4,8 vs 9,14,0.0,1.0,0.0,0.005,0.0012712696755423825,0.015536402347200412,0.9944559132799189,1.2888246007830444e-06,0.5468874022047571,-6.230181439759884e-06,0.0004009648352834158,0.0003408358260206482,0.1911822218210139,1.0,0.006722851715823437
5,Mutualistic09_route_memory_only,0,0 vs 1,0,2.0,0.0,0.0,0.005,0.17219363775183547,0.41923761272684057,0.8412369267737612,0.0004044125735453371,0.07963171764578797,-0.0014746741570056752,0.0,0.0,0.0,0.0,0.19215991260840537
5,Mutualistic09_route_memory_only,0,0 vs 1,2,2.0,0.0,0.0,0.005,0.033851907568726136,0.1671254371709012,0.9502214586481135,0.00022277073210406865,0.03769883977130373,-0.0004242274097781232,0.0,0.0,0.0,0.0,0.04515825719275373
5,Mutualistic09_route_memory_only,0,0 vs 1,3,2.0,0.0,0.0,0.005,0.026278348917022666,0.15870709273409336,0.952294149297349,0.00010451925870372779,0.03791008674678333,3.572427568600533e-05,0.0,0.0,0.0,0.5,0.03621449264043823
5,Mutualistic09_route_memory_only,0,0 vs 1,14,2.0,0.0,0.0,0.005,0.005641693627075391,0.09146675808315581,0.9757621021980935,1.2258193779184404e-05,0.195599653936447,-2.246902527366864e-05,0.0,0.0,0.0,1.0,0.009848037645458541
5,Mutualistic09_route_memory_only,1,2 vs 3,0,2.0,0.0,0.0,0.005,0.18395631126266845,0.049527177824936014,0.9888215103047959,0.001417309564111689,0.10803771337018685,-0.006881025243312754,1.6499507007980124e-05,2.7255792412337194,0.31810231767458585,0.0,0.198917853309119
5,Mutualistic09_route_memory_only,1,2 vs 3,2,2.0,0.0,0.0,0.005,0.07780601108010779,0.042127315153149845,0.9906844598181704,0.00017112766845384805,0.09708912547757016,-0.0007584649831690687,1.5627982058523483e-05,1.7095681352818266,0.23687857611382263,0.0,0.08748544891305426
5,Mutualistic09_route_memory_only,1,2 vs 3,3,2.0,0.0,0.0,0.005,0.0693263413503449,0.05544245468967773,0.9869999340239991,0.00048550301699891706,0.12027511184916218,-0.002246193270734016,1.3156745283479122e-05,1.5441187036798356,0.20747853593623383,0.5,0.07818819340714749
5,Mutualistic09_route_memory_only,1,2 vs 3,14,2.0,0.0,0.0,0.005,0.03542141535101419,0.08233325674812844,0.9784163046390453,0.00013906975131275663,0.19566855438182407,-0.000463289099725637,1.2171890385287314e-05,1.7187092836866988,0.14297598758910565,1.0,0.03984475557870688
5,Mutualistic09_route_memory_only,2,4 vs 5,0,2.0,0.0,0.0,0.005,0.10582197924204012,0.5104813036766458,0.7904241706462617,0.0007634164484385265,0.6758793373691275,-0.0029572553714697666,4.742456985695753e-05,1.2385535370063117,0.3171841803915858,0.0,0.13924022133838623
5,Mutualistic09_route_memory_only,2,4 vs 5,2,2.0,0.0,0.0,0.005,0.00419292304704481,0.017989014998633177,0.996413066032085,8.338477931492424e-06,0.24865402566625716,-2.520540828241947e-05,4.711842693529647e-05,1.242534136518519,0.2893302900359986,0.0,0.014171424678507004
5,Mutualistic09_route_memory_only,2,4 vs 5,3,2.0,0.0,0.0,0.005,0.005457695434860727,0.014327849288708828,0.9967121126803946,5.500816078404507e-05,0.21281429839895127,-0.0002689054483508176,6.53085205177628e-05,1.0807248468094683,0.24420247369624198,0.5,0.013999506969876747
5,Mutualistic09_route_memory_only,2,4 vs 5,14,2.0,0.0,0.0,0.005,0.0009470341697414505,0.003909096459887842,0.9992148368916614,2.56136250956041e-07,0.24571846457237892,-7.422987688729104e-07,4.2992068359880966e-05,0.9071765250348031,0.1679770271194742,1.0,0.004308865732572814
5,Mutualistic09_route_memory_only,3,6 vs 7,0,2.0,0.0,0.0,0.005,0.03660958410399233,0.006366050341463787,0.998688834778806,7.591937307317513e-06,0.32961601438991567,-2.055319442235409e-05,0.0003956980868060008,0.3616997721969936,0.8040960769545524,0.0,0.0700670360250676
5,Mutualistic09_route_memory_only,3,6 vs 7,2,2.0,0.0,0.0,0.005,0.005274884833736305,0.0019156088671111998,0.9996753220862531,7.680439118171356e-07,0.39291406502114967,-2.318562226409608e-06,0.0003226357518368341,0.13120228717935847,0.31514687804465596,0.0,0.017192234721114027
5,Mutualistic09_route_memory_only,3,6 vs 7,3,2.0,0.0,0.0,0.005,0.004528767647261315,0.0016664219078944718,0.9997165215776321,4.66578743716456e-07,0.3983865671969475,-1.4128312072221268e-06,0.00037045196532222265,0.12314275874102369,0.2800435785283434,0.5,0.014821966931699439
5,Mutualistic09_route_memory_only,3,6 vs 7,14,2.0,0.0,0.0,0.005,0.001176340758126784,0.0010727831794746577,0.9998248676036267,4.4328478256877464e-08,0.4277606143596325,-1.1844392073281268e-07,0.00029047729108145736,0.3263209214869966,0.16427937942616483,1.0,0.005658136373583941
5,Mutualistic09_route_memory_only,4,8 vs 9,0,2.0,0.0,0.0,0.005,0.10294866495012761,0.019278034450179164,0.9925923956201431,0.0007772848357073648,0.3796401593011824,-0.002289964911587378,0.0008242431352474786,1.2307646844020248,0.5362915966580523,0.0,0.13337278825805543
5,Mutualistic09_route_memory_only,4,8 vs 9,2,2.0,0.0,0.0,0.005,0.010602966159027307,0.003553515372604647,0.9989329411628398,3.263560452879535e-06,0.3679521426241449,-2.2552174298053094e-06,0.0004447476442672927,1.1103578260604372,0.42825407043416447,0.0,0.02391228729740102
5,Mutualistic09_route_memory_only,4,8 vs 9,3,2.0,0.0,0.0,0.005,0.006268912520101096,0.003102297719414445,0.9990550140117077,2.382697470551118e-05,0.6619166427470268,-9.785034753223683e-05,0.00040185805699636943,1.0702907481092088,0.3981643642516846,0.5,0.017708461176841817
5,Mutualistic09_route_memory_only,4,8 vs 9,14,2.0,0.0,0.0,0.005,0.0012880954643751078,0.002872995184356733,0.9992093849689403,2.2997921094689661e-07,0.5565581264648032,-5.056932964857588e-07,0.00039828744314597336,0.8586265000891178,0.26270443010837474,1.0,0.006355319479282232
5,Mutualistic09_latent_only,0,0 vs 1,0,0.0,0.0,1.0,0.005,0.17219363775183547,0.41923761272684057,0.8412369267737612,0.0004044125735453371,0.07963171764578797,-0.0014746741570056752,0.0,0.0,0.0,0.0,0.19215991260840537
5,Mutualistic09_latent_only,0,0 vs 1,2,0.0,0.0,1.0,0.005,0.033851907568726136,0.1671254371709012,0.9502214586481135,0.00022277073210406865,0.03769883977130373,-0.0004242274097781232,0.0,0.0,0.0,0.0,0.04515825719275373
5,Mutualistic09_latent_only,0,0 vs 1,3,0.0,0.0,1.0,0.005,0.026278348917022666,0.15870709273409336,0.952294149297349,0.00010451925870372779,0.03791008674678333,3.572427568600533e-05,0.0,0.0,0.0,0.5,0.03621449264043823
5,Mutualistic09_latent_only,0,0 vs 1,14,0.0,0.0,1.0,0.005,0.005641693627075391,0.09146675808315581,0.9757621021980935,1.2258193779184404e-05,0.195599653936447,-2.246902527366864e-05,0.0,0.0,0.0,1.0,0.009848037645458541
5,Mutualistic09_latent_only,1,2 vs 3,0,0.0,0.0,1.0,0.005,0.18084234007178468,0.14889696113606718,0.9530423714759502,0.0019461004463323661,0.0905534136270054,-0.009546659213114293,4.219423080964221e-05,0.5010034342425221,0.03636997626063988,0.0,0.22706920590172422
5,Mutualistic09_latent_only,1,2 vs 3,2,0.0,0.0,1.0,0.005,0.07011637460202613,0.33058353878082114,0.8623929607107285,0.0004379517706590203,0.06920468204337707,-0.0017425948159491762,1.314855677855063e-05,0.04136835845147676,0.007641377363433229,0.0,0.08740820799102174
5,Mutualistic09_latent_only,1,2 vs 3,3,0.0,0.0,1.0,0.005,0.06252408600313232,0.24723432197215708,0.9116118841982902,0.00033700656795770825,0.03424135069461896,-0.0012559535457415784,1.8434900728104194e-05,0.04871184880191341,0.00655065564082024,0.5,0.07718802461440259
5,Mutualistic09_latent_only,1,2 vs 3,14,0.0,0.0,1.0,0.005,0.024112290187560496,0.09983141038646089,0.9651485415215187,7.20447263741799e-05,0.12665931793286445,-0.000333895124098722,5.045135258888935e-05,0.022854289198492434,0.0030699131460464064,1.0,0.03144225614898382
5,Mutualistic09_latent_only,2,4 vs 5,0,0.0,0.0,1.0,0.005,0.12569310583491275,0.15975716900318226,0.9541502709084368,0.0013053036270727542,0.5823423459808877,-0.006287474938212557,0.0018738509491974603,0.11113234881494019,0.038143302872529296,0.0,0.18755977854449699
5,Mutualistic09_latent_only,2,4 vs 5,2,0.0,0.0,1.0,0.005,0.007603862501205282,0.04668324139524013,0.9909458997401785,3.953780080646926e-05,0.11556529420170378,-0.00019314765256453066,0.05912263441751612,0.05961962836854001,0.006430326212950526,0.0,0.025539735213239143
5,Mutualistic09_latent_only,2,4 vs 5,3,0.0,0.0,1.0,0.005,0.005389386629487606,0.014777590134280158,0.9976856315389593,5.8648910407526354e-06,0.11998464293936466,-2.9101947996210545e-05,0.06861270726361174,0.038529382741197625,0.004125349728905774,0.5,0.01919685189235718
5,Mutualistic09_latent_only,2,4 vs 5,14,0.0,0.0,1.0,0.005,0.0015031425901589558,0.00161599358816215,0.9998141298902795,1.933945852633866e-07,0.17777748453490277,-8.486255884487578e-07,0.06648397778576993,0.009062938228685488,0.0010706801215147085,1.0,0.006875288147637819
5,Mutualistic09_latent_only,3,6 vs 7,0,0.0,0.0,1.0,0.005,0.0746871911861161,0.036327044316072095,0.989089827588264,0.0003374976997747581,0.08668552390596967,-0.0016355195895154425,0.06312840313036391,0.08529873542433543,0.04683345531489938,0.0,0.1363104426480354
5,Mutualistic09_latent_only,3,6 vs 7,2,0.0,0.0,1.0,0.005,0.009741704346255419,0.002165437694589429,0.9996771381256429,1.6104469815953516e-06,0.11905017526859933,-7.416914276620175e-06,0.07726370321309313,0.022760834287297218,0.009463107897008353,0.0,0.02953306942227039
5,Mutualistic09_latent_only,3,6 vs 7,3,0.0,0.0,1.0,0.005,0.007396875751858696,0.001746667926744657,0.9997576310279521,1.000718009678128e-06,0.13021958270605574,-4.552601975329378e-06,0.07753888438356683,0.019284251046941637,0.006842501748828811,0.5,0.023112750196076455
5,Mutualistic09_latent_only,3,6 vs 7,14,0.0,0.0,1.0,0.005,0.0018676899601408141,0.0005253674004207108,0.9999425842406902,1.0924314910832262e-07,0.2282626232568254,-4.6889614710148346e-07,0.07536762223598804,0.008130379462059825,0.0020359982984100885,1.0,0.008073613879845497
5,Mutualistic09_latent_only,4,8 vs 9,0,0.0,0.0,1.0,0.005,0.1409348912061529,0.03454815747186621,0.9883155695935513,0.0014925670007729364,0.191201770727701,-0.007458870536944968,0.05509029265413893,0.1842021295044415,0.042124571907829415,0.0,0.20331886941765218
5,Mutualistic09_latent_only,4,8 vs 9,2,0.0,0.0,1.0,0.005,0.014971955203788077,0.0024851335564311195,0.9996304347160014,5.289125602815902e-06,0.13184872745199405,-2.335318106603115e-05,0.057682207607208415,0.028523243111657336,0.013197400924214658,0.0,0.04012468603855752
5,Mutualistic09_latent_only,4,8 vs 9,3,0.0,0.0,1.0,0.005,0.010973940291342901,0.00205393942281049,0.999707615121882,3.4356549668758663e-06,0.12398711354174513,-1.5122597997492933e-05,0.05706884719906969,0.019735565022664502,0.010213047057945044,0.5,0.031481939744442064
5,Mutualistic09_latent_only,4,8 vs 9,14,0.0,0.0,1.0,0.005,0.002091356572952676,0.0006505313881752181,0.9999247155290969,2.484030563843415e-07,0.13470194377797715,-1.0363391025903378e-06,0.057433293379367666,0.0031694675538134066,0.0020915883954891815,1.0,0.00873540235841845
5,Mutualistic09_route_plus_latent,0,0 vs 1,0,2.0,0.0,1.0,0.005,0.17219363775183547,0.41923761272684057,0.8412369267737612,0.0004044125735453371,0.07963171764578797,-0.0014746741570056752,0.0,0.0,0.0,0.0,0.19215991260840537
5,Mutualistic09_route_plus_latent,0,0 vs 1,2,2.0,0.0,1.0,0.005,0.033851907568726136,0.1671254371709012,0.9502214586481135,0.00022277073210406865,0.03769883977130373,-0.0004242274097781232,0.0,0.0,0.0,0.0,0.04515825719275373
5,Mutualistic09_route_plus_latent,0,0 vs 1,3,2.0,0.0,1.0,0.005,0.026278348917022666,0.15870709273409336,0.952294149297349,0.00010451925870372779,0.03791008674678333,3.572427568600533e-05,0.0,0.0,0.0,0.5,0.03621449264043823
5,Mutualistic09_route_plus_latent,0,0 vs 1,14,2.0,0.0,1.0,0.005,0.005641693627075391,0.09146675808315581,0.9757621021980935,1.2258193779184404e-05,0.195599653936447,-2.246902527366864e-05,0.0,0.0,0.0,1.0,0.009848037645458541
5,Mutualistic09_route_plus_latent,1,2 vs 3,0,2.0,0.0,1.0,0.005,0.18094195821817885,0.1319531463086605,0.960656280213214,0.0019421233550312362,0.09077745452622309,-0.009480443961442785,2.8156803531579557e-05,0.5023997889737539,0.03657552116226028,0.0,0.22726263438767574
5,Mutualistic09_route_plus_latent,1,2 vs 3,2,2.0,0.0,1.0,0.005,0.07036747898351639,0.3424174170544807,0.8452797595490801,0.0005086359500144178,0.05279155893925023,-0.002127412587721297,1.1705998756352006e-05,0.045860728239046133,0.0078668597828042,0.0,0.08792152342961189
5,Mutualistic09_route_plus_latent,1,2 vs 3,3,2.0,0.0,1.0,0.005,0.06196005002377515,0.2762184222327902,0.8911183501811738,0.0001842391094369498,0.04181358865660397,-0.0005508490263464603,1.531170420442303e-05,0.04348158663970993,0.0064822229249601035,0.5,0.07686578553724796
5,Mutualistic09_route_plus_latent,1,2 vs 3,14,2.0,0.0,1.0,0.005,0.02463341647377634,0.128999040798938,0.9564149912367476,0.0001845234188594793,0.12311988612240617,-0.0007006849875634021,3.6791226561267936e-05,0.024007474349692783,0.0030220304714872483,1.0,0.0321513027190528
5,Mutualistic09_route_plus_latent,2,4 vs 5,0,2.0,0.0,1.0,0.005,0.11715923178386181,0.3385540174042925,0.8826527912566002,0.0001447703637766492,1.0608929226056059,-0.0005324285556661322,0.0007077630379307208,0.09361665624020772,0.03773601680803311,0.0,0.17998986088849128
5,Mutualistic09_route_plus_latent,2,4 vs 5,2,2.0,0.0,1.0,0.005,0.008732048730227225,0.11821690067014795,0.9728800235910618,2.6323063508471023e-05,2.435210539939556,-0.0001243130165211698,0.0009663129798780651,0.02917534471588566,0.006749292206455102,0.0,0.02856835072979014
5,Mutualistic09_route_plus_latent,2,4 vs 5,3,2.0,0.0,1.0,0.005,0.005809613419300381,0.04560484000025911,0.9919398439691421,7.628456467287794e-06,3.356223045511449,-3.4665545210876366e-05,0.0006862065842761559,0.020740233440982535,0.004240582885339539,0.5,0.020837079178779683
5,Mutualistic09_route_plus_latent,2,4 vs 5,14,2.0,0.0,1.0,0.005,0.0014756307565666578,0.002818727689953719,0.999676469792711,6.569004637079141e-07,8.97375838300015,-2.689238518793532e-06,0.00031146497983965983,0.006150349427232559,0.001022958619014776,1.0,0.007288546955331843
5,Mutualistic09_route_plus_latent,3,6 vs 7,0,2.0,0.0,1.0,0.005,0.09255378257403983,0.011923549226187963,0.9972646299828875,0.0002919973173612426,0.4793136732930199,-0.0014291904628910917,0.0003768160490738971,0.10677114155621133,0.06920121378324767,0.0,0.1750282678515353
5,Mutualistic09_route_plus_latent,3,6 vs 7,2,2.0,0.0,1.0,0.005,0.0180182888549059,0.0027368672865819422,0.9996067437719791,9.072631643632237e-06,1.9816699928425727,-3.3429863446570456e-05,0.0003629904406013938,0.03038158287551809,0.025224684757438113,0.0,0.05226031080522436
5,Mutualistic09_route_plus_latent,3,6 vs 7,3,2.0,0.0,1.0,0.005,0.013331499703704043,0.006818247054941318,0.9989377196798933,3.3371380970706055e-05,3.224497523713619,-0.00014204189102066323,0.00042634238118982,0.024428483693206562,0.018850998239631347,0.5,0.0404512697553381
5,Mutualistic09_route_plus_latent,3,6 vs 7,14,2.0,0.0,1.0,0.005,0.0018393368499868728,5.279007695827068e-05,0.9999955867199187,5.621819817234764e-08,6.360634083443499,-2.3104478307860963e-07,0.0002249614207106246,0.004536149602264483,0.0020022407902325406,1.0,0.00889243704682969
5,Mutualistic09_route_plus_latent,4,8 vs 9,0,2.0,0.0,1.0,0.005,0.12734160508881223,0.07008595641781674,0.9748872455130232,1.4615479211758074e-05,0.8076606526019725,-7.153215243461284e-05,0.0001875389845852314,0.22400002042667574,0.05336727518984612,0.0,0.21137008911117594
5,Mutualistic09_route_plus_latent,4,8 vs 9,2,2.0,0.0,1.0,0.005,0.015704602161620524,0.0328992991014681,0.9921686167412616,1.2838947586328202e-05,1.1776320071930582,-6.062997148392048e-05,0.00012640610409707346,0.05092315455066397,0.018095230307192244,0.0,0.046515111910535936
5,Mutualistic09_route_plus_latent,4,8 vs 9,3,2.0,0.0,1.0,0.005,0.011754303922916346,0.04249299670311999,0.9902707985106934,1.5536826899830325e-05,1.3179467916488647,-7.628240285718694e-05,0.00015579237174762888,0.03858314181103351,0.013933139199272115,0.5,0.03715782220217776
5,Mutualistic09_route_plus_latent,4,8 vs 9,14,2.0,0.0,1.0,0.005,0.0022094114534953174,0.015462832991033792,0.9944903926646456,2.2135016459945658e-06,0.5068646618660461,-1.1041173414188496e-05,0.00010189927490229936,0.0072579384395020435,0.0029532145807876233,1.0,0.01047000174034149
5,Mutualistic09_full_functional_memory,0,0 vs 1,0,2.0,1.0,1.0,0.006,0.17141808105751555,0.3917401819787127,0.8513640374579328,0.0004546716010997656,0.09618405000165171,-0.0017659911846226834,0.0,0.0,0.0,0.0,0.19177496171695121
5,Mutualistic09_full_functional_memory,0,0 vs 1,2,2.0,1.0,1.0,0.006,0.035028888289123136,0.163089079742736,0.9489756683085827,0.00016440430335159305,0.04190684349692248,-0.0003760565825282259,0.0,0.0,0.0,0.0,0.04680915969483396
5,Mutualistic09_full_functional_memory,0,0 vs 1,3,2.0,1.0,1.0,0.006,0.0258055968467701,0.15715715003774522,0.9519226830056373,6.199550590920014e-05,0.03866463810443244,0.00010654587853462138,0.0,0.0,0.0,0.5,0.03579381096394772
5,Mutualistic09_full_functional_memory,0,0 vs 1,14,2.0,1.0,1.0,0.006,0.007097412662412179,0.11836250689118466,0.9638472338940235,0.00017352189454268615,0.10435684978407114,-0.00026784473014599146,0.0,0.0,0.0,1.0,0.012313485769753127
5,Mutualistic09_full_functional_memory,1,2 vs 3,0,2.0,1.0,1.0,0.006,0.20003129098009556,0.31944817336315806,0.8725142212624245,0.0012935240262022683,0.02669248442249769,-0.006171516281493167,0.0009068036335152779,0.05186679795441067,0.02858152883415274,0.0,0.2956136740902637
5,Mutualistic09_full_functional_memory,1,2 vs 3,2,2.0,1.0,1.0,0.006,0.07206884854810035,0.2158199000231763,0.9160602790244082,3.4055613928393676e-05,0.04918647953804503,-8.483900827296237e-05,0.0008149009563736554,0.009704083298392435,0.008710457116088017,0.0,0.10212238553039571
5,Mutualistic09_full_functional_memory,1,2 vs 3,3,2.0,1.0,1.0,0.006,0.0668938003401173,0.19996986617433263,0.9219532012939453,2.7084454124047974e-05,0.04060672714989236,-6.36959250303025e-05,0.0008440592252985338,0.007058328324730726,0.0074736393413486635,0.5,0.09195466561520353
5,Mutualistic09_full_functional_memory,1,2 vs 3,14,2.0,1.0,1.0,0.006,0.03638091531800146,0.12257972629146373,0.9532406888109572,0.0001503085678702151,0.15396418687986566,-0.0007383971415618633,0.0005316924471745996,0.007317651682434247,0.004382916899556492,1.0,0.05377914756536484
5,Mutualistic09_full_functional_memory,2,4 vs 5,0,2.0,1.0,1.0,0.006,0.11258626693582281,0.5486834987680963,0.766364593455132,0.003595258644751045,0.09684195078196044,-0.016642200859620215,0.0011248641565524597,0.013533718312093233,0.03171730999824928,0.0,0.183711503969228
5,Mutualistic09_full_functional_memory,2,4 vs 5,2,2.0,1.0,1.0,0.006,0.008702235187384043,0.03153225854831807,0.9932476091892162,0.0002440506321997244,0.07524427089919435,-0.0010891313506092163,0.0008797218001068649,0.0022689236062975165,0.006465806313691304,0.0,0.029203317504613958
5,Mutualistic09_full_functional_memory,2,4 vs 5,3,2.0,1.0,1.0,0.006,0.006314145787519977,0.021673492869322606,0.9954175492550464,6.384387874751406e-05,0.07241248949728113,-0.0002854970244175576,0.000670584900287027,0.001211206781667994,0.004433135645701847,0.5,0.02195423219273699
5,Mutualistic09_full_functional_memory,2,4 vs 5,14,2.0,1.0,1.0,0.006,0.0014913721044765825,0.007625472261273163,0.9980380535125732,9.977645359950134e-07,0.06590398329686611,-4.4739547562091905e-06,0.0006852073799196428,0.00036446200132597874,0.000700869690998398,1.0,0.008493833650062059
5,Mutualistic09_full_functional_memory,3,6 vs 7,0,2.0,1.0,1.0,0.006,0.09143132641118892,0.07446959376969237,0.9715153080351809,0.0023449057575139994,0.09691644704187329,-0.01150066262864052,0.0009261139157194733,0.009466874745693212,0.04598314525123606,0.0,0.1616002968809706
5,Mutualistic09_full_functional_memory,3,6 vs 7,2,2.0,1.0,1.0,0.006,0.010060783059514583,0.012000489702567141,0.9972466243074295,1.2801674768796031e-05,0.15682983303323705,-6.23973938537405e-05,0.0007322342268533713,0.0011381875176200683,0.0072212220625357424,0.0,0.029753718762955766
5,Mutualistic09_full_functional_memory,3,6 vs 7,3,2.0,1.0,1.0,0.006,0.007606380559662555,0.008395522377116884,0.9982831376664182,5.267867697724835e-06,0.15514734006942588,-2.5485919669587563e-05,0.0007443272939645852,0.001081634225556627,0.004963007824931373,0.5,0.023764444832155045
5,Mutualistic09_full_functional_memory,3,6 vs 7,14,2.0,1.0,1.0,0.006,0.001703651906783752,0.002578131854534149,0.9995862676742229,4.0565786629573037e-07,0.200360284523761,-1.994987077852513e-06,0.000641213944386146,0.0003484593898781199,0.0008446101886913814,1.0,0.008653189808605834
5,Mutualistic09_full_functional_memory,4,8 vs 9,0,2.0,1.0,1.0,0.006,0.08618443915025985,0.16681198331903904,0.9301256993983654,0.0005045205660717982,0.3068934238733763,-0.002490792046994605,0.0009871556153000789,0.018180673939009177,0.02787856051222758,0.0,0.153885201650097
5,Mutualistic09_full_functional_memory,4,8 vs 9,2,2.0,1.0,1.0,0.006,0.010464026553041123,0.02180478359235728,0.9950360643102768,3.219744888717306e-05,0.690068394579786,-0.00014973566570180527,0.0006815916864805796,0.001744656361629592,0.0055713455509790715,0.0,0.030497189809350258
5,Mutualistic09_full_functional_memory,4,8 vs 9,3,2.0,1.0,1.0,0.006,0.007537032730203677,0.018479950765663004,0.9959273769500407,2.3636611563523864e-05,0.7245217549039963,-0.00011078863246168228,0.0006437635871561918,0.0013941340978217728,0.00415071742014682,0.5,0.024159480599646874
5,Mutualistic09_full_functional_memory,4,8 vs 9,14,2.0,1.0,1.0,0.006,0.0015940359729203456,0.005665655758112986,0.9988181400806346,9.562859993801543e-07,0.40330939724090253,-3.911146121297745e-06,0.0007409781076390534,0.0003775885484077314,0.0007470150445984241,1.0,0.008561273006365654
6,Mutualistic09_distill_only,0,0 vs 1,0,0.0,1.0,0.0,0.005,0.1773523097818202,0.37059732003414886,0.8682456637950654,0.0002510110136809283,0.07418005190227128,-0.0007670004158578021,0.0,0.0,0.0,0.0,0.1967783288118687
6,Mutualistic09_distill_only,0,0 vs 1,2,0.0,1.0,0.0,0.005,0.0349314472182317,0.1515794875139886,0.9553315804359761,0.0005129559449801974,0.06442424376554629,-0.0020928804841922953,0.0,0.0,0.0,0.0,0.04643186558275781
6,Mutualistic09_distill_only,0,0 vs 1,3,0.0,1.0,0.0,0.005,0.035275827181783126,0.12853224274325878,0.9596675380747369,0.0011263653797138258,0.06955098461835309,-0.005476159321025331,0.0,0.0,0.0,0.5,0.04660463551098996
6,Mutualistic09_distill_only,0,0 vs 1,14,0.0,1.0,0.0,0.005,0.012537394575972824,0.10571779104623388,0.9647142975888354,0.0002656635964222779,0.12138859511531414,-0.0012945339549332857,0.0,0.0,0.0,1.0,0.01753856963973413
6,Mutualistic09_distill_only,1,2 vs 3,0,0.0,1.0,0.0,0.005,0.22310941079829602,0.2097497988254466,0.916966845380499,0.00022214134766722674,0.22144410287604688,-0.0009232295003343136,0.0006443619145634426,0.03055178043382995,0.3793587987075877,0.0,0.26904784047857244
6,Mutualistic09_distill_only,1,2 vs 3,2,0.0,1.0,0.0,0.005,0.07389157134643261,0.19599406579707532,0.9206196729173052,0.00024742093613353293,0.03403823051361387,-0.0010678245428394765,0.0011609366409361234,0.0058581964137587456,0.24898601941605833,0.0,0.09115996465403983
6,Mutualistic09_distill_only,1,2 vs 3,3,0.0,1.0,0.0,0.005,0.06373251027407799,0.15825452576292323,0.9398809607992781,0.0003419388518581245,0.044004628092652445,-0.0016093572324260752,0.0005821543846902019,0.004551230228823075,0.2356562484452065,0.5,0.07841774948099826
6,Mutualistic09_distill_only,1,2 vs 3,14,0.0,1.0,0.0,0.005,0.02429030391268749,0.12830398596347647,0.9566418148101644,0.00018351486939720835,0.06951616640311685,-0.0008781140204519033,0.0007428783122296853,0.0037437768286450747,0.10691519414490842,1.0,0.03379407307093448
6,Mutualistic09_distill_only,2,4 vs 5,0,0.0,1.0,0.0,0.005,0.09896685799306378,0.3294275935660017,0.8899327605328662,0.0020174141103238303,0.3769564175225319,-0.008166397654233461,0.0008759780113053993,0.018931549406512746,0.20716727651938044,0.0,0.15077123402598056
6,Mutualistic09_distill_only,2,4 vs 5,2,0.0,1.0,0.0,0.005,0.00565042596885023,0.06477407207514377,0.9839140493819054,0.0003953717077481687,1.8200561378864533,-0.001680277847744366,0.000792591479307219,0.003412941602019078,0.13763010850612153,0.0,0.022332746178862897
6,Mutualistic09_distill_only,2,4 vs 5,3,0.0,1.0,0.0,0.005,0.0037408798903306112,0.03957885206538312,0.9906312214567307,0.00010695118885813769,1.8117001208853214,-0.0004887358221086733,0.0011136190308768184,0.0028066646624752816,0.1211679590509293,0.5,0.017539329351262845
6,Mutualistic09_distill_only,2,4 vs 5,14,0.0,1.0,0.0,0.005,0.0010413627506808399,0.010180663297626567,0.9975669282547971,1.937955741603199e-06,1.0869650358849383,-6.945437177064571e-06,0.0006535005509733233,0.0005265938844457467,0.073251521967827,1.0,0.006516894989429002
6,Mutualistic09_distill_only,3,6 vs 7,0,0.0,1.0,0.0,0.005,0.06311033364444812,0.02306545281069393,0.994140200158383,0.00018117437587853659,0.1446361838086964,-0.0008508287806143152,0.000729544505450944,0.011797408744959487,0.36558177327598507,0.0,0.10110190530565191
6,Mutualistic09_distill_only,3,6 vs 7,2,0.0,1.0,0.0,0.005,0.0046424827478984566,0.008125711019408512,0.9983160115302877,2.890490417306129e-06,0.16072629138510278,-1.0199973637119252e-05,0.0008016517400547139,0.000735024101734954,0.2227437993947496,0.0,0.01979525462585561
6,Mutualistic09_distill_only,3,6 vs 7,3,0.0,1.0,0.0,0.005,0.003867028949861514,0.0075575257651507854,0.9984662355260646,1.9683195790050494e-06,0.13695105815187414,-7.423492980764267e-06,0.000742510089308935,0.0005283827380713154,0.19190574833687316,0.5,0.017070695203035436
6,Mutualistic09_distill_only,3,6 vs 7,14,0.0,1.0,0.0,0.005,0.0011146390696670464,0.003415272869615558,0.9994108448637292,2.3560727632706345e-07,0.16141165681975952,-8.342222885248509e-07,0.0006939738948161942,0.00022187024668265292,0.0877229889973681,1.0,0.007418075685409155
6,Mutualistic09_distill_only,4,8 vs 9,0,0.0,1.0,0.0,0.005,0.08408220746415726,0.023805362895685942,0.9916239038426825,0.0005494084852875011,0.18316239318215943,-0.002249496681813864,0.0008518381195670449,0.014097615349454189,0.21362436083863748,0.0,0.12143987207178106
6,Mutualistic09_distill_only,4,8 vs 9,2,0.0,1.0,0.0,0.005,0.008162069624844701,0.007381556302982759,0.9981249646937593,6.765499776406614e-06,0.22871702750946613,-2.7969836237582753e-05,0.000865266861163694,0.003106380471008572,0.24871208788232602,0.0,0.025926539040309317
6,Mutualistic09_distill_only,4,8 vs 9,3,0.0,1.0,0.0,0.005,0.005803141460575639,0.008216597565865897,0.9977394659468468,7.74182032941515e-06,0.27486659396202007,-3.4407821503725456e-05,0.0008474163657817197,0.0018705606245079099,0.22958217085675992,0.5,0.020583404545137223
6,Mutualistic09_distill_only,4,8 vs 9,14,0.0,1.0,0.0,0.005,0.001290841246063405,0.0054696306829003895,0.9985497352924753,6.097116456349708e-07,0.3396666531867169,-2.706210386562855e-06,0.0008813767658950306,0.0004217050263058751,0.12028372985251407,1.0,0.007020332820792782
6,Mutualistic09_route_memory_only,0,0 vs 1,0,2.0,0.0,0.0,0.005,0.1773523097818202,0.37059732003414886,0.8682456637950654,0.0002510110136809283,0.07418005190227128,-0.0007670004158578021,0.0,0.0,0.0,0.0,0.1967783288118687
6,Mutualistic09_route_memory_only,0,0 vs 1,2,2.0,0.0,0.0,0.005,0.0349314472182317,0.1515794875139886,0.9553315804359761,0.0005129559449801974,0.06442424376554629,-0.0020928804841922953,0.0,0.0,0.0,0.0,0.04643186558275781
6,Mutualistic09_route_memory_only,0,0 vs 1,3,2.0,0.0,0.0,0.005,0.035275827181783126,0.12853224274325878,0.9596675380747369,0.0011263653797138258,0.06955098461835309,-0.005476159321025331,0.0,0.0,0.0,0.5,0.04660463551098996
6,Mutualistic09_route_memory_only,0,0 vs 1,14,2.0,0.0,0.0,0.005,0.012537394575972824,0.10571779104623388,0.9647142975888354,0.0002656635964222779,0.12138859511531414,-0.0012945339549332857,0.0,0.0,0.0,1.0,0.01753856963973413
6,Mutualistic09_route_memory_only,1,2 vs 3,0,2.0,0.0,0.0,0.005,0.20778481353153574,0.18254263128371948,0.9248123828400957,0.00015811725525731782,0.16389467796568383,-0.0006531557028597974,0.0007698679270454685,1.9936368357652718,0.42184437108455236,0.0,0.2254832182475861
6,Mutualistic09_route_memory_only,1,2 vs 3,2,2.0,0.0,0.0,0.005,0.07618035183862802,0.08962893327499957,0.9641367222400422,0.00029887419116496425,0.06231127917132479,-0.0014270224826450043,0.0014115754617724885,1.4523129437832123,0.27942645613183364,0.0,0.08853049837845436
6,Mutualistic09_route_memory_only,1,2 vs 3,3,2.0,0.0,0.0,0.005,0.0731371532967116,0.1065207211736669,0.956330326009304,0.0003790021745529318,0.07095624221132156,-0.0018654476771963403,0.0007501134192701083,1.1735131981525015,0.27938883735778486,0.5,0.08426112206058299
6,Mutualistic09_route_memory_only,1,2 vs 3,14,2.0,0.0,0.0,0.005,0.03449029257481403,0.10017329708058784,0.9641857413535423,0.00027859165721260884,0.16051973509503173,-0.001329474151134491,0.0007879771433858588,1.3434954298303483,0.15399591212577007,1.0,0.040625618037549736
6,Mutualistic09_route_memory_only,2,4 vs 5,0,2.0,0.0,0.0,0.005,0.11328551928175891,0.22172234175687142,0.9253006907219582,0.0017396497940237478,0.3950378476305211,-0.008002060148468677,0.0010179019120690274,0.8548404601601663,0.3491944415517092,0.0,0.15023408334781516
6,Mutualistic09_route_memory_only,2,4 vs 5,2,2.0,0.0,0.0,0.005,0.0049655087629055725,0.05977422109943755,0.9839005216639093,9.2238961404659e-06,0.14814143580325106,-1.4602048124404664e-05,0.0007980577942594499,0.9092164597612746,0.3046081605109763,0.0,0.01774020911134938
6,Mutualistic09_route_memory_only,2,4 vs 5,3,2.0,0.0,0.0,0.005,0.004334635433166268,0.04476571503154775,0.9874872793542578,8.526607222263204e-05,0.10983534997448008,-0.0004190287423974022,0.001022582098580352,0.8453719222799261,0.25692437081894975,0.5,0.015273345495633622
6,Mutualistic09_route_memory_only,2,4 vs 5,14,2.0,0.0,0.0,0.005,0.0010515367587473482,0.020926241921459105,0.993140606170005,2.5899501548988544e-06,0.08252314319635959,-1.2883418635960589e-05,0.0006740325916325673,0.8419236452021497,0.1439736580595057,1.0,0.006114156084491852
6,Mutualistic09_route_memory_only,3,6 vs 7,0,2.0,0.0,0.0,0.005,0.07285098366914912,0.018350262006625852,0.9951893040474425,6.934750951871892e-05,0.23921471808422753,-0.00032102608151654614,0.0007667247592372463,0.8134509945909183,0.7073516670931527,0.0,0.10638670674822431
6,Mutualistic09_route_memory_only,3,6 vs 7,2,2.0,0.0,0.0,0.005,0.0051693189790115715,0.005457405570617064,0.9987572596428242,1.7144826515843616e-06,0.10020694739006936,-6.450860305352414e-06,0.0007880790845832807,0.6901404667407909,0.3793084247315184,0.0,0.01892133152231257
6,Mutualistic09_route_memory_only,3,6 vs 7,3,2.0,0.0,0.0,0.005,0.004076630010844228,0.005808007853858648,0.9986274876493089,1.6710473765386419e-06,0.11867049891263881,-6.9659064583321835e-06,0.0005924825813866497,0.6687651872634888,0.3272570339923209,0.5,0.015600309588332126
6,Mutualistic09_route_memory_only,3,6 vs 7,14,2.0,0.0,0.0,0.005,0.0011844344541153057,0.003948351442615719,0.9991099935896853,2.0996767063553413e-07,0.21179913111189577,-9.700517229577328e-07,0.0008008655394734617,0.6994454492913916,0.19275607549129647,1.0,0.006843024775623641
6,Mutualistic09_route_memory_only,4,8 vs 9,0,2.0,0.0,0.0,0.005,0.08202268857944836,0.025205481733056777,0.9906912293839962,0.0002946585675596467,0.4283784787031881,-0.000956979391977508,0.001248949304275076,0.4426330477652571,0.6148541899511908,0.0,0.10756902162857512
6,Mutualistic09_route_memory_only,4,8 vs 9,2,2.0,0.0,0.0,0.005,0.008561637420999878,0.009688159935126834,0.9966840401608893,5.858706755555219e-06,1.6796650987990358,-1.6180605211473525e-05,0.0008393560866410398,0.40378097904489396,0.45374697954096693,0.0,0.021278670077469756
6,Mutualistic09_route_memory_only,4,8 vs 9,3,2.0,0.0,0.0,0.005,0.0051677916991583845,0.008461612848901843,0.9971376048757675,1.58143658196009e-05,1.0128036039940855,-5.72855921184763e-05,0.0008274200759416922,0.37372430905382686,0.39381346867439593,0.5,0.016550257782194207
6,Mutualistic09_route_memory_only,4,8 vs 9,14,2.0,0.0,0.0,0.005,0.0011098952270410163,0.00661372841940202,0.9979132439227815,6.296795915522812e-07,0.41147972801898386,-2.161005234464686e-06,0.0008562702268852476,0.38900898682310225,0.22072196735980662,1.0,0.006623089125261028
6,Mutualistic09_latent_only,0,0 vs 1,0,0.0,0.0,1.0,0.005,0.1773523097818202,0.37059732003414886,0.8682456637950654,0.0002510110136809283,0.07418005190227128,-0.0007670004158578021,0.0,0.0,0.0,0.0,0.1967783288118687
6,Mutualistic09_latent_only,0,0 vs 1,2,0.0,0.0,1.0,0.005,0.0349314472182317,0.1515794875139886,0.9553315804359761,0.0005129559449801974,0.06442424376554629,-0.0020928804841922953,0.0,0.0,0.0,0.0,0.04643186558275781
6,Mutualistic09_latent_only,0,0 vs 1,3,0.0,0.0,1.0,0.005,0.035275827181783126,0.12853224274325878,0.9596675380747369,0.0011263653797138258,0.06955098461835309,-0.005476159321025331,0.0,0.0,0.0,0.5,0.04660463551098996
6,Mutualistic09_latent_only,0,0 vs 1,14,0.0,0.0,1.0,0.005,0.012537394575972824,0.10571779104623388,0.9647142975888354,0.0002656635964222779,0.12138859511531414,-0.0012945339549332857,0.0,0.0,0.0,1.0,0.01753856963973413
6,Mutualistic09_latent_only,1,2 vs 3,0,0.0,0.0,1.0,0.005,0.22165466860887853,0.15125286238307648,0.9426687296400679,0.0010298712088811916,0.13515885849978695,-0.004895131083879065,0.0008364422345116606,0.23254066015633337,0.04014611324392001,0.0,0.2711604719466351
6,Mutualistic09_latent_only,1,2 vs 3,2,0.0,0.0,1.0,0.005,0.06946894328327889,0.02707853370365944,0.9947996976527762,0.00011287571288555246,0.16239883045249798,-0.0004352620465958372,0.00120635986556234,0.044087198602550844,0.008666538078575692,0.0,0.08636958092609619
6,Mutualistic09_latent_only,1,2 vs 3,3,0.0,0.0,1.0,0.005,0.062987476983603,0.03257997203221981,0.9938773550885789,9.333084226503334e-05,0.1861941332116406,-0.00036053022647157627,0.0009636544952840307,0.032016423342630586,0.0059217673954256676,0.5,0.07638600690567747
6,Mutualistic09_latent_only,1,2 vs 3,14,0.0,0.0,1.0,0.005,0.02379921185684965,0.058554890743912534,0.9866520369306524,9.095231068405406e-05,0.11620933891452373,-0.0003608655917676205,0.01814756415625836,0.01314984298152651,0.0023317945789189097,1.0,0.030087955276224206
6,Mutualistic09_latent_only,2,4 vs 5,0,0.0,0.0,1.0,0.005,0.11465453069181518,0.43672804597844467,0.8395191342272657,0.0009405929208866083,0.1298834329788038,-0.003933968438588558,0.0036919623861978563,0.07725672123121918,0.03461889589596738,0.0,0.17702684717926573
6,Mutualistic09_latent_only,2,4 vs 5,2,0.0,0.0,1.0,0.005,0.005970108932121954,0.035878449836944014,0.9911649582233835,9.04212052251325e-05,0.07599584298565033,-0.00045086154119765504,0.0009754605784535747,0.016502988940857825,0.0021942766888582324,0.0,0.019161046403361127
6,Mutualistic09_latent_only,2,4 vs 5,3,0.0,0.0,1.0,0.005,0.0039647617575494535,0.029511381356798587,0.9924988442278923,4.628546172809481e-05,0.06447130188028863,-0.00023028777634843866,0.0007006141902511058,0.015124546463026646,0.0017478804369060758,0.5,0.014787794407853421
6,Mutualistic09_latent_only,2,4 vs 5,14,0.0,0.0,1.0,0.005,0.001230361928390537,0.010586266168095965,0.997142086637781,6.636525563045383e-07,0.07178557267848482,-3.2586357655360343e-06,0.0012936452799972068,0.0032089087180793285,0.00047552932618542555,1.0,0.005734397435283407
6,Mutualistic09_latent_only,3,6 vs 7,0,0.0,0.0,1.0,0.005,0.08316035733181745,0.08233032280460317,0.9699926224160702,0.0010956795573544328,0.06887757930746104,-0.005338218697208039,0.001682943185903454,0.06281467187080073,0.044709566928585,0.0,0.14254095024885016
6,Mutualistic09_latent_only,3,6 vs 7,2,0.0,0.0,1.0,0.005,0.00973521938864538,0.008865408549838244,0.9982388552199019,5.095814763177607e-06,0.07375590923301717,-2.5324850402613905e-05,0.0005050609247422123,0.008854158014613898,0.00770833593931921,0.0,0.02728354403788739
6,Mutualistic09_latent_only,3,6 vs 7,3,0.0,0.0,1.0,0.005,0.007147448637740726,0.007153307820888276,0.9986080818987907,2.882246230620559e-06,0.07873084031521006,-1.4325643473483147e-05,0.0004111929301870987,0.006880727794734721,0.0057045520689496965,0.5,0.021495559748182905
6,Mutualistic09_latent_only,3,6 vs 7,14,0.0,0.0,1.0,0.005,0.0014060607794275943,0.009474923596420187,0.9983553696185985,5.068703404610479e-07,0.14758240463251762,-2.5272651753844097e-06,0.002186393785102174,0.0017716530809535624,0.0007538197517513911,1.0,0.006426812367553407
6,Mutualistic09_latent_only,4,8 vs 9,0,0.0,0.0,1.0,0.005,0.08164755538343749,0.0858986907083779,0.9677309000745733,0.0003637775759883918,0.28700546199515303,-0.0017730115734516307,0.0011521492839513465,0.04430131817695083,0.026416634631149984,0.0,0.12481959917126818
6,Mutualistic09_latent_only,4,8 vs 9,2,0.0,0.0,1.0,0.005,0.009119752893581036,0.011839531981287168,0.996672363991433,3.862454333674568e-06,0.3749141128773385,-1.8365681171417236e-05,0.0007866308709360074,0.010554377673233443,0.006913126287783714,0.0,0.02584654409834679
6,Mutualistic09_latent_only,4,8 vs 9,3,0.0,0.0,1.0,0.005,0.006324257166620264,0.015248963084230398,0.9955919220092448,3.6357229131236306e-06,0.34979048181087413,-1.7671142407554262e-05,0.0008644128679310249,0.00797425277848193,0.005305790411744346,0.5,0.020141209654034452
6,Mutualistic09_latent_only,4,8 vs 9,14,0.0,0.0,1.0,0.005,0.0013516375205499377,0.0114778600771852,0.9971554165190839,1.2989621958673582e-07,0.2898695278674998,-6.335371352256613e-07,0.0014597135119169872,0.001784387151116228,0.0010232048807665706,1.0,0.006193691151256257
6,Mutualistic09_route_plus_latent,0,0 vs 1,0,2.0,0.0,1.0,0.005,0.1773523097818202,0.37059732003414886,0.8682456637950654,0.0002510110136809283,0.07418005190227128,-0.0007670004158578021,0.0,0.0,0.0,0.0,0.1967783288118687
6,Mutualistic09_route_plus_latent,0,0 vs 1,2,2.0,0.0,1.0,0.005,0.0349314472182317,0.1515794875139886,0.9553315804359761,0.0005129559449801974,0.06442424376554629,-0.0020928804841922953,0.0,0.0,0.0,0.0,0.04643186558275781
6,Mutualistic09_route_plus_latent,0,0 vs 1,3,2.0,0.0,1.0,0.005,0.035275827181783126,0.12853224274325878,0.9596675380747369,0.0011263653797138258,0.06955098461835309,-0.005476159321025331,0.0,0.0,0.0,0.5,0.04660463551098996
6,Mutualistic09_route_plus_latent,0,0 vs 1,14,2.0,0.0,1.0,0.005,0.012537394575972824,0.10571779104623388,0.9647142975888354,0.0002656635964222779,0.12138859511531414,-0.0012945339549332857,0.0,0.0,0.0,1.0,0.01753856963973413
6,Mutualistic09_route_plus_latent,1,2 vs 3,0,2.0,0.0,1.0,0.005,0.2217949998981141,0.15877467378022822,0.9389835532675398,0.0009692031410734072,0.1354191716156028,-0.004583176066900821,0.0008563608528075224,0.23041641770891766,0.040225630368792176,0.0,0.27303614403973236
6,Mutualistic09_route_plus_latent,1,2 vs 3,2,2.0,0.0,1.0,0.005,0.06931173452671538,0.03568870088759255,0.9929755330085754,0.00011208577578803128,0.1832306884387706,-0.0004592713840464328,0.0011509188886540212,0.037487602099142175,0.008679769313993288,0.0,0.08851185979995321
6,Mutualistic09_route_plus_latent,1,2 vs 3,3,2.0,0.0,1.0,0.005,0.0620961290724734,0.040489388748686364,0.9921096918430734,0.00011428232554611353,0.34026454468356804,-0.0005214981179922185,0.0007059939643007037,0.022054569617389365,0.006202461584372089,0.5,0.07713729468114833
6,Mutualistic09_route_plus_latent,1,2 vs 3,14,2.0,0.0,1.0,0.005,0.0268875322938758,0.051457782058005636,0.9886515292715519,0.00018132235415936173,0.6515936509884418,-0.0007577232045537614,0.0008303461930715476,0.01409850662891218,0.0034687380836483962,1.0,0.03601773766840392
6,Mutualistic09_route_plus_latent,2,4 vs 5,0,2.0,0.0,1.0,0.005,0.11969210698883584,0.4388409605685701,0.8071690151031982,0.0009955330572936757,0.5448350692366032,-0.004299785188855009,0.0004623742047152383,0.09318703580341188,0.039497449524091316,0.0,0.18622606707380174
6,Mutualistic09_route_plus_latent,2,4 vs 5,2,2.0,0.0,1.0,0.005,0.012253824106239259,0.18403623744528344,0.9226509015610878,0.00018520504429343806,0.08495314993915405,-0.0008352062308249321,0.0003941577704879703,0.03496584811426224,0.012364374731290848,0.0,0.03454368399020205
6,Mutualistic09_route_plus_latent,2,4 vs 5,3,2.0,0.0,1.0,0.005,0.012043356137508725,0.10938931755880092,0.9574719007979048,0.0008769973489628397,0.18325959990745994,-0.004217887619272508,0.0005883750087532656,0.03223155898616669,0.009864514168510412,0.5,0.03104162687792423
6,Mutualistic09_route_plus_latent,2,4 vs 5,14,2.0,0.0,1.0,0.005,0.0019304701127111912,0.039921131103913834,0.9859371172620895,4.3145931544315435e-06,4.0743008370095115,-1.8548448272842043e-05,0.0003975611842643628,0.011408499224071807,0.0019694038572661736,1.0,0.008520965058198
6,Mutualistic09_route_plus_latent,3,6 vs 7,0,2.0,0.0,1.0,0.005,0.1066958925865115,0.1681071639536543,0.9366128393944274,0.004952231358750376,0.05783228583614084,-0.022507100584025077,0.0006988741500963248,0.06255858147087306,0.05498848262396542,0.0,0.1782564476449439
6,Mutualistic09_route_plus_latent,3,6 vs 7,2,2.0,0.0,1.0,0.005,0.0058172684796947115,0.01659109169973972,0.9972521117393006,2.5003584906176486e-05,0.10463890132117779,-0.00010813436312402817,0.0007981295071039448,0.015962295343187896,0.003660345024013139,0.0,0.022057148806275205
6,Mutualistic09_route_plus_latent,3,6 vs 7,3,2.0,0.0,1.0,0.005,0.004574773813340258,0.010551995062764654,0.9983772939824044,1.057606467393851e-05,0.11179874219158863,-4.482794889902815e-05,0.0005513085314769922,0.011562183875828348,0.002775603365351228,0.5,0.018164676079090607
6,Mutualistic09_route_plus_latent,3,6 vs 7,14,2.0,0.0,1.0,0.005,0.0013805857755521194,0.0027610710822045803,0.9996303662340692,3.2225793052504664e-07,0.3538532884831124,-9.468825969924318e-07,0.0005531427575098202,0.009740091364909994,0.0014055938536717378,1.0,0.008198088094433571
6,Mutualistic09_route_plus_latent,4,8 vs 9,0,2.0,0.0,1.0,0.005,0.07089941090646576,0.04179815294597536,0.9861082637563665,0.00023716534461803524,0.28219394262959346,-0.0011347210371589406,0.000789301502276856,0.04868094614512495,0.02606393590797373,0.0,0.115154374787148
6,Mutualistic09_route_plus_latent,4,8 vs 9,2,2.0,0.0,1.0,0.005,0.010134479694781786,0.0065414379846225395,0.9982903853375861,4.586823309691385e-06,0.4188157947773629,-1.9784372775478565e-05,0.0007499830744370442,0.005394900321683034,0.0054744303602963056,0.0,0.02740140049222936
6,Mutualistic09_route_plus_latent,4,8 vs 9,3,2.0,0.0,1.0,0.005,0.007401332160101292,0.009191984905207411,0.9975299251840469,5.404221251458867e-06,0.5825892128842942,-2.3030670993822687e-05,0.0006640954540690725,0.003675881944141014,0.004171451038502632,0.5,0.02203826717239745
6,Mutualistic09_route_plus_latent,4,8 vs 9,14,2.0,0.0,1.0,0.005,0.0015588079485051492,0.004381360305334501,0.9989394849919259,2.7015686920636423e-07,1.619117462888677,-8.479791118743572e-07,0.0006592302213787062,0.0012210465347186285,0.0008351908999178162,1.0,0.007971227505898222
6,Mutualistic09_full_functional_memory,0,0 vs 1,0,2.0,1.0,1.0,0.006,0.17743963597619788,0.3416359862114521,0.8778358225492721,0.00023271771616345646,0.10348242676217466,-0.0007207335785348365,0.0,0.0,0.0,0.0,0.19723800538068123
6,Mutualistic09_full_functional_memory,0,0 vs 1,2,2.0,1.0,1.0,0.006,0.0322267482493152,0.14344127222578576,0.957436406866033,0.00030901095172997345,0.08379712976277509,-0.0011610357942891882,0.0,0.0,0.0,0.0,0.044049442805191304
6,Mutualistic09_full_functional_memory,0,0 vs 1,3,2.0,1.0,1.0,0.006,0.03429389091089685,0.11566615326607481,0.9634638022869191,0.0010119636468320617,0.11852384212010718,-0.004908635330564798,0.0,0.0,0.0,0.5,0.04547043509305792
6,Mutualistic09_full_functional_memory,0,0 vs 1,14,2.0,1.0,1.0,0.006,0.011704142647547686,0.08545899779555645,0.9729643134360618,9.075820591359398e-05,0.26488138140833123,-0.0003112571318931085,0.0,0.0,0.0,1.0,0.016253256268720043
6,Mutualistic09_full_functional_memory,1,2 vs 3,0,2.0,1.0,1.0,0.006,0.19669330231052765,0.23087047769668254,0.9223663325005389,0.001217086403677116,0.1905156159996392,-0.005695473640523059,0.0007354230191464361,0.044676455481942656,0.02804581937008597,0.0,0.2852080007816883
6,Mutualistic09_full_functional_memory,1,2 vs 3,2,2.0,1.0,1.0,0.006,0.06358968767713993,0.23851609166632307,0.9142520427703857,0.00019724827679385,0.07011998558734009,-0.0007745111559299713,0.0013484088405404807,0.010043540652445022,0.006463436181954247,0.0,0.09350640786455032
6,Mutualistic09_full_functional_memory,1,2 vs 3,3,2.0,1.0,1.0,0.006,0.05723516240795242,0.21467365673247804,0.9163105449777968,0.0002528782494974098,0.05867024901585574,-0.0011859529631886077,0.0007181016938549409,0.0056686633578600714,0.005381556217895544,0.5,0.07915477296139331
6,Mutualistic09_full_functional_memory,1,2 vs 3,14,2.0,1.0,1.0,0.006,0.01917256179582724,0.17308176610064,0.9301146700027141,6.139053860828369e-05,0.09053339535107915,-0.0002932935021817684,0.0008025567853245717,0.0032513665426720647,0.002719310600251118,1.0,0.032202988169453245
6,Mutualistic09_full_functional_memory,2,4 vs 5,0,2.0,1.0,1.0,0.006,0.13971459279035,0.23224720723451453,0.91864383347491,0.0008945200786021157,0.44136752315024114,-0.004159838991596344,0.0005464940241700846,0.01889549105439112,0.033101461009751566,0.0,0.2135619430782947
6,Mutualistic09_full_functional_memory,2,4 vs 5,2,2.0,1.0,1.0,0.006,0.014008053845943922,0.05288162026950653,0.9874738974774138,4.467065731021532e-05,0.5718518635059925,-0.00020037719266528779,0.00040452078467345193,0.0028902547225910934,0.009810530590487922,0.0,0.03713931250286863
6,Mutualistic09_full_functional_memory,2,4 vs 5,3,2.0,1.0,1.0,0.006,0.009741414992257636,0.03396414652308251,0.9925308531903206,3.510636913398094e-05,0.42992085028201976,-0.00015837068055221375,0.0005727514498891864,0.0020049944064243043,0.007514485623687506,0.5,0.02851240186298147
6,Mutualistic09_full_functional_memory,2,4 vs 5,14,2.0,1.0,1.0,0.006,0.002213035997478886,0.010895520210900206,0.9976412159331302,1.2379560992768501e-06,1.4772001479534393,-4.5544844358525375e-06,0.00039034258872774484,0.0004517912636808258,0.001842173817072143,1.0,0.009673525658535196
6,Mutualistic09_full_functional_memory,3,6 vs 7,0,2.0,1.0,1.0,0.006,0.11204587890112654,0.06614763666182122,0.9797462377142399,0.0013491370217649245,0.0966918121706298,-0.006552174370339576,0.0005347324367710129,0.01340305422707659,0.06233513623010367,0.0,0.20020085874390095
6,Mutualistic09_full_functional_memory,3,6 vs 7,2,2.0,1.0,1.0,0.006,0.008715193332272006,0.18765213245407064,0.9285420154003386,0.0007318438103848553,0.015661602329581657,-0.00295051958094886,0.0005355973006907276,0.0028920985357043273,0.008759282628430965,0.0,0.03364569610579217
6,Mutualistic09_full_functional_memory,3,6 vs 7,3,2.0,1.0,1.0,0.006,0.004502535426117321,0.057364365125590185,0.98584416952539,0.0004943219401730915,0.025506266729628788,-0.0023406872382149735,0.00041012136383908505,0.0017801379906310839,0.0031854281414973925,0.5,0.020010210335888762
6,Mutualistic09_full_functional_memory,3,6 vs 7,14,2.0,1.0,1.0,0.006,0.001595376175828278,0.012134336906069137,0.9972650573608723,0.0001708277292487629,0.034484539815086,-0.0008514626558493585,0.0004925777561669398,0.00029001109013482534,0.0005629585685575024,1.0,0.008365509972134803
6,Mutualistic09_full_functional_memory,4,8 vs 9,0,2.0,1.0,1.0,0.006,0.0668187618770815,0.06163779931499603,0.9784984017940278,0.0004087291976867028,0.35283055038010563,-0.0019138916890988958,0.0005821551063065195,0.007817839325675681,0.01985203573465387,0.0,0.11148946312196711
6,Mutualistic09_full_functional_memory,4,8 vs 9,2,2.0,1.0,1.0,0.006,0.009606416327284371,0.01125983112154806,0.9966139387577138,1.5162282519223153e-05,0.37836623382061085,-5.8924204650077416e-05,0.0006833483933773327,0.0017789898469964874,0.005497787980006096,0.0,0.028580032487181908
6,Mutualistic09_full_functional_memory,4,8 vs 9,3,2.0,1.0,1.0,0.006,0.006771487510822555,0.011025404126601333,0.9969550358488205,1.2541269278641422e-05,0.32286092004877454,-4.877653864628457e-05,0.0006413993698051273,0.0012486996240616637,0.003833706134018746,0.5,0.02213754600032847
6,Mutualistic09_full_functional_memory,4,8 vs 9,14,2.0,1.0,1.0,0.006,0.0014522919961390025,0.004800198948942125,0.9987598163016299,6.91441139956188e-07,0.10723463144708187,-2.696671760938269e-06,0.0006809188924578732,0.00026181096736183193,0.0008521824740765101,1.0,0.007832772088573968
7,Mutualistic09_distill_only,0,0 vs 1,0,0.0,1.0,0.0,0.005,0.17753416054109308,0.41807995800008163,0.8486180914209244,0.0007245457028205992,0.0666201528864552,-0.002296525073495317,0.0,0.0,0.0,0.0,0.20035106038793604
7,Mutualistic09_distill_only,0,0 vs 1,2,0.0,1.0,0.0,0.005,0.03366199523170895,0.14636566109479743,0.9566852957644361,0.00044078300667953294,0.04751481325860987,-0.001845710554179993,0.0,0.0,0.0,0.0,0.04583274176780214
7,Mutualistic09_distill_only,0,0 vs 1,3,0.0,1.0,0.0,0.005,0.025597594192925285,0.1303485652550738,0.9618233949580091,0.00013506499639566135,0.04575267715498488,-0.0002599800540570249,0.0,0.0,0.0,0.5,0.03541327901977174
7,Mutualistic09_distill_only,0,0 vs 1,14,0.0,1.0,0.0,0.005,0.007556512213728213,0.0909667673738713,0.9735091950031037,0.00015906246527904046,0.11895069464090023,-0.0005044646380330495,0.0,0.0,0.0,1.0,0.01209147767896982
7,Mutualistic09_distill_only,1,2 vs 3,0,0.0,1.0,0.0,0.005,0.18644001398314822,0.16615456136617254,0.9426990988406729,0.001245119853200912,0.03455731230094395,-0.005843364732696655,0.0008474828104555583,0.05842325040445777,0.3874165248992714,0.0,0.2612976125897245
7,Mutualistic09_distill_only,1,2 vs 3,2,0.0,1.0,0.0,0.005,0.07121627024830655,0.13953133418839028,0.9516925329857684,0.0008102698881275307,0.023165504020227594,-0.0037371616493514243,0.0006327937583378986,0.010683107011495753,0.24413450918299087,0.0,0.0933214915876693
7,Mutualistic09_distill_only,1,2 vs 3,3,0.0,1.0,0.0,0.005,0.061520491191681397,0.1542568102161935,0.9450041347361625,0.0008815177264518462,0.016933260989583473,-0.004224007354771837,0.0006511074120148708,0.014254285735969848,0.23264836282172102,0.5,0.08664402730287389
7,Mutualistic09_distill_only,1,2 vs 3,14,0.0,1.0,0.0,0.005,0.023397790069909805,0.1313324470786338,0.9574007937248717,0.00023362315487054032,0.11490684882192774,-0.0011004380921417094,0.0007444746318102634,0.005002048934136141,0.12823033316972407,1.0,0.03455212787586324
7,Mutualistic09_distill_only,2,4 vs 5,0,0.0,1.0,0.0,0.005,0.11665733320083707,0.38455853817310737,0.8537128656468493,0.001907548054426096,0.03046228596723906,-0.00902828851595838,0.0009104513542781129,0.020792470512149403,0.1323667861015952,0.0,0.16733262141017205
7,Mutualistic09_distill_only,2,4 vs 5,2,0.0,1.0,0.0,0.005,0.006342676914039444,0.1594354454824265,0.937511773819619,0.00030559563216480995,0.012504714337874829,-0.0014678466807496041,0.0007569044354703634,0.0045179957722095735,0.21119942024667213,0.0,0.025103162775965446
7,Mutualistic09_distill_only,2,4 vs 5,3,0.0,1.0,0.0,0.005,0.004304065071838967,0.12533872384340206,0.9507789789362157,0.00016854413834461687,0.01473013400638902,-0.0008183105407837541,0.0007728341173633259,0.003972181205717015,0.18873591308898113,0.5,0.02042234241169818
7,Mutualistic09_distill_only,2,4 vs 5,14,0.0,1.0,0.0,0.005,0.0012150173139897115,0.043248420700113824,0.9836870901128079,1.5814536009203263e-06,0.0246629711399053,-7.731996060527386e-06,0.0008832738484612646,0.0005788020368546565,0.1412958195234867,1.0,0.007422509405048604
7,Mutualistic09_distill_only,3,6 vs 7,0,0.0,1.0,0.0,0.005,0.0762734567112428,0.0409338717210166,0.9853549105055789,0.0014029828265378493,0.04828339410906143,-0.0062323713259018485,0.001743342290246027,0.03918730222306533,0.3964919068830762,0.0,0.1396898535337854
7,Mutualistic09_distill_only,3,6 vs 7,2,0.0,1.0,0.0,0.005,0.0052843877025186385,0.009958288226118113,0.9969563725146842,4.290859785028454e-05,0.07292171107961777,-0.00019537885376113526,0.0011691021924328177,0.0032484558723034694,0.28501728050252223,0.0,0.023278826490995733
7,Mutualistic09_distill_only,3,6 vs 7,3,0.0,1.0,0.0,0.005,0.004095454551675853,0.012738207999141292,0.995528924972453,1.7275463386809823e-05,0.05232471069122883,-7.50883928242516e-05,0.0012427148479780064,0.0021735692837652055,0.25293824076652527,0.5,0.019321533712617894
7,Mutualistic09_distill_only,3,6 vs 7,14,0.0,1.0,0.0,0.005,0.0012549057805989969,0.006698371670976717,0.9979015056123125,1.6746641503694243e-06,0.05885479480345199,-7.416250461593587e-06,0.00241721162765703,0.000556305476880454,0.12904898299181716,1.0,0.007817615556748623
7,Mutualistic09_distill_only,4,8 vs 9,0,0.0,1.0,0.0,0.005,0.1081015469823429,0.04855220604370883,0.9811890822775821,0.0004550865197182264,0.09109545550606352,-0.002235171484186294,0.005973133394752253,0.0243266333772555,0.15952640948222674,0.0,0.1577069472442282
7,Mutualistic09_distill_only,4,8 vs 9,2,0.0,1.0,0.0,0.005,0.008405961002163748,0.007515349895061747,0.9972679374065805,1.116066508211528e-05,0.08709535002708435,-5.359013386546297e-05,0.00523908063026264,0.0030211993924124125,0.1675445653022604,0.0,0.02649006651754075
7,Mutualistic09_distill_only,4,8 vs 9,3,0.0,1.0,0.0,0.005,0.007240345107114061,0.00459760910350869,0.9984677725649894,3.935868278404087e-06,0.09187486101972296,-1.8007181426312063e-05,0.0057651713946239745,0.0023884635066930603,0.16344034386442063,0.5,0.0224110649779756
7,Mutualistic09_distill_only,4,8 vs 9,14,0.0,1.0,0.0,0.005,0.001362453375824113,0.003201638778765745,0.9989774607597514,4.433818733179266e-07,0.10053004118356298,-1.9438361669791506e-06,0.005486716333023728,0.0005272765002371941,0.10141139382377584,1.0,0.007091761626144673
7,Mutualistic09_route_memory_only,0,0 vs 1,0,2.0,0.0,0.0,0.005,0.17753416054109308,0.41807995800008163,0.8486180914209244,0.0007245457028205992,0.0666201528864552,-0.002296525073495317,0.0,0.0,0.0,0.0,0.20035106038793604
7,Mutualistic09_route_memory_only,0,0 vs 1,2,2.0,0.0,0.0,0.005,0.03366199523170895,0.14636566109479743,0.9566852957644361,0.00044078300667953294,0.04751481325860987,-0.001845710554179993,0.0,0.0,0.0,0.0,0.04583274176780214
7,Mutualistic09_route_memory_only,0,0 vs 1,3,2.0,0.0,0.0,0.005,0.025597594192925285,0.1303485652550738,0.9618233949580091,0.00013506499639566135,0.04575267715498488,-0.0002599800540570249,0.0,0.0,0.0,0.5,0.03541327901977174
7,Mutualistic09_route_memory_only,0,0 vs 1,14,2.0,0.0,0.0,0.005,0.007556512213728213,0.0909667673738713,0.9735091950031037,0.00015906246527904046,0.11895069464090023,-0.0005044646380330495,0.0,0.0,0.0,1.0,0.01209147767896982
7,Mutualistic09_route_memory_only,1,2 vs 3,0,2.0,0.0,0.0,0.005,0.1699058085362962,0.11206358504739214,0.9626968870771692,0.0007757468632762345,0.05538715834808635,-0.003349683108799001,0.003027977836435194,1.0564221554171689,0.3910522423213982,0.0,0.19292570975549678
7,Mutualistic09_route_memory_only,1,2 vs 3,2,2.0,0.0,0.0,0.005,0.07099315365578265,0.04134866460523707,0.9865777340341122,0.0003354928249934269,0.032152557200653124,-0.0016591323024414955,0.0016395828613972395,0.9627786291406509,0.28457277505955797,0.0,0.08470988130949914
7,Mutualistic09_route_memory_only,1,2 vs 3,3,2.0,0.0,0.0,0.005,0.06226001880032585,0.05089321161838288,0.9838805236714951,0.0006637177511320134,0.04458378866919257,-0.0031781415752273924,0.0008957392201216166,1.0952113841442352,0.24414091446298233,0.5,0.07298804443091789
7,Mutualistic09_route_memory_only,1,2 vs 3,14,2.0,0.0,0.0,0.005,0.031487866473245495,0.04199012582923504,0.9866745611454578,0.0002078395555979617,0.041742139555355336,-0.0009824505987319542,0.0008228667435840644,1.3116939042476898,0.1875897135506285,1.0,0.03761332402838037
7,Mutualistic09_route_memory_only,2,4 vs 5,0,2.0,0.0,0.0,0.005,0.11055086931570414,0.08362489732656073,0.9686861672299973,0.0006868384889886172,0.04549038291294524,-0.0028429043756679016,0.0009973517110840012,3.0832461160692004,0.4274652329176922,0.0,0.14219295340491103
7,Mutualistic09_route_memory_only,2,4 vs 5,2,2.0,0.0,0.0,0.005,0.006125385397450721,0.046112027811877274,0.9823361571798933,3.912236527077598e-06,0.02612720211928195,-1.431550790971898e-05,0.0007930213544162317,1.5702428995294775,0.32122592659706767,0.0,0.019250732390804492
7,Mutualistic09_route_memory_only,2,4 vs 5,3,2.0,0.0,0.0,0.005,0.004279903512685857,0.044677719117162076,0.982924740365211,1.211250404042435e-06,0.0209686016029817,-4.1801076223875615e-06,0.0008391078768676999,1.4382888788872576,0.2929734283305229,0.5,0.015408298813123653
7,Mutualistic09_route_memory_only,2,4 vs 5,14,2.0,0.0,0.0,0.005,0.0010839875569527454,0.03118790547422906,0.987887386311876,1.733119516458412e-07,0.02316691284563313,-5.978707006161517e-07,0.0007418515759785263,1.2386857550194923,0.19186972557230197,1.0,0.006294912777524045
7,Mutualistic09_route_memory_only,3,6 vs 7,0,2.0,0.0,0.0,0.005,0.08828504249810222,0.04448090727500459,0.9827637177832583,0.0007689525929070356,0.051502516849877986,-0.0029438728109953253,0.0014672035239469705,3.171661022056475,0.9144031367205242,0.0,0.12112516545234843
7,Mutualistic09_route_memory_only,3,6 vs 7,2,2.0,0.0,0.0,0.005,0.005564941232033232,0.02359541336153733,0.9908208428545201,5.036315237001621e-07,0.041040449700456984,1.4492548368078598e-05,0.0007485626206579718,1.4201867047776566,0.46816605075876766,0.0,0.019491937051111078
7,Mutualistic09_route_memory_only,3,6 vs 7,3,2.0,0.0,0.0,0.005,0.004168184137249247,0.021179311165705005,0.9920560045445219,2.1525341373170646e-07,0.04521831477734637,1.753700223374874e-05,0.0009709123115750659,1.228144199290174,0.39922975542697503,0.5,0.016662205906307445
7,Mutualistic09_route_memory_only,3,6 vs 7,14,2.0,0.0,0.0,0.005,0.0013182757774050883,0.02113402871157419,0.9918490381951027,2.0818527505334202e-08,0.04419842112730158,2.7210174247305443e-06,0.0008118745712674857,0.8013454688356277,0.2108285151263501,1.0,0.007338820104586317
7,Mutualistic09_route_memory_only,4,8 vs 9,0,2.0,0.0,0.0,0.005,0.15217658046117805,0.020209404990384157,0.9917246204741458,0.00130913812534778,0.12526265844861242,-0.006530876380411234,0.0015935294950588984,1.1354575615481193,0.626413555939662,0.0,0.1817661890799695
7,Mutualistic09_route_memory_only,4,8 vs 9,2,2.0,0.0,0.0,0.005,0.009499280208206557,0.017365984504725387,0.9929496798109501,8.911941438744082e-05,0.2400733137384374,-0.0004449739031731448,0.0007958547258625758,0.7046679359801272,0.4863380624892864,0.0,0.024863167646083425
7,Mutualistic09_route_memory_only,4,8 vs 9,3,2.0,0.0,0.0,0.005,0.007326414397461934,0.0172940080222535,0.9927550300638727,2.647434866679405e-05,0.250652218752719,-0.00013184670775019108,0.0006116604535565513,0.6277651710713164,0.44473823587945166,0.5,0.02054560119088026
7,Mutualistic09_route_memory_only,4,8 vs 9,14,2.0,0.0,0.0,0.005,0.0013954486658281468,0.015254732980541488,0.9938016660670017,5.808109219900436e-07,0.13802677567334884,-2.8335712255632625e-06,0.0008022636698792377,0.440757599282772,0.2845151747794861,1.0,0.007452605926293008
7,Mutualistic09_latent_only,0,0 vs 1,0,0.0,0.0,1.0,0.005,0.17753416054109308,0.41807995800008163,0.8486180914209244,0.0007245457028205992,0.0666201528864552,-0.002296525073495317,0.0,0.0,0.0,0.0,0.20035106038793604
7,Mutualistic09_latent_only,0,0 vs 1,2,0.0,0.0,1.0,0.005,0.03366199523170895,0.14636566109479743,0.9566852957644361,0.00044078300667953294,0.04751481325860987,-0.001845710554179993,0.0,0.0,0.0,0.0,0.04583274176780214
7,Mutualistic09_latent_only,0,0 vs 1,3,0.0,0.0,1.0,0.005,0.025597594192925285,0.1303485652550738,0.9618233949580091,0.00013506499639566135,0.04575267715498488,-0.0002599800540570249,0.0,0.0,0.0,0.5,0.03541327901977174
7,Mutualistic09_latent_only,0,0 vs 1,14,0.0,0.0,1.0,0.005,0.007556512213728213,0.0909667673738713,0.9735091950031037,0.00015906246527904046,0.11895069464090023,-0.0005044646380330495,0.0,0.0,0.0,1.0,0.01209147767896982
7,Mutualistic09_latent_only,1,2 vs 3,0,0.0,0.0,1.0,0.005,0.18495458233705225,0.17776849120855331,0.9445160044000503,0.002121456581373926,0.032906282741447634,-0.009397371969324476,0.002854789245325361,0.4261305432386159,0.05020826123345227,0.0,0.24560340969486438
7,Mutualistic09_latent_only,1,2 vs 3,2,0.0,0.0,1.0,0.005,0.06597373341309264,0.14580647362039445,0.9571815310640538,0.0007258075668087645,0.033196743832222445,-0.0033456660173040755,0.007430900398522932,0.044738071673411005,0.006188589168038774,0.0,0.08208200640659383
7,Mutualistic09_latent_only,1,2 vs 3,3,0.0,0.0,1.0,0.005,0.0593993254005909,0.14290697238546737,0.9580055132825324,0.0011723171313125468,0.022891783480287253,-0.005442012913842151,0.008445324980594377,0.03786237838063786,0.005235790042206645,0.5,0.07371537680638597
7,Mutualistic09_latent_only,1,2 vs 3,14,0.0,0.0,1.0,0.005,0.02306936972556596,0.16653353023402234,0.9481467186136449,0.00012993879776563807,0.03443488003091609,-0.0005900361748570774,0.09921073992835715,0.0077339816253949355,0.0009670029295251724,1.0,0.029300068643815975
7,Mutualistic09_latent_only,2,4 vs 5,0,0.0,0.0,1.0,0.005,0.11919565152059844,0.25245995851273234,0.9058200133607742,0.0005527444322011588,0.0755747389048338,-0.0026962567675620952,0.020003710120440797,0.15098912039049653,0.03592764071134375,0.0,0.17376262068431428
7,Mutualistic09_latent_only,2,4 vs 5,2,0.0,0.0,1.0,0.005,0.00900034063515511,0.07594418644588044,0.9766758946662254,4.30838530558097e-05,0.07054704396014518,-0.00020872646982365465,0.05765573941963784,0.03619579136609397,0.008676246016662805,0.0,0.028046142745842325
7,Mutualistic09_latent_only,2,4 vs 5,3,0.0,0.0,1.0,0.005,0.00506532916977526,0.07614430602877698,0.9768799289743951,1.8384667618328363e-05,0.05778437694336506,-8.975140294654572e-05,0.07310020067590348,0.0286867452904265,0.004597457745013402,0.5,0.01881493001859239
7,Mutualistic09_latent_only,2,4 vs 5,14,0.0,0.0,1.0,0.005,0.0012201933918441546,0.026721012104857476,0.9901637523732287,2.2325288723139122e-07,0.0643553098148488,-1.1016456212135071e-06,0.12418064506764108,0.004457267476840222,0.0006664639011897305,1.0,0.005977310904083734
7,Mutualistic09_latent_only,3,6 vs 7,0,0.0,0.0,1.0,0.005,0.07337976835588826,0.08668010531270758,0.9724282368700555,0.0006065482210304137,0.20672322445093316,-0.0025078763868263427,0.10592217188566289,0.06157723874159583,0.04452504222578508,0.0,0.13286473808136393
7,Mutualistic09_latent_only,3,6 vs 7,2,0.0,0.0,1.0,0.005,0.006647309545982391,0.020119226359306498,0.9960656800168626,1.5892670187489048e-05,0.12414429685536851,-7.125148747829681e-05,0.13394612787251778,0.007606552765169677,0.0038391764701760198,0.0,0.021779573978261746
7,Mutualistic09_latent_only,3,6 vs 7,3,0.0,0.0,1.0,0.005,0.005263715160099116,0.0270246749624927,0.9940825700759888,1.717501917715089e-05,0.12022072504809563,-7.296242612473508e-05,0.13659551169009918,0.004753430869351042,0.002798691872467703,0.5,0.017811341171569014
7,Mutualistic09_latent_only,3,6 vs 7,14,0.0,0.0,1.0,0.005,0.0014254770172323953,0.005064563498772839,0.999266710687191,7.066469666060197e-07,0.12313090375763305,-3.2869296425834617e-06,0.13499565549353335,0.0013668790615678943,0.0006731833706540551,1.0,0.0065902630065349825
7,Mutualistic09_latent_only,4,8 vs 9,0,0.0,0.0,1.0,0.005,0.09182626316125722,0.06066744903379932,0.9793027525252485,0.00035615385198365827,0.48640150787863645,-0.0016304794897107368,0.11725037972977821,0.09117002337258415,0.031346604190865886,0.0,0.14425118370576107
7,Mutualistic09_latent_only,4,8 vs 9,2,0.0,0.0,1.0,0.005,0.01003138167149526,0.009043283334517099,0.9977285912696351,4.021720010157085e-05,0.5308544122158213,-0.00019334335910513046,0.1260450618698242,0.010384530146071252,0.0064690970974241166,0.0,0.02724558879878927
7,Mutualistic09_latent_only,4,8 vs 9,3,0.0,0.0,1.0,0.005,0.007171421926072303,0.010358269138142783,0.997209830487028,2.188076750663166e-05,0.5090697832564091,-0.0001049964649087571,0.1268034502863884,0.007731045313932477,0.00494885346059628,0.5,0.02122242776478859
7,Mutualistic09_latent_only,4,8 vs 9,14,0.0,0.0,1.0,0.005,0.0015585016597934225,0.005925062523679214,0.9984394286541228,3.337766062404239e-07,0.5415153852168549,-1.2923289645225443e-06,0.12917188507445315,0.0019985549721589432,0.0011243715354717,1.0,0.006815155373608812
7,Mutualistic09_route_plus_latent,0,0 vs 1,0,2.0,0.0,1.0,0.005,0.17753416054109308,0.41807995800008163,0.8486180914209244,0.0007245457028205992,0.0666201528864552,-0.002296525073495317,0.0,0.0,0.0,0.0,0.20035106038793604
7,Mutualistic09_route_plus_latent,0,0 vs 1,2,2.0,0.0,1.0,0.005,0.03366199523170895,0.14636566109479743,0.9566852957644361,0.00044078300667953294,0.04751481325860987,-0.001845710554179993,0.0,0.0,0.0,0.0,0.04583274176780214
7,Mutualistic09_route_plus_latent,0,0 vs 1,3,2.0,0.0,1.0,0.005,0.025597594192925285,0.1303485652550738,0.9618233949580091,0.00013506499639566135,0.04575267715498488,-0.0002599800540570249,0.0,0.0,0.0,0.5,0.03541327901977174
7,Mutualistic09_route_plus_latent,0,0 vs 1,14,2.0,0.0,1.0,0.005,0.007556512213728213,0.0909667673738713,0.9735091950031037,0.00015906246527904046,0.11895069464090023,-0.0005044646380330495,0.0,0.0,0.0,1.0,0.01209147767896982
7,Mutualistic09_route_plus_latent,1,2 vs 3,0,2.0,0.0,1.0,0.005,0.1869217834257065,0.17977235624764829,0.9440338700375659,0.0020203504106207897,0.03588444922624671,-0.008906275350996789,0.0016219234015942617,0.3624325276801717,0.04640357506193934,0.0,0.24765031451874592
7,Mutualistic09_route_plus_latent,1,2 vs 3,2,2.0,0.0,1.0,0.005,0.06431178391930904,0.10492052280522407,0.96850412069483,0.0005900418180007887,0.022142087302586818,-0.0028485176648865356,0.0008142018151045975,0.056484030074182345,0.007246985590640217,0.0,0.08265402088774011
7,Mutualistic09_route_plus_latent,1,2 vs 3,3,2.0,0.0,1.0,0.005,0.05617035507283946,0.1128782885188752,0.9672214617120459,0.0010631860303526102,0.02764016310523383,-0.004960947531334897,0.0006507572329126637,0.04072845249654765,0.0054420752777777455,0.5,0.07139723383365794
7,Mutualistic09_route_plus_latent,1,2 vs 3,14,2.0,0.0,1.0,0.005,0.02994029464675708,0.08758799977442051,0.974602684061578,0.0005485125124350138,0.08392299162818397,-0.002167053857540831,0.0006659707490221178,0.020378844832327773,0.0033928790486397894,1.0,0.039493671578771254
7,Mutualistic09_route_plus_latent,2,4 vs 5,0,2.0,0.0,1.0,0.005,0.12492796556746706,0.16610157775117995,0.9418281443575596,0.0006041694763867322,0.1020987767409137,-0.001985002784652913,0.0010310913475358517,0.1320605473134647,0.035875163369247336,0.0,0.1820013315436688
7,Mutualistic09_route_plus_latent,2,4 vs 5,2,2.0,0.0,1.0,0.005,0.0147522859909433,0.06394617037570223,0.9755373039144151,4.695605674098532e-06,0.024126662753839442,-1.8654292092678395e-05,0.0008166107520779367,0.0360272011343152,0.012099885827604127,0.0,0.03875391427031223
7,Mutualistic09_route_plus_latent,2,4 vs 5,3,2.0,0.0,1.0,0.005,0.01045838594832953,0.056056387167661745,0.9780732101582467,1.634981252130528e-05,0.02200610947577243,-7.979730342296844e-05,0.0008446173603860711,0.026580225884359567,0.009104868060255305,0.5,0.030024396414135363
7,Mutualistic09_route_plus_latent,2,4 vs 5,14,2.0,0.0,1.0,0.005,0.0016746718555371812,0.010587579169449336,0.9963624692977743,1.2146824350139091e-08,0.08157546691437985,-4.465889899020499e-08,0.0008354884411675541,0.004067718653265942,0.0013862324536758218,1.0,0.008849909449828433
7,Mutualistic09_route_plus_latent,3,6 vs 7,0,2.0,0.0,1.0,0.005,0.07301685955137649,0.01961502613143084,0.9931888098412371,9.079706453529499e-05,0.5760746838090238,-0.0004452340542636019,0.0007825997949731437,0.05449438401124195,0.054172025616974276,0.0,0.1409487801980465
7,Mutualistic09_route_plus_latent,3,6 vs 7,2,2.0,0.0,1.0,0.005,0.009506343437873937,0.007955854280574366,0.9973655457192279,3.4571764201667458e-06,2.722741669796883,-1.6727395593485935e-05,0.0010568949045920545,0.01584732410636671,0.008778829246442368,0.0,0.030100835447615767
7,Mutualistic09_route_plus_latent,3,6 vs 7,3,2.0,0.0,1.0,0.005,0.006961482507672081,0.006919856715769051,0.9975825104307621,9.651196953487208e-07,2.8903434352671846,-4.618042247726562e-06,0.0010576957286870543,0.011417012285203375,0.006033956727131884,0.5,0.023890287397389718
7,Mutualistic09_route_plus_latent,3,6 vs 7,14,2.0,0.0,1.0,0.005,0.0017105199698794712,0.003785352766305763,0.9987252126348779,2.588829108118626e-08,2.9839334690824466,-1.2103230395215623e-07,0.0006745584195162705,0.002776599759136901,0.0013506604888615138,1.0,0.008931314186292125
7,Mutualistic09_route_plus_latent,4,8 vs 9,0,2.0,0.0,1.0,0.005,0.08996833365489827,0.046707075644046706,0.9813532524920524,5.2971913868131056e-05,0.10613076913943316,-0.00026393041728024785,0.0008253867176306889,0.07539460244204244,0.03622890354946573,0.0,0.14814717948753783
7,Mutualistic09_route_plus_latent,4,8 vs 9,2,2.0,0.0,1.0,0.005,0.010101001729515004,0.033914627447882865,0.9864086483387237,5.969839287468596e-06,0.5983989384580166,-2.9772381357690122e-05,0.0007198198066536396,0.012444763632610123,0.008524190981258103,0.0,0.031735137778710815
7,Mutualistic09_route_plus_latent,4,8 vs 9,3,2.0,0.0,1.0,0.005,0.007772509444584238,0.03356976121505524,0.9865189131270063,2.1010651239420044e-05,0.6103393486205567,-0.00010503224156638409,0.0006044793261296829,0.010674566377271363,0.006587191811822196,0.5,0.025491924203456716
7,Mutualistic09_route_plus_latent,4,8 vs 9,14,2.0,0.0,1.0,0.005,0.00194616943964378,0.02775652488653964,0.9887022135105539,1.1185765369537686e-05,0.9429496723286649,-5.5925633282737527e-05,0.000778103784002869,0.003101674374192953,0.0016826549966007154,1.0,0.009901754855317003
7,Mutualistic09_full_functional_memory,0,0 vs 1,0,2.0,1.0,1.0,0.006,0.17778753041428455,0.3930631974276076,0.8572292375437757,0.0006928204903691407,0.07709285785558871,-0.0022741971101532593,0.0,0.0,0.0,0.0,0.20059270411729813
7,Mutualistic09_full_functional_memory,0,0 vs 1,2,2.0,1.0,1.0,0.006,0.033690705736900896,0.13017230718693834,0.9612267867047736,0.0003842074837403414,0.04951630360347793,-0.0016102032894466786,0.0,0.0,0.0,0.0,0.045838012459113245
7,Mutualistic09_full_functional_memory,0,0 vs 1,3,2.0,1.0,1.0,0.006,0.02528399674895596,0.12686793300065588,0.9623057563254174,0.0001252792155858689,0.049286422716017735,-0.000400286207490779,0.0,0.0,0.0,0.5,0.03532733720667819
7,Mutualistic09_full_functional_memory,0,0 vs 1,14,2.0,1.0,1.0,0.006,0.007195432754629787,0.08487089366671886,0.9732140962113726,6.539577357893614e-05,0.0915943473339715,-0.00024736124992449866,0.0,0.0,0.0,1.0,0.011696571939961707
7,Mutualistic09_full_functional_memory,1,2 vs 3,0,2.0,1.0,1.0,0.006,0.1943637271352271,0.08883599802217584,0.9761281698308093,0.0011586094882891592,0.09113749793911491,-0.005409305637821238,0.0007865054286252842,0.03462653540241553,0.03365699036611601,0.0,0.27442136787353677
7,Mutualistic09_full_functional_memory,1,2 vs 3,2,2.0,1.0,1.0,0.006,0.06947699577567425,0.02790348061380234,0.9943111893978525,0.00011245726563310142,0.15531105722518676,-0.00036041157201249546,0.0007819457979999146,0.012615243973646393,0.010887224633405183,0.0,0.10304468243997147
7,Mutualistic09_full_functional_memory,1,2 vs 3,3,2.0,1.0,1.0,0.006,0.06577767792375798,0.023793823442402037,0.9953201210245173,0.00012739529097900154,0.2684759459596999,-0.00042873521910068835,0.0008000464476065238,0.013027624345998814,0.009533875597086041,0.5,0.09779733268821493
7,Mutualistic09_full_functional_memory,1,2 vs 3,14,2.0,1.0,1.0,0.006,0.02592886844649911,0.005560286972235809,0.9991932118192632,4.363621853149488e-06,0.8770619148903704,-1.6732998390464074e-05,0.000711335745941045,0.0018372866473695699,0.0031305446556987282,1.0,0.03685914562579165
7,Mutualistic09_full_functional_memory,2,4 vs 5,0,2.0,1.0,1.0,0.006,0.1518539624645355,0.03730121873160626,0.9895353811852475,0.00024416299590074417,0.06509406884458471,-0.001049553539524687,0.00047800136712310707,0.02246984186940802,0.0261198345267095,0.0,0.21651500257405829
7,Mutualistic09_full_functional_memory,2,4 vs 5,2,2.0,1.0,1.0,0.006,0.009795950349182524,0.20909582268684468,0.9089459700787321,6.761941970285979e-06,0.09390158467787377,-2.7804714726640824e-05,0.0003952339839185136,0.003679698590744049,0.0063178262059041795,0.0,0.03313380590778716
7,Mutualistic09_full_functional_memory,2,4 vs 5,3,2.0,1.0,1.0,0.006,0.005235428545386233,0.08114275566123902,0.9767070032180624,3.7241024673140512e-06,0.16854311937981464,-1.7255757677745312e-05,0.00045190722098499114,0.00242982091917161,0.00187873659269052,0.5,0.020226528352879462
7,Mutualistic09_full_functional_memory,2,4 vs 5,14,2.0,1.0,1.0,0.006,0.0013637083032703463,0.003177072845419195,0.9994773522336432,5.6105745994754297e-08,0.15028801988413992,-2.58934921882254e-07,0.00043528561756607195,0.00035883051942677257,0.00030613954406865735,1.0,0.007306477461168741
7,Mutualistic09_full_functional_memory,3,6 vs 7,0,2.0,1.0,1.0,0.006,0.06544782795963135,0.05429705531593967,0.9820545188924099,0.0003549746265236458,0.22164093671326943,-0.0017004885730591225,0.00046477831014310646,0.007822096337178714,0.04418240721396943,0.0,0.1345302770905038
7,Mutualistic09_full_functional_memory,3,6 vs 7,2,2.0,1.0,1.0,0.006,0.011121760231462564,0.016653640374065713,0.9960474612865042,4.138462755881943e-06,0.15982976999688656,-1.9711521553232316e-05,0.0005686808160154466,0.0011384896376725048,0.009104157005377273,0.0,0.03302183394577909
7,Mutualistic09_full_functional_memory,3,6 vs 7,3,2.0,1.0,1.0,0.006,0.007949914585085625,0.00840845189869721,0.9985103772041646,2.5900893102338632e-06,0.19626070844366195,-1.243343378635163e-05,0.0005318421700259081,0.0005975216237005797,0.00631350406663532,0.5,0.025018760577795354
7,Mutualistic09_full_functional_memory,3,6 vs 7,14,2.0,1.0,1.0,0.006,0.0019446533851999236,0.003480375893017713,0.9994797909513433,1.7744222021271733e-07,0.15836215209453663,-8.332315198284515e-07,0.0005337417543218025,0.00031946301262112374,0.0012339543058299163,1.0,0.009242304501698372
7,Mutualistic09_full_functional_memory,4,8 vs 9,0,2.0,1.0,1.0,0.006,0.11348305044180536,0.06920237851111179,0.9712786788636065,0.0008642680770980468,0.0992334017807499,-0.0027884290494183278,0.0006568972424615144,0.0156192336375983,0.03476913796955759,0.0,0.18472869250368565
7,Mutualistic09_full_functional_memory,4,8 vs 9,2,2.0,1.0,1.0,0.006,0.01266367286641864,0.07203999756181494,0.9709456309359125,5.310579634560894e-06,0.12487297330765014,-2.4071379386364145e-05,0.0005643967181621268,0.0017724370601230322,0.007650759269265418,0.0,0.03659554166679687
7,Mutualistic09_full_functional_memory,4,8 vs 9,3,2.0,1.0,1.0,0.006,0.009529296080879074,0.058342261596563014,0.9772590107106148,3.4160814106721146e-06,0.12497558983716558,-1.581145965672554e-05,0.0005129589978636471,0.0012506877822662764,0.0062814248884294896,0.5,0.02948837846200517
7,Mutualistic09_full_functional_memory,4,8 vs 9,14,2.0,1.0,1.0,0.006,0.001970650868470523,0.014885656753594571,0.9940805726862968,6.13711869766225e-08,0.12167675317601954,-2.568493537763332e-07,0.0005881992458059958,0.0003869810161438394,0.001470263502461479,1.0,0.0099649360958249
8,Mutualistic09_distill_only,0,0 vs 1,0,0.0,1.0,0.0,0.005,0.18170596841484943,0.6201706687186627,0.7583505821988937,0.0010250940920528554,0.030310072392123712,-0.004525188198114963,0.0,0.0,0.0,0.0,0.20188854420755772
8,Mutualistic09_distill_only,0,0 vs 1,2,0.0,1.0,0.0,0.005,0.030491286432965004,0.18008018174069992,0.9503783926050714,0.00031391344445898755,0.06266939511245236,-0.00103247565950485,0.0,0.0,0.0,0.0,0.04253048033631863
8,Mutualistic09_distill_only,0,0 vs 1,3,0.0,1.0,0.0,0.005,0.02676447683033791,0.18586977872442692,0.9483451513533897,0.00036158643978466144,0.06117995010015178,-0.001401955886010794,0.0,0.0,0.0,0.5,0.036745667061273087
8,Mutualistic09_distill_only,0,0 vs 1,14,0.0,1.0,0.0,0.005,0.007106190667477774,0.10291068644282665,0.9709462358596477,0.00010569312122784817,0.062153862383058096,-0.00027189735556021333,0.0,0.0,0.0,1.0,0.011771928578456665
8,Mutualistic09_distill_only,1,2 vs 3,0,0.0,1.0,0.0,0.005,0.1893905707971847,0.1874846908006262,0.9330460264327678,0.0009483392891283113,0.047161294771556526,-0.004252622736261246,0.0007765527014010118,0.03810403518133519,0.45352414788361245,0.0,0.24937040533157104
8,Mutualistic09_distill_only,1,2 vs 3,2,0.0,1.0,0.0,0.005,0.07391266350416427,0.14255290002898968,0.9524942750626422,0.00031087384453751433,0.045016994298574455,-0.0013526394329172499,0.0008233403198070672,0.011286155622888436,0.20696283401326931,0.0,0.09838987030881516
8,Mutualistic09_distill_only,1,2 vs 3,3,0.0,1.0,0.0,0.005,0.0660137810367853,0.1755694715266532,0.938128780811391,0.00022128369208201817,0.0675974447265307,-0.000991625632060335,0.0009061742346293226,0.008895640296148175,0.20750294911100509,0.5,0.08700192212424379
8,Mutualistic09_distill_only,1,2 vs 3,14,0.0,1.0,0.0,0.005,0.021401151311286587,0.10354033968550094,0.9666607126276544,0.0001784822108742872,0.046776037692944424,-0.0008016602492871437,0.0008356382879278402,0.003341155713721317,0.11966353353667766,1.0,0.03112038944233605
8,Mutualistic09_distill_only,2,4 vs 5,0,0.0,1.0,0.0,0.005,0.11896499438567999,0.5090840281324184,0.8221845411239787,0.0013039560589606209,0.5335331337645333,-0.0046809100288342925,0.0007321145419561443,0.018858418672839723,0.1486753620073556,0.0,0.16994606798633616
8,Mutualistic09_distill_only,2,4 vs 5,2,0.0,1.0,0.0,0.005,0.005431915464949735,0.1965044692475745,0.9474867823276114,4.480511786320502e-05,0.9486233668124422,-0.00018319584667048555,0.0007384068307765893,0.0019498333567753434,0.1697598581618451,0.0,0.021742415198303285
8,Mutualistic09_distill_only,2,4 vs 5,3,0.0,1.0,0.0,0.005,0.00399778039749474,0.13275019602572663,0.9666012779195258,2.534099241452071e-05,0.8727767606999012,-0.00010475880426770829,0.0008432506028645761,0.0013363851330916775,0.16238088810697515,0.5,0.017119581811130047
8,Mutualistic09_distill_only,2,4 vs 5,14,0.0,1.0,0.0,0.005,0.001107409034181941,0.016461999452811606,0.9968371112295922,8.195980600016519e-07,0.9748104582441613,-3.3898618409132705e-06,0.000715494143228267,0.000348583664472631,0.11089055969360027,1.0,0.0063574299057747455
8,Mutualistic09_distill_only,3,6 vs 7,0,0.0,1.0,0.0,0.005,0.07569526839367252,0.11168523709428438,0.9673440912936596,0.00033786556739753306,0.12276053032342424,-0.0012688585160736073,0.0005387393838200877,0.02283320086311544,0.4585230908891622,0.0,0.12643665558797249
8,Mutualistic09_distill_only,3,6 vs 7,2,0.0,1.0,0.0,0.005,0.005421402883973528,0.005646533506149624,0.9987763103018416,4.789653395675941e-06,0.15644785254559618,-2.1801072549312674e-05,0.0004734179098917632,0.002616043408163526,0.28284186568666014,0.0,0.02313312666213259
8,Mutualistic09_distill_only,3,6 vs 7,3,0.0,1.0,0.0,0.005,0.0044219919401121905,0.003482187268363827,0.9993282721397725,1.6466556151147445e-06,0.15624329225814088,-7.69720769467506e-06,0.0007237523257456215,0.0010508606544735424,0.24488998252026578,0.5,0.018460407932388023
8,Mutualistic09_distill_only,3,6 vs 7,14,0.0,1.0,0.0,0.005,0.0011878530148099712,0.000319315640266955,0.9999605949888838,3.09912456371445e-08,0.1453415369416805,-1.4802332016381813e-07,0.0004629145477473627,0.000388934789101613,0.12740432819787492,1.0,0.0074611358205847285
8,Mutualistic09_distill_only,4,8 vs 9,0,0.0,1.0,0.0,0.005,0.07284820118443446,0.010452309018991728,0.9974072905296975,0.00013301585716936023,0.1980208185045643,-0.0006304188690921094,0.00041642400061933356,0.0172898039734022,0.1498486631310872,0.0,0.11354985793537282
8,Mutualistic09_distill_only,4,8 vs 9,2,0.0,1.0,0.0,0.005,0.006150000381897738,0.0046501566081288016,0.998914103558723,1.3268207911996216e-05,0.33974237771744425,-5.6444092633876397e-05,0.00038673523588241026,0.002286998116649053,0.17852462384294956,0.0,0.022507497287811117
8,Mutualistic09_distill_only,4,8 vs 9,3,0.0,1.0,0.0,0.005,0.0045108035097810185,0.004515034659329722,0.9990030970979245,6.987996785856834e-06,0.3552121919520358,-2.9765114069302032e-05,0.00027164737337520914,0.001765891798137826,0.17390871333315017,0.5,0.01828591030170309
8,Mutualistic09_distill_only,4,8 vs 9,14,0.0,1.0,0.0,0.005,0.0012473858585779337,0.0012589487382780483,0.9997651348722741,3.1139315612101824e-07,0.19590438823116588,-1.2458619126614105e-06,0.00038340718334013143,0.0005509842260235405,0.12020815021180092,1.0,0.00705782428106412
8,Mutualistic09_route_memory_only,0,0 vs 1,0,2.0,0.0,0.0,0.005,0.18170596841484943,0.6201706687186627,0.7583505821988937,0.0010250940920528554,0.030310072392123712,-0.004525188198114963,0.0,0.0,0.0,0.0,0.20188854420755772
8,Mutualistic09_route_memory_only,0,0 vs 1,2,2.0,0.0,0.0,0.005,0.030491286432965004,0.18008018174069992,0.9503783926050714,0.00031391344445898755,0.06266939511245236,-0.00103247565950485,0.0,0.0,0.0,0.0,0.04253048033631863
8,Mutualistic09_route_memory_only,0,0 vs 1,3,2.0,0.0,0.0,0.005,0.02676447683033791,0.18586977872442692,0.9483451513533897,0.00036158643978466144,0.06117995010015178,-0.001401955886010794,0.0,0.0,0.0,0.5,0.036745667061273087
8,Mutualistic09_route_memory_only,0,0 vs 1,14,2.0,0.0,0.0,0.005,0.007106190667477774,0.10291068644282665,0.9709462358596477,0.00010569312122784817,0.062153862383058096,-0.00027189735556021333,0.0,0.0,0.0,1.0,0.011771928578456665
8,Mutualistic09_route_memory_only,1,2 vs 3,0,2.0,0.0,0.0,0.005,0.17669925529589045,0.1059412769973278,0.9654357915228986,0.0004239521469300714,0.09984339313938263,-0.0017142342601684814,0.002539540222061716,1.7682442815034363,0.3889984522346764,0.0,0.20429337912417472
8,Mutualistic09_route_memory_only,1,2 vs 3,2,2.0,0.0,0.0,0.005,0.0687114861100278,0.05912973165036516,0.9818704064856184,0.0002325544957223409,0.08865217587098162,-0.0011026732465054126,0.0015719272169588566,0.9398411499693039,0.25874135912732876,0.0,0.08393356029657607
8,Mutualistic09_route_memory_only,1,2 vs 3,3,2.0,0.0,0.0,0.005,0.06281884351467833,0.07069782381679149,0.9779478501766286,5.5424466260793704e-05,0.12664786155553573,-0.0002266544690157505,0.001129425830321394,1.1322667788951954,0.22939895347077796,0.5,0.07599640074879566
8,Mutualistic09_route_memory_only,1,2 vs 3,14,2.0,0.0,0.0,0.005,0.02693041404114759,0.09085257034352485,0.9724289787576553,0.00019509427850249614,0.06529862493118073,-0.0008453591627643463,0.0009904502818205807,1.5738042719820713,0.16330042291194835,1.0,0.03393602771486374
8,Mutualistic09_route_memory_only,2,4 vs 5,0,2.0,0.0,0.0,0.005,0.11198909545039877,0.22988040856224426,0.9202446341514587,0.0009286859947949663,0.33863061733860916,-0.003839293910943447,0.0014548739650598827,0.3218277025619674,0.28908732580082946,0.0,0.1462966049525966
8,Mutualistic09_route_memory_only,2,4 vs 5,2,2.0,0.0,0.0,0.005,0.00510008647007511,0.03738608797813984,0.9878438318029363,2.189769972823284e-05,0.07652297045322175,-0.00010579689207704777,0.0007692230315018256,0.8604885770919475,0.2602700004552273,0.0,0.01737233550545383
8,Mutualistic09_route_memory_only,2,4 vs 5,3,2.0,0.0,0.0,0.005,0.0033774153487955002,0.03695983221714801,0.9858603312614116,2.6229801123724643e-05,0.062316488712391954,-0.00012784042058789984,0.0009402244763902112,0.8663019043333987,0.2449832203540396,0.5,0.014047954429654366
8,Mutualistic09_route_memory_only,2,4 vs 5,14,2.0,0.0,0.0,0.005,0.0009707789595654987,0.014439561354749381,0.9940856745902528,2.298358994367199e-06,0.048438820195324875,-1.1463541824846192e-05,0.0007609605192865661,0.9902176641403361,0.1841434325943602,1.0,0.005893590760991928
8,Mutualistic09_route_memory_only,3,6 vs 7,0,2.0,0.0,0.0,0.005,0.06595603305787007,0.04349041900577697,0.9838545791646267,0.0001770425459498972,0.07460254191004849,-0.0007980721395839243,0.000536034473353016,2.1325053931090068,0.9244478531974427,0.0,0.09921198163894897
8,Mutualistic09_route_memory_only,3,6 vs 7,2,2.0,0.0,0.0,0.005,0.005245556965708099,0.024681408671622582,0.9896743475122655,9.816372972619063e-06,0.06896354012349819,-4.791038883651825e-05,0.0005328254843102224,0.9423741102218628,0.40555963998145245,0.0,0.018273458796295713
8,Mutualistic09_route_memory_only,3,6 vs 7,3,2.0,0.0,0.0,0.005,0.003913915052296634,0.021354789885276174,0.9909919335487041,7.946456508055753e-06,0.07096157690629046,-3.9459845209692385e-05,0.0007731464095141223,0.8174996388719437,0.3489897371606624,0.5,0.015567622385285002
8,Mutualistic09_route_memory_only,3,6 vs 7,14,2.0,0.0,0.0,0.005,0.0012257873635501304,0.006513285484772418,0.9974575524634504,1.2965100229965705e-07,0.0750145286004594,-6.467589434791118e-07,0.00056030296253355,0.7322748392186267,0.19928759336471558,1.0,0.006462617034211438
8,Mutualistic09_route_memory_only,4,8 vs 9,0,2.0,0.0,0.0,0.005,0.11576829694627606,0.021712796554524214,0.9915720300471529,9.966592446906687e-05,0.17478594527718552,-0.0004869671142164697,0.0005418845780405582,1.5981206505586012,0.6374934325093761,0.0,0.14059384214751264
8,Mutualistic09_route_memory_only,4,8 vs 9,2,2.0,0.0,0.0,0.005,0.008462436304011561,0.021279997984938164,0.9917247155879406,6.523067593501132e-06,0.2073509414145287,-2.791021673127692e-05,0.0004520146064757508,1.130281630982744,0.41404390018037024,0.0,0.021557660892288735
8,Mutualistic09_route_memory_only,4,8 vs 9,3,2.0,0.0,0.0,0.005,0.005735559824933397,0.021805560127138458,0.9915584642836388,7.703926222121025e-06,0.2467952129688669,-3.529910711531944e-05,0.00035163413520693097,0.994230919695915,0.37179867067235584,0.5,0.01654874812811613
8,Mutualistic09_route_memory_only,4,8 vs 9,14,2.0,0.0,0.0,0.005,0.0011733500039244585,0.015166109452578933,0.9936563600885108,1.1333720438405637e-06,0.2832175699320245,-5.3808722209106104e-06,0.0004041583454230196,0.7153951817370475,0.253349687190766,1.0,0.0059874415140044185
8,Mutualistic09_latent_only,0,0 vs 1,0,0.0,0.0,1.0,0.005,0.18170596841484943,0.6201706687186627,0.7583505821988937,0.0010250940920528554,0.030310072392123712,-0.004525188198114963,0.0,0.0,0.0,0.0,0.20188854420755772
8,Mutualistic09_latent_only,0,0 vs 1,2,0.0,0.0,1.0,0.005,0.030491286432965004,0.18008018174069992,0.9503783926050714,0.00031391344445898755,0.06266939511245236,-0.00103247565950485,0.0,0.0,0.0,0.0,0.04253048033631863
8,Mutualistic09_latent_only,0,0 vs 1,3,0.0,0.0,1.0,0.005,0.02676447683033791,0.18586977872442692,0.9483451513533897,0.00036158643978466144,0.06117995010015178,-0.001401955886010794,0.0,0.0,0.0,0.5,0.036745667061273087
8,Mutualistic09_latent_only,0,0 vs 1,14,0.0,0.0,1.0,0.005,0.007106190667477774,0.10291068644282665,0.9709462358596477,0.00010569312122784817,0.062153862383058096,-0.00027189735556021333,0.0,0.0,0.0,1.0,0.011771928578456665
8,Mutualistic09_latent_only,1,2 vs 3,0,0.0,0.0,1.0,0.005,0.17863651143109543,0.13199127631935667,0.9550817393242045,0.0005562092208376581,0.07536273469474722,-0.002321460779677046,0.0007062577996235787,0.14158775096949924,0.039972274554298914,0.0,0.2306516225984756
8,Mutualistic09_latent_only,1,2 vs 3,2,0.0,0.0,1.0,0.005,0.06875440232614254,0.1139416404544039,0.9634832232556445,0.00024206947807428188,0.09409796549601758,-0.0010839260797551337,0.0009456549605529484,0.02912851429960512,0.007879468884834267,0.0,0.08698683723490289
8,Mutualistic09_latent_only,1,2 vs 3,3,0.0,0.0,1.0,0.005,0.0616242869340993,0.1110574614177359,0.9638622162189889,0.000556376380298853,0.10421637120716115,-0.0025823336649448314,0.0010501079953409065,0.025873071385270105,0.006339122075587511,0.5,0.07724463083642594
8,Mutualistic09_latent_only,1,2 vs 3,14,0.0,0.0,1.0,0.005,0.0264666778570477,0.09286301123335007,0.9721999751760605,0.00018332405751573575,0.13128554218627037,-0.0008061968701634001,0.00566842091304468,0.02233074688689506,0.0038273755976177275,1.0,0.03478313265170189
8,Mutualistic09_latent_only,2,4 vs 5,0,0.0,0.0,1.0,0.005,0.10166929166843282,0.1387289969369452,0.9621249234422724,0.0005041283229729743,0.2702078612204245,-0.001788017062589209,0.0022603342460686382,0.10123420587018352,0.02834129234047686,0.0,0.14897910196413386
8,Mutualistic09_latent_only,2,4 vs 5,2,0.0,0.0,1.0,0.005,0.008162083872098555,0.04543666291902674,0.9902496819800519,4.301552884827926e-05,0.12660488787483662,-0.0001708689651035882,0.005692472112020775,0.030370425591443446,0.006731575077518504,0.0,0.02572908121696178
8,Mutualistic09_latent_only,2,4 vs 5,3,0.0,0.0,1.0,0.005,0.005536410318529035,0.03579694781690202,0.9931746454949074,2.064992334434213e-05,0.09147932634074638,-7.15599286350164e-05,0.010522558750148783,0.02018244602182444,0.003834045620912567,0.5,0.01868828233489965
8,Mutualistic09_latent_only,2,4 vs 5,14,0.0,0.0,1.0,0.005,0.0013828519508837069,0.008789890931245494,0.9987568956740359,2.189520579519167e-06,0.16612513965748726,-4.4831837666161516e-06,0.02237201565282142,0.00597231020219624,0.0008846113502860387,1.0,0.006242986857653298
8,Mutualistic09_latent_only,3,6 vs 7,0,0.0,0.0,1.0,0.005,0.10482635424333683,0.1210318289578278,0.9579088053804763,0.0031463957122004433,0.09802894583179372,-0.015403052474907104,0.01338847873217248,0.34656622798548653,0.044191025673074924,0.0,0.171352791104545
8,Mutualistic09_latent_only,3,6 vs 7,2,0.0,0.0,1.0,0.005,0.006994936793567019,0.00353798310227811,0.9994799456697829,4.209631685355023e-06,0.21503071043085545,-1.5862315813911723e-05,0.006881746641815977,0.02529246649368012,0.005644963137765831,0.0,0.025301438379794993
8,Mutualistic09_latent_only,3,6 vs 7,3,0.0,0.0,1.0,0.005,0.005170113436798466,0.0016252830800441826,0.9998261801739956,9.959722342742641e-07,0.22848451327770314,-3.241943789923445e-06,0.007760688186960018,0.017701118411694434,0.00297556628790149,0.5,0.01894673871550154
8,Mutualistic09_latent_only,3,6 vs 7,14,0.0,0.0,1.0,0.005,0.0014294920132515278,6.499432384635896e-05,0.9999950972009213,1.0339662289480812e-08,0.17527381124648642,-3.371585873847312e-08,0.01537982507192708,0.003607149939349991,0.0006230851236552476,1.0,0.006653803519587567
8,Mutualistic09_latent_only,4,8 vs 9,0,0.0,0.0,1.0,0.005,0.06969990741778562,0.031563434170242,0.9925735694296817,0.00017740440961112674,0.13501678839167383,-0.0006649054765225725,0.021813820671052375,0.05920585272223557,0.019478016680334397,0.0,0.10855466634669203
8,Mutualistic09_latent_only,4,8 vs 9,2,0.0,0.0,1.0,0.005,0.009054503512588586,0.005955113722209601,0.9991599042364891,1.381341230336012e-05,0.15238150668905137,-4.340237640637033e-05,0.03023422136902809,0.012963534907457675,0.005150640829208683,0.0,0.024686753908370402
8,Mutualistic09_latent_only,4,8 vs 9,3,0.0,0.0,1.0,0.005,0.006779515442061931,0.005566569629739573,0.999232107020439,9.944855808866355e-06,0.15538673419901666,-3.1314438525983625e-05,0.031442362735880185,0.009390230270776343,0.004008253119846291,0.5,0.01946947529436426
8,Mutualistic09_latent_only,4,8 vs 9,14,0.0,0.0,1.0,0.005,0.001183817482632684,0.0006989789823258415,0.9999282702486566,1.1710093517081077e-07,0.21132141858973402,-3.800601103996977e-07,0.02935844659805298,0.002367260494328877,0.0009181481288210985,1.0,0.005541778258741536
8,Mutualistic09_route_plus_latent,0,0 vs 1,0,2.0,0.0,1.0,0.005,0.18170596841484943,0.6201706687186627,0.7583505821988937,0.0010250940920528554,0.030310072392123712,-0.004525188198114963,0.0,0.0,0.0,0.0,0.20188854420755772
8,Mutualistic09_route_plus_latent,0,0 vs 1,2,2.0,0.0,1.0,0.005,0.030491286432965004,0.18008018174069992,0.9503783926050714,0.00031391344445898755,0.06266939511245236,-0.00103247565950485,0.0,0.0,0.0,0.0,0.04253048033631863
8,Mutualistic09_route_plus_latent,0,0 vs 1,3,2.0,0.0,1.0,0.005,0.02676447683033791,0.18586977872442692,0.9483451513533897,0.00036158643978466144,0.06117995010015178,-0.001401955886010794,0.0,0.0,0.0,0.5,0.036745667061273087
8,Mutualistic09_route_plus_latent,0,0 vs 1,14,2.0,0.0,1.0,0.005,0.007106190667477774,0.10291068644282665,0.9709462358596477,0.00010569312122784817,0.062153862383058096,-0.00027189735556021333,0.0,0.0,0.0,1.0,0.011771928578456665
8,Mutualistic09_route_plus_latent,1,2 vs 3,0,2.0,0.0,1.0,0.005,0.17825301047018233,0.13271969255614788,0.9548173140972218,0.0005468449162048699,0.07720571518578428,-0.00227827214180155,0.0006860874196873022,0.1391805105853796,0.03941958932394281,0.0,0.23123905950404228
8,Mutualistic09_route_plus_latent,1,2 vs 3,2,2.0,0.0,1.0,0.005,0.06851147971254715,0.11283043898800586,0.963664063747893,0.00036318963864710225,0.09101617344199343,-0.0016433738092792795,0.0008868910794398231,0.029351504628566352,0.007940067488581259,0.0,0.08833194421009814
8,Mutualistic09_route_plus_latent,1,2 vs 3,3,2.0,0.0,1.0,0.005,0.06046067447738444,0.12157831134948324,0.9602060787221218,0.0005909559252533189,0.12499667062087262,-0.002795235333131983,0.0009292971391837358,0.023876065774721667,0.006374431665035638,0.5,0.07781961687067722
8,Mutualistic09_route_plus_latent,1,2 vs 3,14,2.0,0.0,1.0,0.005,0.02058913841586005,0.115123118016314,0.9620039031860677,0.0002273360529370814,0.1857055587337372,-0.00107751088464593,0.0010489754162181077,0.0206682220339141,0.003860470928013959,1.0,0.03118723309896094
8,Mutualistic09_route_plus_latent,2,4 vs 5,0,2.0,0.0,1.0,0.005,0.09470342448417177,0.22209318980891654,0.9332295174294329,0.0011728235459931386,0.09457356918187058,-0.004439833138058794,0.001200889723862774,0.07332554447643912,0.027698710900756155,0.0,0.1461499848581375
8,Mutualistic09_route_plus_latent,2,4 vs 5,2,2.0,0.0,1.0,0.005,0.009033296633749566,0.07784872478310098,0.9823707430920703,3.4865042157725064e-05,0.4382134086274086,-0.00016039464266059248,0.0010410175275458815,0.021162453870427735,0.0066269260702377306,0.0,0.028200542276844064
8,Mutualistic09_route_plus_latent,2,4 vs 5,3,2.0,0.0,1.0,0.005,0.006261796502277572,0.06926499188263366,0.9849664746446812,2.1957074256940186e-05,0.6211658240632808,-0.00010214178287919532,0.0009921610054876278,0.01348437386703618,0.004241528801937053,0.5,0.02159571909206979
8,Mutualistic09_route_plus_latent,2,4 vs 5,14,2.0,0.0,1.0,0.005,0.0014380953879036167,0.007237901078893784,0.9989655842172339,2.1474176182504805e-06,1.57767309914244,-8.34453137631112e-06,0.0005824276115085825,0.005594513381514302,0.0011193956956861819,1.0,0.007483099616984738
8,Mutualistic09_route_plus_latent,3,6 vs 7,0,2.0,0.0,1.0,0.005,0.09109796492501776,0.2698888487004219,0.8977642972418602,0.0035013983598712506,0.06299563087126676,-0.017162342734159307,0.00095326872186443,0.31808129512124483,0.05367594979148596,0.0,0.16785921988652108
8,Mutualistic09_route_plus_latent,3,6 vs 7,2,2.0,0.0,1.0,0.005,0.007152471195985662,0.2353501817647447,0.8975563315635032,0.0003742419195135726,0.12136904324622864,-0.001866097348999787,0.0005896243326671848,0.02593566005692837,0.007465593714980369,0.0,0.027988162486160054
8,Mutualistic09_route_plus_latent,3,6 vs 7,3,2.0,0.0,1.0,0.005,0.005182258551940322,0.21071828806653936,0.9101106942968166,0.00032637273908860267,0.12578754998902056,-0.0016273806773205387,0.0007738017730515183,0.022106834845815566,0.006125121952054348,0.5,0.023340512423756274
8,Mutualistic09_route_plus_latent,3,6 vs 7,14,2.0,0.0,1.0,0.005,0.0014031562840248993,0.11439555201758729,0.9516153183389218,7.554063616206553e-05,0.8180528879165649,-0.0003775301775795982,0.0005477175991666414,0.0069316233250689,0.0015269196641809763,1.0,0.00865982107302927
8,Mutualistic09_route_plus_latent,4,8 vs 9,0,2.0,0.0,1.0,0.005,0.06325220641620616,0.015254693348555172,0.997190829287184,9.306512867353493e-05,0.14241192042034992,-0.00036276314169802565,0.0007407391540448558,0.09526609165556131,0.02517378256418445,0.0,0.1083505871765157
8,Mutualistic09_route_plus_latent,4,8 vs 9,2,2.0,0.0,1.0,0.005,0.008484520028008426,0.0036818046330850808,0.9995372726562175,1.1451567340198846e-05,0.237476683677511,-3.4639557347969803e-05,0.0005707791530399613,0.014087356200956918,0.0058444281445538745,0.0,0.025459781090946907
8,Mutualistic09_route_plus_latent,4,8 vs 9,3,2.0,0.0,1.0,0.005,0.006069212626824354,0.0031698506989298347,0.9996128754412874,7.3462794808678e-06,0.2398026797999727,-2.1777259423694713e-05,0.000398971089762586,0.00952318551494403,0.004334943344261735,0.5,0.019556592832854453
8,Mutualistic09_route_plus_latent,4,8 vs 9,14,2.0,0.0,1.0,0.005,0.0012726079836051832,0.0013854209261827488,0.9998497024495551,6.121528914031551e-07,0.4093916726873276,-1.3000309526761795e-06,0.0005194402601386599,0.0034179228600709046,0.0011186982440623515,1.0,0.006900861453106429
8,Mutualistic09_full_functional_memory,0,0 vs 1,0,2.0,1.0,1.0,0.006,0.18034084394891212,0.5379121775956864,0.7931157363222,0.0006767311416693856,0.03947800246223391,-0.002847149888885782,0.0,0.0,0.0,0.0,0.2007137858804236
8,Mutualistic09_full_functional_memory,0,0 vs 1,2,2.0,1.0,1.0,0.006,0.03272693555683215,0.13549729547602066,0.9614827645585892,0.00035320269922701125,0.08356307165578325,-0.0012862568899513558,0.0,0.0,0.0,0.0,0.0446376797762957
8,Mutualistic09_full_functional_memory,0,0 vs 1,3,2.0,1.0,1.0,0.006,0.02604099976374431,0.15346242661805862,0.9574221106285744,0.00028588253596179594,0.06661949128388091,-0.0009647374180086116,0.0,0.0,0.0,0.5,0.03588376007974148
8,Mutualistic09_full_functional_memory,0,0 vs 1,14,2.0,1.0,1.0,0.006,0.004946549263277507,0.09979175142151245,0.9718576606283796,7.117988459074385e-05,0.06964929273074612,-0.00023807634282460872,0.0,0.0,0.0,1.0,0.009718268069418822
8,Mutualistic09_full_functional_memory,1,2 vs 3,0,2.0,1.0,1.0,0.006,0.19395918977704454,0.1712052013645781,0.9399102672617486,0.0003995621659524136,0.08625062428256298,-0.001723864214851501,0.0006083620666645208,0.033878776149767295,0.039974256027291745,0.0,0.28297355850326256
8,Mutualistic09_full_functional_memory,1,2 vs 3,2,2.0,1.0,1.0,0.006,0.07093003297105749,0.1411934128784119,0.9566203457243899,0.00042694682428133247,0.04913662005453668,-0.0017742568508107611,0.0008008248748768543,0.007114838952436409,0.006582272580844608,0.0,0.09731818917900958
8,Mutualistic09_full_functional_memory,1,2 vs 3,3,2.0,1.0,1.0,0.006,0.0597291129859204,0.144145390454759,0.9548125964529971,0.00016163005066820258,0.051459570573841006,-0.0006259831976383291,0.0008154930411519866,0.004953143778851533,0.005483172031396881,0.5,0.0818257434888089
8,Mutualistic09_full_functional_memory,1,2 vs 3,14,2.0,1.0,1.0,0.006,0.016468711286545434,0.1415434348139357,0.9551594625128076,0.00011575608029665226,0.06409866582760786,-0.0005539880342226713,0.0008454315482067808,0.0039029139783877402,0.0023678222676105005,1.0,0.029971990615446517
8,Mutualistic09_full_functional_memory,2,4 vs 5,0,2.0,1.0,1.0,0.006,0.09494508606718575,0.47860214050779953,0.8082563395195819,0.0018788540209185311,0.27683459578993475,-0.006967076199485901,0.0007658892031263639,0.011632253711023294,0.025848376551677692,0.0,0.16129018199887682
8,Mutualistic09_full_functional_memory,2,4 vs 5,2,2.0,1.0,1.0,0.006,0.011089975539436366,0.050871358867338366,0.9865488257813961,6.99319730688814e-05,0.2663828451582726,-0.00030239581308783367,0.000697547425745065,0.006293606223597964,0.0078123697238241105,0.0,0.03640618547797203
8,Mutualistic09_full_functional_memory,2,4 vs 5,3,2.0,1.0,1.0,0.006,0.007998465451392088,0.02295673939775913,0.9943560691590004,3.683322111004251e-05,0.13904487801359056,-0.00015478601500867528,0.0008513464422805478,0.0019984732473645596,0.004928744967749461,0.5,0.024921587688174655
8,Mutualistic09_full_functional_memory,2,4 vs 5,14,2.0,1.0,1.0,0.006,0.0015730349584779841,0.002204396854838396,0.9996316382225524,7.679760384317365e-07,0.7005841313524449,-3.1742594264289166e-06,0.0006692304083658878,0.0002747420432105502,0.0007127049580919854,1.0,0.007983425196180952
8,Mutualistic09_full_functional_memory,3,6 vs 7,0,2.0,1.0,1.0,0.006,0.13858741034377128,0.3399758370632821,0.8710495246217606,0.010142094603655463,9.303252947110524e-05,-0.04703469297036211,0.0004642164111190025,0.015394715215669819,0.057538855682186626,0.0,0.2336482289148138
8,Mutualistic09_full_functional_memory,3,6 vs 7,2,2.0,1.0,1.0,0.006,0.0056512150368554165,0.05296935121271205,0.988865796555864,9.348750931883145e-05,0.08356651021762097,-0.0004435230115864505,0.00046101541248545086,0.0016444014135173501,0.0022323708064814515,0.0,0.02177340343118982
8,Mutualistic09_full_functional_memory,3,6 vs 7,3,2.0,1.0,1.0,0.006,0.004387284936185213,0.024059436402897885,0.9954883240638895,2.490068174757711e-05,0.09241090382033205,-0.00011451041048511546,0.0006906716776706782,0.0009043927470400453,0.0012457047940846136,0.5,0.01754761835996141
8,Mutualistic09_full_functional_memory,3,6 vs 7,14,2.0,1.0,1.0,0.006,0.0014108520848280254,0.004369565330326874,0.9993582025487372,3.0951911753618333e-06,0.12046787047639806,-1.457683801492478e-05,0.00048385384225378187,0.0002493211207539834,0.00036227775296751173,1.0,0.007553913234237661
8,Mutualistic09_full_functional_memory,4,8 vs 9,0,2.0,1.0,1.0,0.006,0.06534423261008998,0.014596369246298329,0.996135228491844,0.00010332833217228441,0.11828487945046831,-0.0004207837256662389,0.0005526168443464756,0.010407597811981178,0.01782368617615306,0.0,0.11129095738238477
8,Mutualistic09_full_functional_memory,4,8 vs 9,2,2.0,1.0,1.0,0.006,0.009845633738416624,0.0023588492123885673,0.9996737558790978,8.978726511602563e-06,0.14149161792816,-3.354187975538538e-05,0.0005509473934232138,0.0017757801589199363,0.004150094246452159,0.0,0.027889187190126865
8,Mutualistic09_full_functional_memory,4,8 vs 9,3,2.0,1.0,1.0,0.006,0.007293275973581253,0.0016315129140956684,0.9997743292057768,6.07679964440059e-06,0.133804052909638,-2.4554483156571998e-05,0.000434120454728861,0.0008325991827618093,0.0031963491941148295,0.5,0.021489942010412825
8,Mutualistic09_full_functional_memory,4,8 vs 9,14,2.0,1.0,1.0,0.006,0.0013844532609738884,0.00028242857939751937,0.9999657197201506,3.20200103935066e-07,0.2991511457143946,-1.3492164261480595e-06,0.0005270891293896947,0.0003805276953263525,0.0008028564724496546,1.0,0.007570934858410917
9,Mutualistic09_distill_only,0,0 vs 1,0,0.0,1.0,0.0,0.005,0.16689706954391711,0.46453748199533906,0.8331956235652275,0.0005843914830468245,0.027444318891015274,-0.0023949473620729243,0.0,0.0,0.0,0.0,0.18677819520235062
9,Mutualistic09_distill_only,0,0 vs 1,2,0.0,1.0,0.0,0.005,0.03357473356609649,0.14430541545152664,0.9571736493009202,0.0002967018513870964,0.037846143629917124,-0.0012787514504917124,0.0,0.0,0.0,0.0,0.045126436119701
9,Mutualistic09_distill_only,0,0 vs 1,3,0.0,1.0,0.0,0.005,0.028833182310645886,0.13754414449980917,0.958271342389127,0.0002908033264784922,0.045909414573156455,-0.0011354334493900867,0.0,0.0,0.0,0.5,0.03830974838359559
9,Mutualistic09_distill_only,0,0 vs 1,14,0.0,1.0,0.0,0.005,0.008153491613871239,0.14572479639281619,0.9565060037247678,0.00012462304571369152,0.06862690764915277,-0.00022259867314170016,0.0,0.0,0.0,1.0,0.012658531202914868
9,Mutualistic09_distill_only,1,2 vs 3,0,0.0,1.0,0.0,0.005,0.19631806174491315,0.17547944124708784,0.9464801296274713,0.0013426651662581555,0.16484505695939816,-0.006166148613742057,0.0008606511704217755,0.0546856371947797,0.11123865044600222,0.0,0.26904490986403
9,Mutualistic09_distill_only,1,2 vs 3,2,0.0,1.0,0.0,0.005,0.07767689073497945,0.04765892908611196,0.9906534425755764,6.021852576220995e-05,0.06280386570761813,-0.0002574247327890802,0.0007523589998972385,0.00797748214198633,0.0577718308789933,0.0,0.098207608895733
9,Mutualistic09_distill_only,1,2 vs 3,3,0.0,1.0,0.0,0.005,0.07229756401415835,0.03365457180808199,0.9938028201143793,3.911213288838305e-05,0.05002531924463333,-0.00015723281242745988,0.0010395745360333517,0.0069420189036928275,0.05840751211693947,0.5,0.0900650737767524
9,Mutualistic09_distill_only,1,2 vs 3,14,0.0,1.0,0.0,0.005,0.025820127252410067,0.08556228265800375,0.9779029057381001,4.707711589356009e-05,0.19254170873380722,-0.00021862154430214394,0.0008317051958928982,0.002775699354737918,0.0660690112792431,1.0,0.03470348408247562
9,Mutualistic09_distill_only,2,4 vs 5,0,0.0,1.0,0.0,0.005,0.09292255842344875,0.561720629004722,0.7719925870286658,0.002990997268461023,0.010541737981219875,-0.013703254378460188,0.0005391453301138214,0.017448584940947066,0.33844661853273716,0.0,0.147537222092456
9,Mutualistic09_distill_only,2,4 vs 5,2,0.0,1.0,0.0,0.005,0.007322034139701343,0.05676777316059204,0.9839063895509598,0.00018992219831024488,0.01798456985543066,-0.0008830164579000879,0.0003012519727757961,0.0027949203083172756,0.4222711724169711,0.0,0.022466441616415977
9,Mutualistic09_distill_only,2,4 vs 5,3,0.0,1.0,0.0,0.005,0.0050702813140889435,0.05369037853434999,0.9851607718366258,9.501283330290611e-05,0.009184196013635262,-0.0004481616865922796,0.0003931593098465608,0.0026686776483907026,0.40537525935375945,0.5,0.018033278154882978
9,Mutualistic09_distill_only,2,4 vs 5,14,0.0,1.0,0.0,0.005,0.0012046338698053932,0.006215684180286654,0.9986690244776137,2.722280749026783e-07,0.03302100695114821,-1.1493511339451404e-06,0.00039279731876415604,0.0001729647930837831,0.3383573090776484,1.0,0.005469663147913649
9,Mutualistic09_distill_only,3,6 vs 7,0,0.0,1.0,0.0,0.005,0.05658731982111931,0.08204556145566574,0.9697359077473904,0.00077190048267902,0.18371601499854884,-0.0034410495712283128,0.0005499720150413501,0.010600663433593484,0.2945134243977435,0.0,0.09142455740019362
9,Mutualistic09_distill_only,3,6 vs 7,2,0.0,1.0,0.0,0.005,0.004003446341115743,0.03909880212171281,0.9859099312031523,3.055264566218613e-05,0.17350765840804322,-0.00014806750844767753,0.0005169057610165762,0.0007385652694365684,0.24674568848407014,0.0,0.017440912452466945
9,Mutualistic09_distill_only,3,6 vs 7,3,0.0,1.0,0.0,0.005,0.003343139002297787,0.03203371353447437,0.988686203956604,1.7916523458559802e-05,0.18891624250310532,-8.678561116152622e-05,0.00045793899354318085,0.0005552610481514576,0.23038909473317734,0.5,0.014984933580172824
9,Mutualistic09_distill_only,3,6 vs 7,14,0.0,1.0,0.0,0.005,0.0012140981332854704,0.004409033032332329,0.9989991898232318,9.70457956075799e-09,0.3225402762281134,-3.103087557123063e-08,0.00045956785855564024,0.00017962590611708213,0.1447638121057064,1.0,0.006331378594040871
9,Mutualistic09_distill_only,4,8 vs 9,0,0.0,1.0,0.0,0.005,0.07537218149592902,0.06135286289722996,0.980365089913632,0.000537784744895052,0.2168045616015158,-0.0022250890652550028,0.0006251344636071503,0.018118614313588043,0.14443537858413888,0.0,0.1171814555975985
9,Mutualistic09_distill_only,4,8 vs 9,2,0.0,1.0,0.0,0.005,0.009818223310000401,0.028173918835818768,0.9927681316720679,9.883504849603149e-05,0.3357051189275498,-0.00035771551700507074,0.0006310361062245879,0.002777445246465504,0.2078911379930821,0.0,0.026798943097287035
9,Mutualistic09_distill_only,4,8 vs 9,3,0.0,1.0,0.0,0.005,0.008071615241784999,0.028637244385924746,0.9923386358200236,7.899809231924125e-05,0.29145443249256053,-0.0003530433490634599,0.0005579604637224545,0.003927518041467571,0.19982976640792602,0.5,0.02395051860428871
9,Mutualistic09_distill_only,4,8 vs 9,14,0.0,1.0,0.0,0.005,0.001198767719076986,0.015985024181452204,0.9959152518434727,7.532658301821258e-06,0.34007026889222736,-3.6715216528465774e-05,0.0005900114057557732,0.0004031229191434946,0.15010096576619655,1.0,0.006459907400719029
9,Mutualistic09_route_memory_only,0,0 vs 1,0,2.0,0.0,0.0,0.005,0.16689706954391711,0.46453748199533906,0.8331956235652275,0.0005843914830468245,0.027444318891015274,-0.0023949473620729243,0.0,0.0,0.0,0.0,0.18677819520235062
9,Mutualistic09_route_memory_only,0,0 vs 1,2,2.0,0.0,0.0,0.005,0.03357473356609649,0.14430541545152664,0.9571736493009202,0.0002967018513870964,0.037846143629917124,-0.0012787514504917124,0.0,0.0,0.0,0.0,0.045126436119701
9,Mutualistic09_route_memory_only,0,0 vs 1,3,2.0,0.0,0.0,0.005,0.028833182310645886,0.13754414449980917,0.958271342389127,0.0002908033264784922,0.045909414573156455,-0.0011354334493900867,0.0,0.0,0.0,0.5,0.03830974838359559
9,Mutualistic09_route_memory_only,0,0 vs 1,14,2.0,0.0,0.0,0.005,0.008153491613871239,0.14572479639281619,0.9565060037247678,0.00012462304571369152,0.06862690764915277,-0.00022259867314170016,0.0,0.0,0.0,1.0,0.012658531202914868
9,Mutualistic09_route_memory_only,1,2 vs 3,0,2.0,0.0,0.0,0.005,0.18611636036571036,0.12525710285185498,0.9621164304144839,0.0006021216262950552,0.08539007561519107,-0.002773930734776436,0.0019549267149352786,0.4959741864001076,0.1815568063972565,0.0,0.21302637521256793
9,Mutualistic09_route_memory_only,1,2 vs 3,2,2.0,0.0,0.0,0.005,0.07864066241110892,0.04257643222808838,0.9906293432763282,0.00025419789134130427,0.05392619211627963,-0.0012504933600095993,0.0006841651210079556,0.5813472473875005,0.09073702515439784,0.0,0.09128210249733418
9,Mutualistic09_route_memory_only,1,2 vs 3,3,2.0,0.0,0.0,0.005,0.07254592884094158,0.059321194094546295,0.986155186561828,0.00025236560875412654,0.07790207166838994,-0.00117910383863652,0.0010957330731934177,0.5620554723638169,0.08617246341198048,0.5,0.08514837151829233
9,Mutualistic09_route_memory_only,1,2 vs 3,14,2.0,0.0,0.0,0.005,0.027498523595723065,0.11751440246688559,0.9602036793181237,3.211106996893269e-05,0.19041882502905866,-0.0001488545850077842,0.0008083655301309959,7.540152965707982,1.5230096654689058,1.0,0.03435754415361171
9,Mutualistic09_route_memory_only,2,4 vs 5,0,2.0,0.0,0.0,0.005,0.08767074887502066,0.21701255829093305,0.9253417595903924,0.0009133131075612526,0.04371344995625476,-0.00438078576104438,0.0009318085967993767,1.7949291971964023,0.7954407481382542,0.0,0.12281161475371807
9,Mutualistic09_route_memory_only,2,4 vs 5,2,2.0,0.0,0.0,0.005,0.005041132259995062,0.04433482968585288,0.98399866007744,0.0001663807684590862,0.02378747917394689,-0.0008240618837125441,0.0004369154238644269,1.3987740303607696,0.7774174454364371,0.0,0.01666143804075236
9,Mutualistic09_route_memory_only,2,4 vs 5,3,2.0,0.0,0.0,0.005,0.0033878848362872576,0.03423668561067353,0.9869908550952343,5.2128577925321056e-05,0.16173786138917537,-0.0002588945753040149,0.0004918423904761786,1.3656607054649514,0.7680847340441764,0.5,0.013044595639122294
9,Mutualistic09_route_memory_only,2,4 vs 5,14,2.0,0.0,0.0,0.005,0.000955738365016085,0.00723593559690771,0.9983359486498731,5.228358582889593e-06,0.3153684767002755,-2.6084994154169838e-05,0.0004275420098875134,1.3826112290646166,0.6877924305327395,1.0,0.005180960253594403
9,Mutualistic09_route_memory_only,3,6 vs 7,0,2.0,0.0,0.0,0.005,0.05435975384898484,0.0349388690863518,0.9883167832455737,0.0006608686261601592,0.23610340959412304,-0.003034319009067134,0.0006230316747028252,2.6237303771669747,1.1439589774434238,0.0,0.0862449715904733
9,Mutualistic09_route_memory_only,3,6 vs 7,2,2.0,0.0,0.0,0.005,0.005867749581390873,0.03773412754402516,0.9868523262916727,0.0002905473347497035,0.1569737860179962,-0.0014506288249283394,0.0006393358248231456,0.755224532269417,0.4982155098560009,0.0,0.017873201063497268
9,Mutualistic09_route_memory_only,3,6 vs 7,3,2.0,0.0,0.0,0.005,0.003457563795506003,0.035814724981467774,0.9873915187855984,0.0002503012770482225,0.1432464027658422,-0.0012510160028815587,0.0005236036611174139,0.7043094622327927,0.4111010793675768,0.5,0.013658265127463544
9,Mutualistic09_route_memory_only,3,6 vs 7,14,2.0,0.0,0.0,0.005,0.0010625855115420641,0.01134331588772066,0.9967609897572943,1.0204471979440819e-07,0.2730659008660215,-4.2796253840974035e-07,0.0005061335663451748,0.6378526991986214,0.20796183607679733,1.0,0.005787659476095057
9,Mutualistic09_route_memory_only,4,8 vs 9,0,2.0,0.0,0.0,0.005,0.06382904013499935,0.030793054507391407,0.98859222899092,4.6944330919546204e-05,1.2516471606461292,-0.0002314716656791403,0.0007180317185516965,2.082188397850606,0.5455820127687556,0.0,0.09271924661353548
9,Mutualistic09_route_memory_only,4,8 vs 9,2,2.0,0.0,0.0,0.005,0.007380528965013775,0.009623604655721561,0.9969449385683588,1.1601198241187623e-06,0.6155598382366464,-4.49411689918092e-06,0.000702494136156871,1.1424816960984088,0.3666601447348899,0.0,0.020753445024503037
9,Mutualistic09_route_memory_only,4,8 vs 9,3,2.0,0.0,0.0,0.005,0.004734804566474037,0.00995531146156978,0.9965933383779323,1.0570966970112958e-06,0.8778565145553426,-4.428399211548744e-06,0.0005941740387339799,0.9959705116900992,0.3270266056060791,0.5,0.015675659390523077
9,Mutualistic09_route_memory_only,4,8 vs 9,14,2.0,0.0,0.0,0.005,0.0011626937441488214,0.005784895959647095,0.998365729413134,1.2213701465302791e-07,0.2217848335808896,-4.920652730667845e-07,0.0005896695359471313,0.5635600064663177,0.20865496739428094,1.0,0.006307958189318789
9,Mutualistic09_latent_only,0,0 vs 1,0,0.0,0.0,1.0,0.005,0.16689706954391711,0.46453748199533906,0.8331956235652275,0.0005843914830468245,0.027444318891015274,-0.0023949473620729243,0.0,0.0,0.0,0.0,0.18677819520235062
9,Mutualistic09_latent_only,0,0 vs 1,2,0.0,0.0,1.0,0.005,0.03357473356609649,0.14430541545152664,0.9571736493009202,0.0002967018513870964,0.037846143629917124,-0.0012787514504917124,0.0,0.0,0.0,0.0,0.045126436119701
9,Mutualistic09_latent_only,0,0 vs 1,3,0.0,0.0,1.0,0.005,0.028833182310645886,0.13754414449980917,0.958271342389127,0.0002908033264784922,0.045909414573156455,-0.0011354334493900867,0.0,0.0,0.0,0.5,0.03830974838359559
9,Mutualistic09_latent_only,0,0 vs 1,14,0.0,0.0,1.0,0.005,0.008153491613871239,0.14572479639281619,0.9565060037247678,0.00012462304571369152,0.06862690764915277,-0.00022259867314170016,0.0,0.0,0.0,1.0,0.012658531202914868
9,Mutualistic09_latent_only,1,2 vs 3,0,0.0,0.0,1.0,0.005,0.18619564401501038,0.15965870244705932,0.9520329604757592,0.0008442412472891676,0.044444963150221777,-0.0038860842109994685,0.0013127434037530892,0.16876291307500574,0.03509664604489251,0.0,0.2351855012647649
9,Mutualistic09_latent_only,1,2 vs 3,2,0.0,0.0,1.0,0.005,0.07297448243232484,0.14945521475152768,0.9556109981333956,0.00034175520948173606,0.06707201287784476,-0.0016419129802825603,0.007277267261784762,0.03491666138251411,0.005408595370604319,0.0,0.09033479803103081
9,Mutualistic09_latent_only,1,2 vs 3,3,0.0,0.0,1.0,0.005,0.06956970671865534,0.17774317540386889,0.9405351839167007,0.00014306686954269218,0.056590154251836715,-0.0006573749507995362,0.0390826937782162,0.023276349569254732,0.00340057532501189,0.5,0.08315984849283035
9,Mutualistic09_latent_only,1,2 vs 3,14,0.0,0.0,1.0,0.005,0.022165302132712082,0.14036765710470525,0.9408594648888771,1.9634271660621944e-06,0.06600959785282612,-8.78579003062654e-06,0.08734426457197109,0.0031329404904526918,0.00033384542342552797,1.0,0.0276995672190443
9,Mutualistic09_latent_only,2,4 vs 5,0,0.0,0.0,1.0,0.005,0.08435617605263883,0.5321727596381878,0.7836328605388073,0.0013071698028562287,0.18760764256040466,-0.006112649402719863,0.04677283851073143,0.04754851350078249,0.01652348142530908,0.0,0.12689737143351676
9,Mutualistic09_latent_only,2,4 vs 5,2,0.0,0.0,1.0,0.005,0.006224390059868072,0.017192526968156405,0.9963222247488955,8.486027218531431e-06,0.11185684720886514,-3.720072910506674e-05,0.047896471825685905,0.020138632476409065,0.002860412405348046,0.0,0.0188435532271545
9,Mutualistic09_latent_only,2,4 vs 5,3,0.0,0.0,1.0,0.005,0.004529218833417969,0.011576151059187472,0.9977109001037923,4.470888430802838e-06,0.11721010775642192,-1.865874064412523e-05,0.04782759057397538,0.012890586966371282,0.0025211219215131504,0.5,0.015122647535927753
9,Mutualistic09_latent_only,2,4 vs 5,14,0.0,0.0,1.0,0.005,0.001084126456531676,0.003518563346005976,0.9992905043541117,2.63510301654707e-07,0.10898099601902861,-1.0515152020974362e-06,0.04762772930429337,0.002800617981305782,0.0005500385081989968,1.0,0.004936397125191511
9,Mutualistic09_latent_only,3,6 vs 7,0,0.0,0.0,1.0,0.005,0.07217075770839732,0.006348518238581242,0.9986585632283637,0.00011485746098843903,0.3129373177331179,-0.0005706906556449038,0.03163258806663625,0.029651017361716863,0.05127140163800659,0.0,0.13394259598026884
9,Mutualistic09_latent_only,3,6 vs 7,2,0.0,0.0,1.0,0.005,0.008267266220076288,0.021014452575052037,0.9958102829912876,1.8395683882579065e-05,0.5215861879764719,-7.885147599463767e-05,0.0029540418924644905,0.020141991727212642,0.009820472518418064,0.0,0.027508529457957186
9,Mutualistic09_latent_only,3,6 vs 7,3,0.0,0.0,1.0,0.005,0.005898410033315737,0.014511115016772392,0.9973452902854757,8.350079768090236e-06,0.550210084052796,-3.3923999426212715e-05,0.002304378852367084,0.02343178181809948,0.007377979930173209,0.5,0.021675167684542373
9,Mutualistic09_latent_only,3,6 vs 7,14,0.0,0.0,1.0,0.005,0.0016601783015388757,0.0031764355681321407,0.9995378357298831,4.757616849512991e-07,0.6481290878133571,-1.8155836361519833e-06,0.004348344179464781,0.0071515987349793,0.0019141611113074296,1.0,0.0077590685674643264
9,Mutualistic09_latent_only,4,8 vs 9,0,0.0,0.0,1.0,0.005,0.08096645972592399,0.14977004711932324,0.9448443308789679,0.0009056856139997105,1.0827114826187174,-0.004070204484494443,0.022384140937727816,0.07958285353547677,0.03168239911146303,0.0,0.13103091542391068
9,Mutualistic09_latent_only,4,8 vs 9,2,0.0,0.0,1.0,0.005,0.011205629792381475,0.09470545484664593,0.9653077163594834,0.00023120567216101625,1.8280646319084979,-0.0010020536707436784,0.022262959087148627,0.02091634531128914,0.0082061913042785,0.0,0.030228904428634237
9,Mutualistic09_latent_only,4,8 vs 9,3,0.0,0.0,1.0,0.005,0.007067448092981222,0.08354128944746991,0.9701493598045187,0.00016438453970275734,1.5554582362479352,-0.0007081249966583354,0.02165301429464462,0.01795507117392535,0.005925278694547237,0.5,0.02225904075547736
9,Mutualistic09_latent_only,4,8 vs 9,14,0.0,0.0,1.0,0.005,0.0013575881689866173,0.0377424987270794,0.9876569446097029,4.076382424258593e-05,0.2491057870235849,-0.000195647223277929,0.03411223549158015,0.003704114069052516,0.0009752459665562244,1.0,0.006590747541965957
9,Mutualistic09_route_plus_latent,0,0 vs 1,0,2.0,0.0,1.0,0.005,0.16689706954391711,0.46453748199533906,0.8331956235652275,0.0005843914830468245,0.027444318891015274,-0.0023949473620729243,0.0,0.0,0.0,0.0,0.18677819520235062
9,Mutualistic09_route_plus_latent,0,0 vs 1,2,2.0,0.0,1.0,0.005,0.03357473356609649,0.14430541545152664,0.9571736493009202,0.0002967018513870964,0.037846143629917124,-0.0012787514504917124,0.0,0.0,0.0,0.0,0.045126436119701
9,Mutualistic09_route_plus_latent,0,0 vs 1,3,2.0,0.0,1.0,0.005,0.028833182310645886,0.13754414449980917,0.958271342389127,0.0002908033264784922,0.045909414573156455,-0.0011354334493900867,0.0,0.0,0.0,0.5,0.03830974838359559
9,Mutualistic09_route_plus_latent,0,0 vs 1,14,2.0,0.0,1.0,0.005,0.008153491613871239,0.14572479639281619,0.9565060037247678,0.00012462304571369152,0.06862690764915277,-0.00022259867314170016,0.0,0.0,0.0,1.0,0.012658531202914868
9,Mutualistic09_route_plus_latent,1,2 vs 3,0,2.0,0.0,1.0,0.005,0.1858013780351649,0.15956528540304366,0.9517070790554615,0.0008617494842954019,0.048239361224795115,-0.004002669707257697,0.0011590442916016438,0.1587418244066128,0.03402541377231791,0.0,0.23630329189782448
9,Mutualistic09_route_plus_latent,1,2 vs 3,2,2.0,0.0,1.0,0.005,0.07457972226783316,0.10865776018893465,0.9695650364490266,0.00018223481584329343,0.08024688847759302,-0.0008368280101963815,0.0010591919009768505,0.03285140994975858,0.007843589950154753,0.0,0.0954915186033604
9,Mutualistic09_route_plus_latent,1,2 vs 3,3,2.0,0.0,1.0,0.005,0.07246915048899803,0.10196342255840911,0.9713962230276554,7.013740506491036e-05,0.05407617488836355,-0.0003030877560377121,0.0009730517288497797,0.02665089470076751,0.0068747388753802215,0.5,0.09080992131791216
9,Mutualistic09_route_plus_latent,1,2 vs 3,14,2.0,0.0,1.0,0.005,0.034743971399408075,0.19016702473163605,0.9191646639336931,2.842320297672136e-05,0.1465684173906103,-0.00013345762334288436,0.0008146967775246594,0.012694709753478937,0.003314482320615269,1.0,0.045280781713254906
9,Mutualistic09_route_plus_latent,2,4 vs 5,0,2.0,0.0,1.0,0.005,0.08313216605877623,0.5604881850328851,0.7773848328184574,0.002546480679194111,0.07540867875077505,-0.012306615630996989,0.0012025875044042898,0.06088699982787114,0.017835749867446522,0.0,0.13309246293724852
9,Mutualistic09_route_plus_latent,2,4 vs 5,2,2.0,0.0,1.0,0.005,0.0064898835584283505,0.0765813039021289,0.9786712514593247,0.0004066397290289194,0.08645234859370171,-0.0017456188996104484,0.0004990970310826285,0.023149571252709375,0.004923919961351822,0.0,0.02388833689087249
9,Mutualistic09_route_plus_latent,2,4 vs 5,3,2.0,0.0,1.0,0.005,0.004092009713318437,0.03312076814472675,0.9916963729452579,0.00023807079041750725,0.08489389210305315,-0.001053325212659671,0.0005135388178132416,0.014967320992195226,0.0039370735993291784,0.5,0.01818772460869018
9,Mutualistic09_route_plus_latent,2,4 vs 5,14,2.0,0.0,1.0,0.005,0.0011440191611132406,0.008993725926476591,0.9979204700348225,3.1217962199216924e-06,0.07577238826358572,-1.4851484051410188e-05,0.00042777719668362247,0.0031630385981654707,0.0005094563892542167,1.0,0.006329354612117118
9,Mutualistic09_route_plus_latent,3,6 vs 7,0,2.0,0.0,1.0,0.005,0.0782904772959808,0.03428332571019518,0.9897433633499957,0.00044142370953242324,0.15254598273400297,-0.0021378538828897985,0.0006811619368431337,0.0330860417608674,0.04592617301944089,0.0,0.1383312407960283
9,Mutualistic09_route_plus_latent,3,6 vs 7,2,2.0,0.0,1.0,0.005,0.009445235063817272,0.009347019509035857,0.9982859403529065,5.399320929079314e-06,0.10748672200010177,-2.0571667304698457e-05,0.0005549002204095311,0.004639963431164939,0.008538419549214714,0.0,0.02804735671491065
9,Mutualistic09_route_plus_latent,3,6 vs 7,3,2.0,0.0,1.0,0.005,0.0069318708686276955,0.007389329864267022,0.9987330982025634,3.594225547126274e-06,0.10352819191014513,-1.2989393732649215e-05,0.0005143540057612514,0.0037360946360499936,0.006348203402012587,0.5,0.02213742734586939
9,Mutualistic09_route_plus_latent,3,6 vs 7,14,2.0,0.0,1.0,0.005,0.0016263909117774443,0.0029625308432398322,0.999543400520974,5.747553352213141e-07,0.47403218391093804,-1.8250529079678212e-06,0.00048436984391802515,0.0016308664703404809,0.0013088566756391145,1.0,0.007729043688704359
9,Mutualistic09_route_plus_latent,4,8 vs 9,0,2.0,0.0,1.0,0.005,0.06897616850093324,0.0565853871583463,0.9776872967151885,0.0009777108821737706,0.14760731511372835,-0.004238241728633008,0.0012850294998760876,0.07203286025097885,0.02722955481372179,0.0,0.11959254432548867
9,Mutualistic09_route_plus_latent,4,8 vs 9,2,2.0,0.0,1.0,0.005,0.007538927718997002,0.03502881765722277,0.9872863026375466,9.523945372398265e-05,0.12803813767559985,-0.0003582345163251491,0.0007408040605406177,0.01744324795188422,0.00725241621678814,0.0,0.026401396325611053
9,Mutualistic09_route_plus_latent,4,8 vs 9,3,2.0,0.0,1.0,0.005,0.005150907019034345,0.03530262821809726,0.9871693469108419,4.249744849035546e-05,0.11580845650206222,-0.0001687246691831883,0.0005711892537990624,0.013195334101452473,0.005387542917928163,0.5,0.020183734952452334
9,Mutualistic09_route_plus_latent,4,8 vs 9,14,2.0,0.0,1.0,0.005,0.0012431901141485952,0.014590198384657343,0.9953543239451469,2.4976231524205677e-06,0.10581945976678361,-9.60447954291359e-06,0.0005994007886793623,0.003958900000880215,0.001610198637787649,1.0,0.007667716156612051
9,Mutualistic09_full_functional_memory,0,0 vs 1,0,2.0,1.0,1.0,0.006,0.16685093959119726,0.4128000246400529,0.8522747244606627,0.0004985305866362166,0.030546336460421562,-0.00202151986354209,0.0,0.0,0.0,0.0,0.18704392079343188
9,Mutualistic09_full_functional_memory,0,0 vs 1,2,2.0,1.0,1.0,0.006,0.03289622930373917,0.12736841592382878,0.9621374733904575,0.0002555880580481979,0.04368404860600849,-0.0011068841323573538,0.0,0.0,0.0,0.0,0.044934920609948484
9,Mutualistic09_full_functional_memory,0,0 vs 1,3,2.0,1.0,1.0,0.006,0.026996293773953902,0.10659109864463197,0.9675978498255953,0.0002733807908411341,0.05414566483863808,-0.0011233113448512048,0.0,0.0,0.0,0.5,0.03599583948070698
9,Mutualistic09_full_functional_memory,0,0 vs 1,14,2.0,1.0,1.0,0.006,0.014054943518861732,0.12905078476413767,0.9614039355135978,0.0006731065735793697,0.043911068026995674,-0.0031061615990573897,0.0,0.0,0.0,1.0,0.018776924983459585
9,Mutualistic09_full_functional_memory,1,2 vs 3,0,2.0,1.0,1.0,0.006,0.1785036457028795,0.17033692298734443,0.9452796071133716,0.0016443159647195067,0.18843829056168807,-0.007675709242516375,0.0008472805761715441,0.05236841816889516,0.034267261723413114,0.0,0.27964750661494886
9,Mutualistic09_full_functional_memory,1,2 vs 3,2,2.0,1.0,1.0,0.006,0.07261151233886151,0.047881088596075136,0.9903807602030166,6.102067610744927e-05,0.07229062383796306,-0.0002716527260998462,0.0009932295919923568,0.013717959644867385,0.008657946300871194,0.0,0.10576254343415828
9,Mutualistic09_full_functional_memory,1,2 vs 3,3,2.0,1.0,1.0,0.006,0.07000470728157683,0.048627857475521716,0.990027129650116,4.9721038524384834e-05,0.09533276519876846,-0.00022833239524922472,0.0008741398235910542,0.011084976264255796,0.006582991784795168,0.5,0.09757979864135702
9,Mutualistic09_full_functional_memory,1,2 vs 3,14,2.0,1.0,1.0,0.006,0.025709557842383993,0.05602327020878487,0.9860562593378919,3.4611387473026474e-05,0.21808409603669288,-0.0001610659974369597,0.0008479865685698546,0.0032287110683528034,0.0030748895196085597,1.0,0.03790411737529521
9,Mutualistic09_full_functional_memory,2,4 vs 5,0,2.0,1.0,1.0,0.006,0.12299161241885195,0.4988206751803134,0.7937853691425729,0.0031650670255058163,0.06921785282797151,-0.01452690434265644,0.00044017661577449777,0.011321655578556486,0.031564976467052475,0.0,0.19550383994553952
9,Mutualistic09_full_functional_memory,2,4 vs 5,2,2.0,1.0,1.0,0.006,0.014987780890883283,0.059792738804157745,0.9822504837462243,0.00013651730971850291,0.0684018074832064,-0.0004882904146104417,0.0003460809474880931,0.003969533572052705,0.01339825612314521,0.0,0.04256294723203842
9,Mutualistic09_full_functional_memory,2,4 vs 5,3,2.0,1.0,1.0,0.006,0.011118437104085659,0.0424939742351466,0.9871123661386206,6.265172176407508e-05,0.08377519257842227,-0.0002580702780409062,0.0004698425558323853,0.0026893509165482952,0.010485642431105705,0.5,0.033445674450473584
9,Mutualistic09_full_functional_memory,2,4 vs 5,14,2.0,1.0,1.0,0.006,0.001967570140085956,0.014915384362114871,0.9952189744787013,5.875431825980751e-07,6.114714744243216,-2.7850161286744666e-06,0.00047322370448184416,0.0008298020699665823,0.0013054299720642256,1.0,0.009677284139584987
9,Mutualistic09_full_functional_memory,3,6 vs 7,0,2.0,1.0,1.0,0.006,0.07146066761119886,0.17437634743908617,0.9282815735390846,0.0002699612107915798,0.14560169116296667,-0.001245485034156987,0.0008257518042847415,0.010596577081819401,0.03589609796874859,0.0,0.13688977720572593
9,Mutualistic09_full_functional_memory,3,6 vs 7,2,2.0,1.0,1.0,0.006,0.005525278071179352,0.04218984799499207,0.9876625487144958,4.590476798047677e-05,0.10714377185448687,-0.00018460658735575827,0.0006996503884983349,0.0028245545963340615,0.004013488510068744,0.0,0.02489551136943888
9,Mutualistic09_full_functional_memory,3,6 vs 7,3,2.0,1.0,1.0,0.006,0.004667754874544892,0.01942529720551473,0.995146651217278,1.4572300647450127e-05,0.14649451476462344,-6.303209514218442e-05,0.0006027632340927549,0.0019756711553782225,0.0029177750074403717,0.5,0.02029498282106633
9,Mutualistic09_full_functional_memory,3,6 vs 7,14,2.0,1.0,1.0,0.006,0.0012773435978971897,0.0035730525479711435,0.9991341436162908,8.404582195966059e-07,0.18565604819896372,-3.757559634903644e-06,0.0005066596254727437,0.00022185843486210053,0.0005933150315924765,1.0,0.007240664649834024
9,Mutualistic09_full_functional_memory,4,8 vs 9,0,2.0,1.0,1.0,0.006,0.07864777741834839,0.08247563730370491,0.9740250503763239,0.0017697341282810351,0.0510337580431332,-0.0073164301785699866,0.0006417694236548182,0.009738935810348527,0.020683421602254694,0.0,0.1317706752489222
9,Mutualistic09_full_functional_memory,4,8 vs 9,2,2.0,1.0,1.0,0.006,0.011671646646758977,0.036508960530478904,0.9905732933511125,9.90547945393507e-05,0.06821336763653349,-0.0004557510689297255,0.000684564496313737,0.0022002100706734556,0.004837606092320478,0.0,0.03191256376498557
9,Mutualistic09_full_functional_memory,4,8 vs 9,3,2.0,1.0,1.0,0.006,0.008026582897303904,0.03914646126646945,0.9900283192066436,5.8272757055806804e-05,0.06301546604075331,-0.00023782499471401914,0.0005499862727060161,0.00121578998105759,0.0035051745907502606,0.5,0.023705563844835506
9,Mutualistic09_full_functional_memory,4,8 vs 9,14,2.0,1.0,1.0,0.006,0.001465976443835237,0.011924108574563202,0.9972369315776419,2.1622115428228544e-06,0.15678494708969237,-8.66263995858583e-06,0.0006377822668427859,0.000310258450050977,0.0007265996233748391,1.0,0.007904671469425901
