seed,model,after_task,task_id,task_name,host_0,host_1,host_2,host_3,host_4
0,Mutualistic09_distill_only,0,0,0 vs 1,0.476205974817276,0.0008674341952428222,0.5172699093818665,0.005153543781489134,0.0005031290929764509
0,Mutualistic09_distill_only,1,0,0 vs 1,0.4783892035484314,0.0016451430274173617,0.5115892291069031,0.007079321891069412,0.0012972138356417418
0,Mutualistic09_distill_only,1,1,2 vs 3,0.00802082009613514,0.0007115257321856916,0.9895828366279602,0.0015327651053667068,0.00015210226410999894
0,Mutualistic09_distill_only,2,0,0 vs 1,0.4812602400779724,0.0015700701624155045,0.5088799595832825,0.006792488042265177,0.0014972509816288948
0,Mutualistic09_distill_only,2,1,2 vs 3,0.008883167989552021,0.0008278427412733436,0.9884517192840576,0.0016245985170826316,0.00021266753901727498
0,Mutualistic09_distill_only,2,2,4 vs 5,0.004422043450176716,0.00010240382107440382,0.4953696131706238,8.706830703886226e-05,0.5000188946723938
0,Mutualistic09_distill_only,3,0,0 vs 1,0.4810439944267273,0.0011837418423965573,0.5093076229095459,0.00739087350666523,0.0010737183038145304
0,Mutualistic09_distill_only,3,1,2 vs 3,0.010045346803963184,0.0007621677941642702,0.9872317314147949,0.0018558689625933766,0.00010490727436263114
0,Mutualistic09_distill_only,3,2,4 vs 5,0.001109466073103249,3.698039654409513e-05,0.4989771842956543,3.478090729913674e-05,0.4998415410518646
0,Mutualistic09_distill_only,3,3,6 vs 7,0.00019387283828109503,4.8131711082533e-05,0.4996120035648346,1.3963685887574684e-05,0.5001319646835327
0,Mutualistic09_distill_only,4,0,0 vs 1,0.48264026641845703,0.0005503343418240547,0.5090226531028748,0.007588949520140886,0.00019775587134063244
0,Mutualistic09_distill_only,4,1,2 vs 3,0.01078611146658659,0.0001352345134364441,0.9867556095123291,0.002288967138156295,3.408884003874846e-05
0,Mutualistic09_distill_only,4,2,4 vs 5,0.0010957318590953946,2.84664893115405e-05,0.4990309774875641,3.917422509402968e-05,0.4998056888580322
0,Mutualistic09_distill_only,4,3,6 vs 7,0.00020647799829021096,3.4097785828635097e-05,0.49915990233421326,1.3916803254687693e-05,0.5005855560302734
0,Mutualistic09_distill_only,4,4,8 vs 9,0.0011407501297071576,6.557734741363674e-05,0.497293084859848,0.00011201889719814062,0.5013886094093323
0,Mutualistic09_route_memory_only,0,0,0 vs 1,0.476205974817276,0.0008674341952428222,0.5172699093818665,0.005153543781489134,0.0005031290929764509
0,Mutualistic09_route_memory_only,1,0,0 vs 1,0.4780779182910919,0.005957292392849922,0.51108717918396,0.004199579823762178,0.000678059586789459
0,Mutualistic09_route_memory_only,1,1,2 vs 3,0.0022751695942133665,0.028237728402018547,0.9683617353439331,0.0009749173186719418,0.00015042978338897228
0,Mutualistic09_route_memory_only,2,0,0 vs 1,0.47073468565940857,0.005639257375150919,0.5218536853790283,0.0016481663333252072,0.00012418610276654363
0,Mutualistic09_route_memory_only,2,1,2 vs 3,0.0018938140710815787,0.02802850306034088,0.9695891737937927,0.0004637964302673936,2.474748544045724e-05
0,Mutualistic09_route_memory_only,2,2,4 vs 5,0.011119287461042404,0.49996745586395264,0.48863160610198975,0.00023221957962960005,4.950102083967067e-05
0,Mutualistic09_route_memory_only,3,0,0 vs 1,0.47131168842315674,0.002227486576884985,0.5251153111457825,0.001244201441295445,0.00010132916941074654
0,Mutualistic09_route_memory_only,3,1,2 vs 3,0.0019995984621345997,0.025542939081788063,0.9720961451530457,0.0003365011652931571,2.487204437784385e-05
0,Mutualistic09_route_memory_only,3,2,4 vs 5,0.006804402451962233,0.49881115555763245,0.4942822754383087,8.59012725413777e-05,1.6244213838945143e-05
0,Mutualistic09_route_memory_only,3,3,6 vs 7,0.0020889367442578077,0.5001594424247742,0.49766725301742554,7.765396730974317e-05,6.652287538599921e-06
0,Mutualistic09_route_memory_only,4,0,0 vs 1,0.4746440052986145,0.0027661409694701433,0.5200904011726379,0.002315073972567916,0.0001844079524744302
0,Mutualistic09_route_memory_only,4,1,2 vs 3,0.0029054030310362577,0.021410036832094193,0.9749214053153992,0.0007116968045011163,5.1483595598256215e-05
0,Mutualistic09_route_memory_only,4,2,4 vs 5,0.012388861738145351,0.4927910566329956,0.4940335154533386,0.00069202552549541,9.454417886445299e-05
0,Mutualistic09_route_memory_only,4,3,6 vs 7,0.004074940457940102,0.49846702814102173,0.49708127975463867,0.00033365830313414335,4.3095405999338254e-05
0,Mutualistic09_route_memory_only,4,4,8 vs 9,0.0008000012603588402,0.5024418830871582,0.49666354060173035,9.186587703879923e-05,2.6898187570623122e-06
0,Mutualistic09_latent_only,0,0,0 vs 1,0.476205974817276,0.0008674341952428222,0.5172699093818665,0.005153543781489134,0.0005031290929764509
0,Mutualistic09_latent_only,1,0,0 vs 1,0.9917147159576416,0.0001809629611670971,0.0062321387231349945,0.001023741322569549,0.0008484495338052511
0,Mutualistic09_latent_only,1,1,2 vs 3,0.016107268631458282,0.03514958173036575,0.947449266910553,0.0012650403659790754,2.8819666113122366e-05
0,Mutualistic09_latent_only,2,0,0 vs 1,0.9960249662399292,0.0005219693412072957,0.003393877064809203,5.222007894190028e-05,7.009381988609675e-06
0,Mutualistic09_latent_only,2,1,2 vs 3,0.00688432902097702,2.6951012841891497e-05,0.9930832982063293,5.4060697038949e-06,1.1756036144561222e-08
0,Mutualistic09_latent_only,2,2,4 vs 5,0.5033118724822998,0.3071633577346802,0.18948544561862946,3.381595524842851e-05,5.533113835554104e-06
0,Mutualistic09_latent_only,3,0,0 vs 1,0.4823264181613922,0.0007374052656814456,0.34544429183006287,0.16992805898189545,0.0015638497425243258
0,Mutualistic09_latent_only,3,1,2 vs 3,1.7064805433619767e-05,1.1288915629847907e-05,0.9903767108917236,0.009591374546289444,3.6136573271505767e-06
0,Mutualistic09_latent_only,3,2,4 vs 5,0.304405152797699,0.32934489846229553,0.2510278820991516,0.1147613599896431,0.0004606896254699677
0,Mutualistic09_latent_only,3,3,6 vs 7,0.5003563165664673,0.4991362392902374,0.00033112074015662074,0.00017601776926312596,2.2433749791161972e-07
0,Mutualistic09_latent_only,4,0,0 vs 1,0.5038164258003235,0.00024182515335269272,0.4725630581378937,0.019301531836390495,0.004077168647199869
0,Mutualistic09_latent_only,4,1,2 vs 3,7.62919944463647e-06,6.598908839805517e-06,0.9991281032562256,0.0008527404861524701,4.900620751868701e-06
0,Mutualistic09_latent_only,4,2,4 vs 5,0.4817202091217041,0.49790894985198975,0.019016437232494354,0.0005718370666727424,0.0007825916400179267
0,Mutualistic09_latent_only,4,3,6 vs 7,0.49879902601242065,0.5010349750518799,3.93978989450261e-05,1.223484559886856e-05,0.00011440629896242172
0,Mutualistic09_latent_only,4,4,8 vs 9,0.00025746889878064394,6.064464105293155e-05,0.995582103729248,0.004040326923131943,5.952357605565339e-05
0,Mutualistic09_route_plus_latent,0,0,0 vs 1,0.476205974817276,0.0008674341952428222,0.5172699093818665,0.005153543781489134,0.0005031290929764509
0,Mutualistic09_route_plus_latent,1,0,0 vs 1,0.48115167021751404,0.0005154545651748776,0.515519380569458,0.0022914032451808453,0.0005220226594246924
0,Mutualistic09_route_plus_latent,1,1,2 vs 3,0.0007676341920159757,0.005279129836708307,0.9930022358894348,0.0008987004403024912,5.219127342570573e-05
0,Mutualistic09_route_plus_latent,2,0,0 vs 1,0.4847624897956848,0.0014734467258676887,0.5127453804016113,0.000807232572697103,0.00021143957565072924
0,Mutualistic09_route_plus_latent,2,1,2 vs 3,6.780224794056267e-05,0.00455692782998085,0.9952716827392578,9.439625137019902e-05,9.176595995086245e-06
0,Mutualistic09_route_plus_latent,2,2,4 vs 5,0.00025188643485307693,0.4989960491657257,0.500697672367096,3.924597331206314e-05,1.511172013124451e-05
0,Mutualistic09_route_plus_latent,3,0,0 vs 1,0.46350058913230896,0.008891254663467407,0.520017683506012,0.005826430860906839,0.0017641095910221338
0,Mutualistic09_route_plus_latent,3,1,2 vs 3,0.0004099450306966901,0.025689540430903435,0.9735698699951172,0.0002745645761024207,5.611839151242748e-05
0,Mutualistic09_route_plus_latent,3,2,4 vs 5,0.00034612600575201213,0.5034337639808655,0.49602043628692627,0.00013787551142740995,6.182096694828942e-05
0,Mutualistic09_route_plus_latent,3,3,6 vs 7,0.0001521864760434255,0.5000350475311279,0.499803751707077,7.633804671058897e-06,1.35038749249361e-06
0,Mutualistic09_route_plus_latent,4,0,0 vs 1,0.4615758955478668,0.007946395315229893,0.5265823006629944,0.0038242610171437263,7.110275328159332e-05
0,Mutualistic09_route_plus_latent,4,1,2 vs 3,0.0003582201316021383,0.01611517183482647,0.983413815498352,0.00011219207954127342,5.57519456378941e-07
0,Mutualistic09_route_plus_latent,4,2,4 vs 5,0.0008866545394994318,0.5008107423782349,0.497640997171402,0.00033880610135383904,0.00032277751597575843
0,Mutualistic09_route_plus_latent,4,3,6 vs 7,0.0010779309086501598,0.48071956634521484,0.5181474089622498,5.411779784481041e-05,9.91553292806202e-07
0,Mutualistic09_route_plus_latent,4,4,8 vs 9,1.5618532415828668e-05,0.9933933615684509,0.00012934618280269206,4.751910819322802e-05,0.006414187606424093
0,Mutualistic09_full_functional_memory,0,0,0 vs 1,0.47831910848617554,0.0007838350720703602,0.5157806873321533,0.004216753877699375,0.0008996140095405281
0,Mutualistic09_full_functional_memory,1,0,0 vs 1,0.47590482234954834,0.0017127193277701735,0.517208993434906,0.004001615568995476,0.0011718120658770204
0,Mutualistic09_full_functional_memory,1,1,2 vs 3,0.4855388104915619,0.0074633085168898106,0.5065892934799194,0.0002983860613312572,0.00011021611862815917
0,Mutualistic09_full_functional_memory,2,0,0 vs 1,0.4796861708164215,0.001261752680875361,0.5161454081535339,0.0011905671562999487,0.0017161481082439423
0,Mutualistic09_full_functional_memory,2,1,2 vs 3,0.4850451350212097,0.00016298952687066048,0.5143880248069763,0.00030134382541291416,0.00010248748731100932
0,Mutualistic09_full_functional_memory,2,2,4 vs 5,0.0003824233717750758,0.4996754825115204,0.4996606409549713,0.00021488688071258366,6.65071711409837e-05
0,Mutualistic09_full_functional_memory,3,0,0 vs 1,0.4756316542625427,0.0010463346261531115,0.5037203431129456,0.01803695783019066,0.001564722158946097
0,Mutualistic09_full_functional_memory,3,1,2 vs 3,0.48238155245780945,7.806684152456e-05,0.5014460682868958,0.015985602512955666,0.00010875587759073824
0,Mutualistic09_full_functional_memory,3,2,4 vs 5,0.0005770529387518764,0.4996114671230316,0.48621025681495667,0.01353144645690918,6.97629657224752e-05
0,Mutualistic09_full_functional_memory,3,3,6 vs 7,1.3788331898467732e-07,0.5001150965690613,0.4998827874660492,1.8081288999383105e-06,8.510350113510867e-08
0,Mutualistic09_full_functional_memory,4,0,0 vs 1,0.47134876251220703,0.00011304776853648946,0.5091574192047119,0.017594102770090103,0.0017867186106741428
0,Mutualistic09_full_functional_memory,4,1,2 vs 3,0.48373720049858093,2.7910791686736047e-05,0.5013399124145508,0.014764290302991867,0.00013067081454209983
0,Mutualistic09_full_functional_memory,4,2,4 vs 5,0.00036762290983460844,0.49976280331611633,0.48684024810791016,0.012934586964547634,9.477812272962183e-05
0,Mutualistic09_full_functional_memory,4,3,6 vs 7,1.100083224514492e-08,0.5004891753196716,0.49951058626174927,1.1916426245761613e-07,6.014744258209248e-08
0,Mutualistic09_full_functional_memory,4,4,8 vs 9,4.640832412405871e-05,0.5017378330230713,0.4981958866119385,1.407277159160003e-05,5.816816610604292e-06
1,Mutualistic09_distill_only,0,0,0 vs 1,0.02962604910135269,0.5011942982673645,0.4642929434776306,0.0021555402781814337,0.0027312450110912323
1,Mutualistic09_distill_only,1,0,0 vs 1,0.051528919488191605,0.47740066051483154,0.4623994529247284,0.0048910267651081085,0.003779919585213065
1,Mutualistic09_distill_only,1,1,2 vs 3,0.3591867685317993,0.6391288042068481,0.0013637744123116136,0.00019284061272628605,0.00012786917795892805
1,Mutualistic09_distill_only,2,0,0 vs 1,0.05093034356832504,0.47609925270080566,0.4636373519897461,0.005712594371289015,0.003620508126914501
1,Mutualistic09_distill_only,2,1,2 vs 3,0.3681417405605316,0.6314429044723511,0.00027734789182431996,9.792347555048764e-05,4.0000850276555866e-05
1,Mutualistic09_distill_only,2,2,4 vs 5,0.4997172951698303,0.5002101063728333,6.350554758682847e-05,6.182479864946799e-06,2.9231048301880946e-06
1,Mutualistic09_distill_only,3,0,0 vs 1,0.04449161887168884,0.4821881055831909,0.4635328948497772,0.006648458074778318,0.0031388879287987947
1,Mutualistic09_distill_only,3,1,2 vs 3,0.37770330905914307,0.6219545006752014,0.00022895412985235453,8.967681787908077e-05,2.3537124434369616e-05
1,Mutualistic09_distill_only,3,2,4 vs 5,0.4999085068702698,0.5000815987586975,8.703909770702012e-06,9.057569059223169e-07,3.056213699892396e-07
1,Mutualistic09_distill_only,3,3,6 vs 7,0.5009501576423645,0.49888888001441956,0.00010913221922237426,3.920524613931775e-05,1.2659033018280752e-05
1,Mutualistic09_distill_only,4,0,0 vs 1,0.03968353196978569,0.48317858576774597,0.4668183922767639,0.0069173104129731655,0.0034021453466266394
1,Mutualistic09_distill_only,4,1,2 vs 3,0.3843922019004822,0.6148320436477661,0.0006281406967900693,0.0001094065883080475,3.8121022953419015e-05
1,Mutualistic09_distill_only,4,2,4 vs 5,0.49929890036582947,0.5006883144378662,1.0028653377958108e-05,2.4205698991863756e-06,3.6912527434651565e-07
1,Mutualistic09_distill_only,4,3,6 vs 7,0.5010294914245605,0.4987522065639496,0.0001402745838277042,6.163038779050112e-05,1.6346597476513125e-05
1,Mutualistic09_distill_only,4,4,8 vs 9,0.5020910501480103,0.49737125635147095,0.0004166661819908768,9.649219282437116e-05,2.4547964130761102e-05
1,Mutualistic09_route_memory_only,0,0,0 vs 1,0.02962604910135269,0.5011942982673645,0.4642929434776306,0.0021555402781814337,0.0027312450110912323
1,Mutualistic09_route_memory_only,1,0,0 vs 1,0.01821870356798172,0.49855494499206543,0.47530341148376465,0.002518459688872099,0.005404504481703043
1,Mutualistic09_route_memory_only,1,1,2 vs 3,0.004743045195937157,0.9907405972480774,0.0036279542837291956,0.00024207113892771304,0.0006463370518758893
1,Mutualistic09_route_memory_only,2,0,0 vs 1,0.02842717617750168,0.5109419226646423,0.4530845880508423,0.0019731358624994755,0.005573176313191652
1,Mutualistic09_route_memory_only,2,1,2 vs 3,0.004511834122240543,0.9931750893592834,0.001292375149205327,4.3557225581025705e-05,0.0009771690238267183
1,Mutualistic09_route_memory_only,2,2,4 vs 5,0.00033788755536079407,0.4989495277404785,0.0005907692830078304,1.4371720681083389e-05,0.5001074075698853
1,Mutualistic09_route_memory_only,3,0,0 vs 1,0.027550959959626198,0.510358452796936,0.4588173031806946,0.0011565223103389144,0.0021167804952710867
1,Mutualistic09_route_memory_only,3,1,2 vs 3,0.004211766179651022,0.9939646124839783,0.0014203189639374614,2.9278695365064777e-05,0.00037408011849038303
1,Mutualistic09_route_memory_only,3,2,4 vs 5,0.0002150617801817134,0.49986395239830017,0.0005104978336021304,6.478753221017541e-06,0.49940401315689087
1,Mutualistic09_route_memory_only,3,3,6 vs 7,0.0010532023152336478,0.4978121817111969,0.0008926730370149016,3.940378883271478e-05,0.5002025961875916
1,Mutualistic09_route_memory_only,4,0,0 vs 1,0.02904987521469593,0.5030787587165833,0.4625857174396515,0.001299993833526969,0.003985658288002014
1,Mutualistic09_route_memory_only,4,1,2 vs 3,0.005953336600214243,0.9889256358146667,0.003521519713103771,5.959102782071568e-05,0.0015398366376757622
1,Mutualistic09_route_memory_only,4,2,4 vs 5,0.00019272664212621748,0.5035425424575806,0.0008515683584846556,6.8813151301583275e-06,0.49540629982948303
1,Mutualistic09_route_memory_only,4,3,6 vs 7,0.0011262663174420595,0.49853450059890747,0.0014817675109952688,7.144614210119471e-05,0.49878600239753723
1,Mutualistic09_route_memory_only,4,4,8 vs 9,9.342999692307785e-05,0.4976004362106323,0.00044448397238738835,8.372725801564229e-07,0.5018607974052429
1,Mutualistic09_latent_only,0,0,0 vs 1,0.02962604910135269,0.5011942982673645,0.4642929434776306,0.0021555402781814337,0.0027312450110912323
1,Mutualistic09_latent_only,1,0,0 vs 1,0.009160628542304039,0.40487122535705566,0.5154358148574829,0.049496352672576904,0.02103605307638645
1,Mutualistic09_latent_only,1,1,2 vs 3,0.504482626914978,0.4920383095741272,0.002497754292562604,0.000908816116861999,7.253047078847885e-05
1,Mutualistic09_latent_only,2,0,0 vs 1,0.010002958588302135,0.17858898639678955,0.5212941765785217,0.28102022409439087,0.009093590080738068
1,Mutualistic09_latent_only,2,1,2 vs 3,0.9808093905448914,0.018951190635561943,0.00017727832891978323,2.2295022063190117e-05,3.981774716521613e-05
1,Mutualistic09_latent_only,2,2,4 vs 5,0.5007108449935913,0.4988909363746643,0.0001519840443506837,0.0001780904276529327,6.816579843871295e-05
1,Mutualistic09_latent_only,3,0,0 vs 1,0.001603329903446138,0.0012833740329369903,0.9684832096099854,0.02229783684015274,0.006332176271826029
1,Mutualistic09_latent_only,3,1,2 vs 3,0.9830672740936279,0.0067354547791182995,0.00955087412148714,0.0005460140528157353,0.0001003877041512169
1,Mutualistic09_latent_only,3,2,4 vs 5,0.5004761219024658,0.4857105314731598,0.0006357164238579571,0.01306065171957016,0.00011696771980496123
1,Mutualistic09_latent_only,3,3,6 vs 7,0.5000850558280945,0.00031424075132235885,0.00019456727022770792,0.49931830167770386,8.774606976658106e-05
1,Mutualistic09_latent_only,4,0,0 vs 1,0.007985420525074005,0.06589359045028687,0.8249821662902832,0.05663970857858658,0.04449916258454323
1,Mutualistic09_latent_only,4,1,2 vs 3,0.9876807332038879,0.01116067823022604,0.0007899802876636386,3.0440853151958436e-05,0.0003381599672138691
1,Mutualistic09_latent_only,4,2,4 vs 5,0.49752652645111084,0.499275267124176,0.0007097508641891181,0.0018931567901745439,0.0005952975479885936
1,Mutualistic09_latent_only,4,3,6 vs 7,0.48687228560447693,0.0013711143983528018,0.0006135784205980599,0.5096319317817688,0.001511088223196566
1,Mutualistic09_latent_only,4,4,8 vs 9,0.5015686750411987,0.0002940489212051034,0.49764159321784973,0.00015014162636362016,0.00034555315505713224
1,Mutualistic09_route_plus_latent,0,0,0 vs 1,0.02962604910135269,0.5011942982673645,0.4642929434776306,0.0021555402781814337,0.0027312450110912323
1,Mutualistic09_route_plus_latent,1,0,0 vs 1,0.01544967945665121,0.48952990770339966,0.4763105809688568,0.008376047015190125,0.010333788581192493
1,Mutualistic09_route_plus_latent,1,1,2 vs 3,0.45496684312820435,0.5431352853775024,0.001721990411169827,9.207615221384913e-05,8.380921644857153e-05
1,Mutualistic09_route_plus_latent,2,0,0 vs 1,0.03216037154197693,0.4927799105644226,0.4554581344127655,0.011183683760464191,0.008417909033596516
1,Mutualistic09_route_plus_latent,2,1,2 vs 3,0.482083261013031,0.516634464263916,0.0008838757057674229,0.0002091464411932975,0.00018924685718957335
1,Mutualistic09_route_plus_latent,2,2,4 vs 5,0.5006458163261414,0.49907371401786804,0.00026407037512399256,7.551539511041483e-06,8.886093382898252e-06
1,Mutualistic09_route_plus_latent,3,0,0 vs 1,0.031563900411129,0.48858028650283813,0.46293503046035767,0.007256041280925274,0.00966469757258892
1,Mutualistic09_route_plus_latent,3,1,2 vs 3,0.474576473236084,0.5234495997428894,0.0012613213621079922,0.000353300099959597,0.00035934464540332556
1,Mutualistic09_route_plus_latent,3,2,4 vs 5,0.5013498067855835,0.4971292018890381,0.0006261025555431843,0.0008321299101226032,6.272553582675755e-05
1,Mutualistic09_route_plus_latent,3,3,6 vs 7,0.5000932216644287,0.00019684630387928337,0.000428523140726611,0.49925193190574646,2.9512761102523655e-05
1,Mutualistic09_route_plus_latent,4,0,0 vs 1,0.03145945817232132,0.494342565536499,0.4630543887615204,0.0004991714959032834,0.0106443976983428
1,Mutualistic09_route_plus_latent,4,1,2 vs 3,0.45961612462997437,0.5375853776931763,0.0023132225032895803,0.00010783921607071534,0.00037744134897366166
1,Mutualistic09_route_plus_latent,4,2,4 vs 5,0.5008379220962524,0.49826404452323914,0.000812517711892724,3.2854630262590945e-05,5.269145913189277e-05
1,Mutualistic09_route_plus_latent,4,3,6 vs 7,0.49962836503982544,0.0016022997442632914,0.0022614672780036926,0.49645355343818665,5.426914503914304e-05
1,Mutualistic09_route_plus_latent,4,4,8 vs 9,0.5022040009498596,0.494765043258667,0.002818552078679204,6.143519567558542e-05,0.00015097332652658224
1,Mutualistic09_full_functional_memory,0,0,0 vs 1,0.019635409116744995,0.50445157289505,0.4724746644496918,0.002113196300342679,0.0013251027557998896
1,Mutualistic09_full_functional_memory,1,0,0 vs 1,0.007136148400604725,0.4989159405231476,0.48347988724708557,0.007056140806525946,0.003411834128201008
1,Mutualistic09_full_functional_memory,1,1,2 vs 3,0.05034828931093216,0.9468819499015808,0.002226698212325573,0.00043403939343988895,0.0001090448786271736
1,Mutualistic09_full_functional_memory,2,0,0 vs 1,0.01653619110584259,0.490727037191391,0.4821658134460449,0.007263470906764269,0.003307487117126584
1,Mutualistic09_full_functional_memory,2,1,2 vs 3,0.07413896173238754,0.9238865971565247,0.0013942128280177712,0.00048697259626351297,9.323436097474769e-05
1,Mutualistic09_full_functional_memory,2,2,4 vs 5,0.5001679062843323,0.49970948696136475,0.00011103345605079085,1.0810916137415916e-05,7.844391234357317e-07
1,Mutualistic09_full_functional_memory,3,0,0 vs 1,0.01576259918510914,0.4934956729412079,0.4769306778907776,0.008347316645085812,0.0054637230932712555
1,Mutualistic09_full_functional_memory,3,1,2 vs 3,0.05604575201869011,0.9417481422424316,0.0014353859005495906,0.00042665202636271715,0.00034409851650707424
1,Mutualistic09_full_functional_memory,3,2,4 vs 5,0.500359296798706,0.4975442886352539,9.94254369288683e-05,0.0019935709424316883,3.3592248200875474e-06
1,Mutualistic09_full_functional_memory,3,3,6 vs 7,0.5000273585319519,0.0002419281954644248,3.393480437807739e-05,0.49969393014907837,2.7263818083156366e-06
1,Mutualistic09_full_functional_memory,4,0,0 vs 1,0.016323653981089592,0.49635735154151917,0.4757848381996155,0.005392805207520723,0.006141384597867727
1,Mutualistic09_full_functional_memory,4,1,2 vs 3,0.05625894293189049,0.9409518241882324,0.001745775924064219,0.0005792464362457395,0.0004642177082132548
1,Mutualistic09_full_functional_memory,4,2,4 vs 5,0.5003600716590881,0.4988035559654236,0.00010769594518933445,0.0007238215766847134,4.844685008720262e-06
1,Mutualistic09_full_functional_memory,4,3,6 vs 7,0.4999879002571106,0.0016267900355160236,2.170895277231466e-05,0.4983599781990051,3.5983043744636234e-06
1,Mutualistic09_full_functional_memory,4,4,8 vs 9,0.5017806887626648,0.49767473340034485,0.00046912109246477485,2.947129360109102e-05,4.5948323531774804e-05
2,Mutualistic09_distill_only,0,0,0 vs 1,0.0019304060842841864,0.004387660883367062,0.46510547399520874,0.01193821057677269,0.5166382193565369
2,Mutualistic09_distill_only,1,0,0 vs 1,0.00426458427682519,0.007277903612703085,0.4456802010536194,0.0076268515549600124,0.5351504683494568
2,Mutualistic09_distill_only,1,1,2 vs 3,0.00864772405475378,0.01781407929956913,0.2620847523212433,0.003322556149214506,0.7081308960914612
2,Mutualistic09_distill_only,2,0,0 vs 1,0.003560790326446295,0.006583365146070719,0.4472344219684601,0.007363857235759497,0.5352575778961182
2,Mutualistic09_distill_only,2,1,2 vs 3,0.008096059784293175,0.019925907254219055,0.2739796042442322,0.003551308996975422,0.6944471597671509
2,Mutualistic09_distill_only,2,2,4 vs 5,6.051558102626586e-06,7.242720312206075e-05,0.00023381262144539505,0.00023750824038870633,0.9994502067565918
2,Mutualistic09_distill_only,3,0,0 vs 1,0.0034824556205421686,0.006848956923931837,0.44825097918510437,0.007112578954547644,0.5343050360679626
2,Mutualistic09_distill_only,3,1,2 vs 3,0.007835919968783855,0.020531540736556053,0.27620214223861694,0.0035982124973088503,0.6918321847915649
2,Mutualistic09_distill_only,3,2,4 vs 5,2.2567694486497203e-06,2.4274435418192297e-05,0.00016875208530109376,5.570430585066788e-05,0.9997490048408508
2,Mutualistic09_distill_only,3,3,6 vs 7,1.5923907312753727e-06,1.2715306183963548e-05,2.1719013602705672e-05,6.61317653793958e-06,0.9999573826789856
2,Mutualistic09_distill_only,4,0,0 vs 1,0.003909507300704718,0.00862847175449133,0.4502681493759155,0.007232967764139175,0.5299608707427979
2,Mutualistic09_distill_only,4,1,2 vs 3,0.008509176783263683,0.023539111018180847,0.2794680893421173,0.00430535851046443,0.6841782927513123
2,Mutualistic09_distill_only,4,2,4 vs 5,3.240689011363429e-06,4.1577412048354745e-05,0.00018606944649945945,8.327163232024759e-05,0.9996858835220337
2,Mutualistic09_distill_only,4,3,6 vs 7,2.2238992869461072e-07,3.304024858152843e-06,3.0657574825454503e-06,1.2624411738215713e-06,0.9999921917915344
2,Mutualistic09_distill_only,4,4,8 vs 9,4.4608773350773845e-06,3.669871512101963e-05,4.3141186324646696e-05,8.286690899694804e-06,0.9999074935913086
2,Mutualistic09_route_memory_only,0,0,0 vs 1,0.0019304060842841864,0.004387660883367062,0.46510547399520874,0.01193821057677269,0.5166382193565369
2,Mutualistic09_route_memory_only,1,0,0 vs 1,0.0007495285826735198,0.0005883471458218992,0.4699643552303314,0.006835164036601782,0.5218625664710999
2,Mutualistic09_route_memory_only,1,1,2 vs 3,0.0021521267481148243,0.0017729875398799777,0.40058496594429016,0.010535303503274918,0.5849546790122986
2,Mutualistic09_route_memory_only,2,0,0 vs 1,0.0007288415217772126,0.0003503613406792283,0.4800209105014801,0.0065008495002985,0.5123990774154663
2,Mutualistic09_route_memory_only,2,1,2 vs 3,0.002440100535750389,0.0011425770353525877,0.40829282999038696,0.008309300057590008,0.5798152089118958
2,Mutualistic09_route_memory_only,2,2,4 vs 5,6.1277146414795425e-06,3.1027461773192044e-06,0.009811703115701675,5.842028258484788e-05,0.9901207089424133
2,Mutualistic09_route_memory_only,3,0,0 vs 1,0.0019048757385462523,0.0006521271425299346,0.4604283273220062,0.012404234148561954,0.5246104598045349
2,Mutualistic09_route_memory_only,3,1,2 vs 3,0.004219969734549522,0.001635833061300218,0.38716191053390503,0.011360164731740952,0.5956221222877502
2,Mutualistic09_route_memory_only,3,2,4 vs 5,2.6252323550579604e-06,7.493057978535944e-07,0.0033111334778368473,1.7989572370424867e-05,0.9966675043106079
2,Mutualistic09_route_memory_only,3,3,6 vs 7,3.422600514113583e-07,7.306438760679157e-07,0.001203406834974885,1.660380007706408e-06,0.99879390001297
2,Mutualistic09_route_memory_only,4,0,0 vs 1,0.0019413148984313011,0.0008569103665649891,0.46710488200187683,0.01375645026564598,0.516340434551239
2,Mutualistic09_route_memory_only,4,1,2 vs 3,0.0035367694217711687,0.0016716191312298179,0.4047532081604004,0.010160591453313828,0.5798777937889099
2,Mutualistic09_route_memory_only,4,2,4 vs 5,8.30206317914417e-06,1.5477355645998614e-06,0.0052322521805763245,4.037680628243834e-05,0.994717538356781
2,Mutualistic09_route_memory_only,4,3,6 vs 7,1.9442703091954172e-07,1.8093929554652277e-07,0.0003466805210337043,1.1519036888785195e-06,0.9996517300605774
2,Mutualistic09_route_memory_only,4,4,8 vs 9,1.2685299225267954e-05,9.739874258229975e-06,0.0010801489697769284,2.876629696402233e-05,0.9988686442375183
2,Mutualistic09_latent_only,0,0,0 vs 1,0.0019304060842841864,0.004387660883367062,0.46510547399520874,0.01193821057677269,0.5166382193565369
2,Mutualistic09_latent_only,1,0,0 vs 1,0.0009193672449328005,0.00020877571660093963,0.5104067921638489,0.0033315138425678015,0.4851335883140564
2,Mutualistic09_latent_only,1,1,2 vs 3,0.3751573860645294,0.006173580419272184,0.10817603766918182,0.006948030088096857,0.5035449862480164
2,Mutualistic09_latent_only,2,0,0 vs 1,0.0011225147172808647,0.00021852469944860786,0.4915246069431305,0.003395876381546259,0.5037384629249573
2,Mutualistic09_latent_only,2,1,2 vs 3,0.5916774272918701,0.007618591655045748,0.01373749878257513,0.0023260184098035097,0.38464054465293884
2,Mutualistic09_latent_only,2,2,4 vs 5,0.0002967128821182996,0.00018272227316629142,0.09779011458158493,0.5011663436889648,0.4005640745162964
2,Mutualistic09_latent_only,3,0,0 vs 1,0.01843850314617157,0.0009295379859395325,0.4511297345161438,0.0013351540546864271,0.5281671285629272
2,Mutualistic09_latent_only,3,1,2 vs 3,0.9949814081192017,0.0029664915055036545,0.0015067936619743705,6.415709503926337e-05,0.00048112275544553995
2,Mutualistic09_latent_only,3,2,4 vs 5,0.3583216071128845,0.00786658190190792,0.11033996939659119,0.4994356036186218,0.024036256596446037
2,Mutualistic09_latent_only,3,3,6 vs 7,8.580834219173994e-06,1.7161409004984307e-06,0.49952006340026855,0.5004572868347168,1.2313741535763256e-05
2,Mutualistic09_latent_only,4,0,0 vs 1,0.010302437469363213,0.0018970647361129522,0.4198733866214752,0.0003077901783399284,0.5676193237304688
2,Mutualistic09_latent_only,4,1,2 vs 3,0.9934265613555908,0.003184686182066798,0.0019973034504801035,2.8289234251133166e-05,0.0013631813926622272
2,Mutualistic09_latent_only,4,2,4 vs 5,0.3715112507343292,0.010363997891545296,0.060277827084064484,0.4801742434501648,0.07767263799905777
2,Mutualistic09_latent_only,4,3,6 vs 7,6.080193770685582e-07,1.5087407234659622e-07,0.5012622475624084,0.49873366951942444,3.293382405900047e-06
2,Mutualistic09_latent_only,4,4,8 vs 9,0.00015332268958445638,9.935934940585867e-06,0.4971051812171936,0.5026634335517883,6.810525519540533e-05
2,Mutualistic09_route_plus_latent,0,0,0 vs 1,0.0019304060842841864,0.004387660883367062,0.46510547399520874,0.01193821057677269,0.5166382193565369
2,Mutualistic09_route_plus_latent,1,0,0 vs 1,2.6273597541148774e-05,0.0022440452594310045,0.47711238265037537,0.006374348420649767,0.514242947101593
2,Mutualistic09_route_plus_latent,1,1,2 vs 3,0.005130738485604525,0.5023630857467651,0.004379143938422203,0.0017277034930884838,0.4863992929458618
2,Mutualistic09_route_plus_latent,2,0,0 vs 1,8.053865167312324e-05,0.0041079954244196415,0.479849249124527,0.010620161890983582,0.5053420066833496
2,Mutualistic09_route_plus_latent,2,1,2 vs 3,0.008593390695750713,0.5013527870178223,0.004245755262672901,0.002403316320851445,0.4834047555923462
2,Mutualistic09_route_plus_latent,2,2,4 vs 5,2.5436978035031643e-07,3.878930328937713e-06,2.9882088711019605e-05,4.669905592891155e-06,0.9999613761901855
2,Mutualistic09_route_plus_latent,3,0,0 vs 1,6.910668162163347e-05,0.002707491395995021,0.4656125009059906,0.02562122419476509,0.5059897303581238
2,Mutualistic09_route_plus_latent,3,1,2 vs 3,0.005875920411199331,0.48178333044052124,0.005583249963819981,0.011634749360382557,0.4951227307319641
2,Mutualistic09_route_plus_latent,3,2,4 vs 5,2.7053117079844924e-08,5.853251394682957e-08,8.410643204115331e-07,1.322644891388336e-07,0.9999990463256836
2,Mutualistic09_route_plus_latent,3,3,6 vs 7,2.3141409144500358e-07,1.1371005257387878e-06,4.220461505610729e-06,1.715001417323947e-06,0.9999927878379822
2,Mutualistic09_route_plus_latent,4,0,0 vs 1,0.00012839191185776144,0.006747937295585871,0.46210387349128723,0.017509588971734047,0.5135102272033691
2,Mutualistic09_route_plus_latent,4,1,2 vs 3,0.0055742873810231686,0.5011591911315918,0.009813067503273487,0.009995112195611,0.47345831990242004
2,Mutualistic09_route_plus_latent,4,2,4 vs 5,6.2869798256315335e-09,1.954306299012387e-06,3.402134825591929e-05,5.589032298303209e-05,0.9999081492424011
2,Mutualistic09_route_plus_latent,4,3,6 vs 7,5.271267422557457e-09,7.600449976052914e-07,1.3657573617820162e-05,0.00031361504807136953,0.9996718764305115
2,Mutualistic09_route_plus_latent,4,4,8 vs 9,1.7505617506685667e-05,0.00035853401641361415,0.0007447003154084086,0.337665855884552,0.6612133979797363
2,Mutualistic09_full_functional_memory,0,0,0 vs 1,0.0012522863689810038,0.0058844736777246,0.0007129235891625285,0.0056365299969911575,0.9865137338638306
2,Mutualistic09_full_functional_memory,1,0,0 vs 1,0.00015361240366473794,0.0026248679496347904,0.0033045844174921513,0.005383606068789959,0.9885333180427551
2,Mutualistic09_full_functional_memory,1,1,2 vs 3,0.000811331847216934,0.38291582465171814,5.82491593377199e-05,0.0003075369750149548,0.6159071326255798
2,Mutualistic09_full_functional_memory,2,0,0 vs 1,0.00040253912447951734,0.008452730253338814,0.0030142308678478003,0.005869619082659483,0.9822608828544617
2,Mutualistic09_full_functional_memory,2,1,2 vs 3,0.003482954576611519,0.4002733528614044,6.217775080585852e-05,0.00047543866094201803,0.595706045627594
2,Mutualistic09_full_functional_memory,2,2,4 vs 5,1.1864526641147677e-05,0.4998125731945038,4.2666582885431126e-05,8.071625052252784e-05,0.5000522136688232
2,Mutualistic09_full_functional_memory,3,0,0 vs 1,0.0005771232536062598,0.03079521842300892,0.0009829566115513444,0.005556158721446991,0.9620885252952576
2,Mutualistic09_full_functional_memory,3,1,2 vs 3,0.005711419973522425,0.36764097213745117,6.507267244160175e-05,0.0011528192553669214,0.6254297494888306
2,Mutualistic09_full_functional_memory,3,2,4 vs 5,4.863156209466979e-05,0.5215672850608826,2.85889909719117e-05,0.0001056175387930125,0.4782499372959137
2,Mutualistic09_full_functional_memory,3,3,6 vs 7,2.174192786696949e-06,0.500051736831665,2.777943700493779e-05,6.55120747978799e-05,0.4998528063297272
2,Mutualistic09_full_functional_memory,4,0,0 vs 1,0.000503850111272186,0.019116779789328575,0.000851009099278599,0.007668689358979464,0.9718596935272217
2,Mutualistic09_full_functional_memory,4,1,2 vs 3,0.007911751978099346,0.3818512260913849,0.00022697699023410678,0.0033356400672346354,0.6066743731498718
2,Mutualistic09_full_functional_memory,4,2,4 vs 5,5.640327435685322e-05,0.5176182389259338,9.046825289260596e-05,0.0024581770412623882,0.47977668046951294
2,Mutualistic09_full_functional_memory,4,3,6 vs 7,7.994922839316132e-07,0.49871256947517395,2.4762657631072216e-05,0.0013672178611159325,0.4998946785926819
2,Mutualistic09_full_functional_memory,4,4,8 vs 9,1.2522688166427542e-06,0.9997233152389526,5.4080736333617097e-08,1.0415757969894912e-05,0.00026501715183258057
3,Mutualistic09_distill_only,0,0,0 vs 1,0.0013873724965378642,0.00761068519204855,0.49800774455070496,0.0043228440918028355,0.48867133259773254
3,Mutualistic09_distill_only,1,0,0 vs 1,0.002716505667194724,0.0018683417001739144,0.5108078718185425,0.0073330397717654705,0.47727423906326294
3,Mutualistic09_distill_only,1,1,2 vs 3,0.0049443780444562435,0.000319699349347502,0.5815346837043762,0.0010058099869638681,0.41219547390937805
3,Mutualistic09_distill_only,2,0,0 vs 1,0.0018759591039270163,0.0017175013199448586,0.5138081908226013,0.006434211507439613,0.47616416215896606
3,Mutualistic09_distill_only,2,1,2 vs 3,0.0028643773403018713,0.0002362938248552382,0.5785287022590637,0.0006806390010751784,0.4176900386810303
3,Mutualistic09_distill_only,2,2,4 vs 5,0.503113329410553,3.610447311075404e-05,0.4668152928352356,0.0002111650537699461,0.02982415445148945
3,Mutualistic09_distill_only,3,0,0 vs 1,0.001973905134946108,0.0017204374307766557,0.5137317180633545,0.005723625887185335,0.47685033082962036
3,Mutualistic09_distill_only,3,1,2 vs 3,0.0016060268972069025,0.0001967223797691986,0.5800161957740784,0.00048249532119370997,0.41769862174987793
3,Mutualistic09_distill_only,3,2,4 vs 5,0.5011863112449646,3.5857930924976245e-05,0.4734494984149933,0.00016051791317295283,0.025167763233184814
3,Mutualistic09_distill_only,3,3,6 vs 7,0.5001822113990784,4.758264537940704e-07,0.4996539354324341,7.649014150956646e-07,0.00016261955897789448
3,Mutualistic09_distill_only,4,0,0 vs 1,0.001430825563147664,0.0019466045778244734,0.5149555206298828,0.005181287415325642,0.4764857292175293
3,Mutualistic09_distill_only,4,1,2 vs 3,0.0014997553080320358,0.000227335884119384,0.5765566825866699,0.00036468933103606105,0.42135143280029297
3,Mutualistic09_distill_only,4,2,4 vs 5,0.501156210899353,6.904960901010782e-05,0.468729704618454,0.00015896499098744243,0.02988610230386257
3,Mutualistic09_distill_only,4,3,6 vs 7,0.5002034902572632,3.1957804367266363e-06,0.49871087074279785,2.7853075152961537e-06,0.001079684472642839
3,Mutualistic09_distill_only,4,4,8 vs 9,0.501617968082428,4.9258556828135625e-05,0.4977601170539856,0.0001738466089591384,0.0003988097596447915
3,Mutualistic09_route_memory_only,0,0,0 vs 1,0.0013873724965378642,0.00761068519204855,0.49800774455070496,0.0043228440918028355,0.48867133259773254
3,Mutualistic09_route_memory_only,1,0,0 vs 1,0.0025353773962706327,0.0038343246560543776,0.5037800669670105,0.0022350826766341925,0.4876151382923126
3,Mutualistic09_route_memory_only,1,1,2 vs 3,0.005002380348742008,0.0027920815628021955,0.6210655570030212,0.0016459410544484854,0.3694940209388733
3,Mutualistic09_route_memory_only,2,0,0 vs 1,0.0010387194342911243,0.007895396091043949,0.4944702982902527,0.0012221086071804166,0.4953734874725342
3,Mutualistic09_route_memory_only,2,1,2 vs 3,0.0022435581777244806,0.004228212404996157,0.6058857440948486,0.0008581722504459321,0.38678431510925293
3,Mutualistic09_route_memory_only,2,2,4 vs 5,0.00019791829981841147,0.5008969902992249,0.4781312346458435,0.00012190909183118492,0.02065194770693779
3,Mutualistic09_route_memory_only,3,0,0 vs 1,0.001254664734005928,0.0088761355727911,0.49067947268486023,0.0014950982294976711,0.49769458174705505
3,Mutualistic09_route_memory_only,3,1,2 vs 3,0.002720846561715007,0.004313562531024218,0.6073719263076782,0.0008874830091372132,0.38470619916915894
3,Mutualistic09_route_memory_only,3,2,4 vs 5,0.0002049049799097702,0.5020201206207275,0.4748947024345398,7.97469838289544e-05,0.022800499573349953
3,Mutualistic09_route_memory_only,3,3,6 vs 7,0.000193285959539935,0.5005974769592285,0.49077826738357544,5.843243116032681e-07,0.008430419489741325
3,Mutualistic09_route_memory_only,4,0,0 vs 1,0.00252334401011467,0.0036832846235483885,0.4975733160972595,0.0014762399950996041,0.49474382400512695
3,Mutualistic09_route_memory_only,4,1,2 vs 3,0.005084644071757793,0.0030817766673862934,0.622260332107544,0.0010698118712753057,0.36850354075431824
3,Mutualistic09_route_memory_only,4,2,4 vs 5,0.00037236479693092406,0.4981312155723572,0.4787030816078186,9.828957263380289e-05,0.022695044055581093
3,Mutualistic09_route_memory_only,4,3,6 vs 7,0.0006486384081654251,0.4982685148715973,0.4914782643318176,8.622609470876341e-07,0.009603737853467464
3,Mutualistic09_route_memory_only,4,4,8 vs 9,9.737272921483964e-05,0.5019397735595703,0.49697181582450867,8.293909922940657e-05,0.0009081349708139896
3,Mutualistic09_latent_only,0,0,0 vs 1,0.0013873724965378642,0.00761068519204855,0.49800774455070496,0.0043228440918028355,0.48867133259773254
3,Mutualistic09_latent_only,1,0,0 vs 1,0.00032530660973861814,0.0006406100001186132,0.5909838676452637,0.004467281978577375,0.40358296036720276
3,Mutualistic09_latent_only,1,1,2 vs 3,0.00807879026979208,0.0003479638835415244,0.5154922604560852,0.0005567643675021827,0.4755242168903351
3,Mutualistic09_latent_only,2,0,0 vs 1,0.0009482019231654704,0.0005239840247668326,0.5652658343315125,0.0028475988656282425,0.43041446805000305
3,Mutualistic09_latent_only,2,1,2 vs 3,0.007249283604323864,0.0003750445321202278,0.28229400515556335,0.0003547275555320084,0.7097269296646118
3,Mutualistic09_latent_only,2,2,4 vs 5,0.49907153844833374,7.999600711627863e-06,0.5004138946533203,5.319963747751899e-05,0.0004534178297035396
3,Mutualistic09_latent_only,3,0,0 vs 1,0.005064219702035189,0.001024893019348383,0.43021082878112793,0.006964883767068386,0.5567352175712585
3,Mutualistic09_latent_only,3,1,2 vs 3,0.014610197395086288,0.00028468057280406356,0.109881192445755,0.0003209872229490429,0.8749029636383057
3,Mutualistic09_latent_only,3,2,4 vs 5,0.5201471447944641,8.96250730875181e-06,0.4795951545238495,9.803171997191384e-05,0.00015069231449160725
3,Mutualistic09_latent_only,3,3,6 vs 7,0.9998128414154053,1.7786875972092275e-08,0.00018595662550069392,3.6915611190124764e-07,7.608830969729752e-07
3,Mutualistic09_latent_only,4,0,0 vs 1,0.0003561705816537142,0.002110924106091261,0.25756922364234924,0.006973179057240486,0.7329905033111572
3,Mutualistic09_latent_only,4,1,2 vs 3,0.0018394910730421543,0.00026948211598210037,0.05438985303044319,0.0001892119471449405,0.9433119297027588
3,Mutualistic09_latent_only,4,2,4 vs 5,0.5002232789993286,3.566553687051055e-06,0.4996718168258667,3.318612289149314e-05,6.813031359342858e-05
3,Mutualistic09_latent_only,4,3,6 vs 7,0.9983733892440796,2.1951003237319355e-09,0.0016258470714092255,1.0440133024758325e-07,6.498451057268539e-07
3,Mutualistic09_latent_only,4,4,8 vs 9,0.5021056532859802,1.64383582159644e-05,0.49739158153533936,0.00014249846572056413,0.00034384167520329356
3,Mutualistic09_route_plus_latent,0,0,0 vs 1,0.0013873724965378642,0.00761068519204855,0.49800774455070496,0.0043228440918028355,0.48867133259773254
3,Mutualistic09_route_plus_latent,1,0,0 vs 1,0.00025203623226843774,0.008481118828058243,0.5056183338165283,0.009800268337130547,0.4758481979370117
3,Mutualistic09_route_plus_latent,1,1,2 vs 3,0.007327351253479719,0.006304431241005659,0.4868500828742981,0.0009819117840379477,0.4985361695289612
3,Mutualistic09_route_plus_latent,2,0,0 vs 1,0.0006951010436750948,0.0062960232608020306,0.5051904320716858,0.009246660396456718,0.4785718023777008
3,Mutualistic09_route_plus_latent,2,1,2 vs 3,0.011329085566103458,0.00908594485372305,0.4680389165878296,0.0023545725271105766,0.5091915130615234
3,Mutualistic09_route_plus_latent,2,2,4 vs 5,3.250949930588831e-06,0.5085855722427368,0.4909423291683197,5.334059824235737e-05,0.0004154721391387284
3,Mutualistic09_route_plus_latent,3,0,0 vs 1,0.0012155480217188597,0.004881345201283693,0.46519479155540466,0.010170014575123787,0.5185383558273315
3,Mutualistic09_route_plus_latent,3,1,2 vs 3,0.010073729790747166,0.007248274516314268,0.45058557391166687,0.0023597008548676968,0.5297326445579529
3,Mutualistic09_route_plus_latent,3,2,4 vs 5,8.071595402725507e-06,0.5048283934593201,0.49497947096824646,2.591601514723152e-05,0.00015816139057278633
3,Mutualistic09_route_plus_latent,3,3,6 vs 7,1.2157404682966444e-07,0.999885618686676,0.00011363445082679391,1.8350515063048078e-07,4.054485316373757e-07
3,Mutualistic09_route_plus_latent,4,0,0 vs 1,0.002539159497246146,0.002760504838079214,0.48640182614326477,0.01181138213723898,0.49648717045783997
3,Mutualistic09_route_plus_latent,4,1,2 vs 3,0.012278223410248756,0.004273465368896723,0.4760194718837738,0.002444665180519223,0.5049841403961182
3,Mutualistic09_route_plus_latent,4,2,4 vs 5,1.5129799976421054e-05,0.507347822189331,0.4925592243671417,6.4153928178711794e-06,7.137412467272952e-05
3,Mutualistic09_route_plus_latent,4,3,6 vs 7,1.0994848764767085e-07,0.9996334910392761,0.00036604900378733873,1.3505542462155518e-08,3.402969639410003e-07
3,Mutualistic09_route_plus_latent,4,4,8 vs 9,3.3340056688757613e-06,0.502105176448822,0.49768972396850586,4.480549614527263e-05,0.00015699704817961901
3,Mutualistic09_full_functional_memory,0,0,0 vs 1,0.0020387896802276373,0.006283458787947893,0.49584704637527466,0.010690182447433472,0.4851405620574951
3,Mutualistic09_full_functional_memory,1,0,0 vs 1,0.0016827982617542148,0.012437745928764343,0.47695034742355347,0.008830636739730835,0.500098466873169
3,Mutualistic09_full_functional_memory,1,1,2 vs 3,5.493213848239975e-06,0.00012777461961377412,0.9989896416664124,0.000314569566398859,0.0005625697085633874
3,Mutualistic09_full_functional_memory,2,0,0 vs 1,0.003237668192014098,0.011195871978998184,0.48647454380989075,0.008582685142755508,0.49050918221473694
3,Mutualistic09_full_functional_memory,2,1,2 vs 3,2.0344725271570496e-05,0.007585637271404266,0.9917796850204468,0.0002569517819210887,0.0003573533031158149
3,Mutualistic09_full_functional_memory,2,2,4 vs 5,1.1329083804412221e-07,0.9960605502128601,0.003938528709113598,2.4148459942807676e-07,5.160989076102851e-07
3,Mutualistic09_full_functional_memory,3,0,0 vs 1,0.003420839784666896,0.007416486740112305,0.48853012919425964,0.008253485895693302,0.4923791289329529
3,Mutualistic09_full_functional_memory,3,1,2 vs 3,1.2583450370584615e-05,0.0017363379010930657,0.997753381729126,0.00011955928493989632,0.0003781579725909978
3,Mutualistic09_full_functional_memory,3,2,4 vs 5,5.135085956453622e-08,0.9997554421424866,0.0002441918768454343,1.7262311757804127e-07,1.5601547431742802e-07
3,Mutualistic09_full_functional_memory,3,3,6 vs 7,4.355942564870929e-06,0.9998446702957153,0.00012195842282380909,1.4583010852220468e-06,2.7642267014016397e-05
3,Mutualistic09_full_functional_memory,4,0,0 vs 1,0.0006964922649785876,0.005426900926977396,0.48954805731773376,0.008423926308751106,0.4959045946598053
3,Mutualistic09_full_functional_memory,4,1,2 vs 3,1.965681803994812e-06,0.0008786576217971742,0.9985406994819641,7.532667223131284e-05,0.0005033620400354266
3,Mutualistic09_full_functional_memory,4,2,4 vs 5,2.33993048937009e-07,0.9996103644371033,0.0003862973244395107,4.829307158615848e-07,2.6226994123135228e-06
3,Mutualistic09_full_functional_memory,4,3,6 vs 7,3.587181481634616e-06,0.9999755620956421,3.4706411042861873e-06,2.849824625172914e-07,1.7120299162343144e-05
3,Mutualistic09_full_functional_memory,4,4,8 vs 9,0.0002472524356562644,0.9980143308639526,0.00016231108747888356,0.00012406808673404157,0.0014520724071189761
4,Mutualistic09_distill_only,0,0,0 vs 1,0.4943808913230896,0.014719336293637753,0.4765426516532898,0.01103521790355444,0.0033219209872186184
4,Mutualistic09_distill_only,1,0,0 vs 1,0.4886997938156128,0.023912688717246056,0.4706042408943176,0.009213535115122795,0.007569752633571625
4,Mutualistic09_distill_only,1,1,2 vs 3,0.6105836629867554,0.05081303417682648,0.2853836417198181,0.049730800092220306,0.003488971618935466
4,Mutualistic09_distill_only,2,0,0 vs 1,0.49226468801498413,0.017193561419844627,0.47274670004844666,0.010810849256813526,0.006984194274991751
4,Mutualistic09_distill_only,2,1,2 vs 3,0.6041878461837769,0.03844170272350311,0.29990503191947937,0.05215997248888016,0.00530539033934474
4,Mutualistic09_distill_only,2,2,4 vs 5,0.48682790994644165,0.49940451979637146,0.013530355878174305,0.0001748712093103677,6.23777523287572e-05
4,Mutualistic09_distill_only,3,0,0 vs 1,0.49686068296432495,0.013797931373119354,0.4722709059715271,0.010890086181461811,0.006180387921631336
4,Mutualistic09_distill_only,3,1,2 vs 3,0.6016533374786377,0.03458856791257858,0.29866349697113037,0.06015526503324509,0.004939332604408264
4,Mutualistic09_distill_only,3,2,4 vs 5,0.49065980315208435,0.5001350045204163,0.009116598404943943,7.469462434528396e-05,1.3966403457743581e-05
4,Mutualistic09_distill_only,3,3,6 vs 7,0.4993045926094055,0.5001990795135498,0.00045165192568674684,3.5100896639050916e-05,9.589817636879161e-06
4,Mutualistic09_distill_only,4,0,0 vs 1,0.4998140335083008,0.007364262361079454,0.47279366850852966,0.012635004706680775,0.007393058855086565
4,Mutualistic09_distill_only,4,1,2 vs 3,0.6001682281494141,0.013214970007538795,0.30197763442993164,0.07841033488512039,0.006228860002011061
4,Mutualistic09_distill_only,4,2,4 vs 5,0.4892303943634033,0.49949395656585693,0.01114131510257721,0.00010570501035545021,2.8570861104526557e-05
4,Mutualistic09_distill_only,4,3,6 vs 7,0.49916374683380127,0.5001100301742554,0.0005535742384381592,0.00014024182746652514,3.2369269320042804e-05
4,Mutualistic09_distill_only,4,4,8 vs 9,0.49667888879776,0.5019569993019104,0.0011083908611908555,0.00022408936638385057,3.158676190651022e-05
4,Mutualistic09_route_memory_only,0,0,0 vs 1,0.4943808913230896,0.014719336293637753,0.4765426516532898,0.01103521790355444,0.0033219209872186184
4,Mutualistic09_route_memory_only,1,0,0 vs 1,0.49692174792289734,0.015221540816128254,0.48185038566589355,0.0030446576420217752,0.00296170637011528
4,Mutualistic09_route_memory_only,1,1,2 vs 3,0.562686026096344,0.02719619683921337,0.40196141600608826,0.00377339287661016,0.00438296515494585
4,Mutualistic09_route_memory_only,2,0,0 vs 1,0.49715012311935425,0.018013203516602516,0.4838727116584778,0.0008714036666788161,9.253157622879371e-05
4,Mutualistic09_route_memory_only,2,1,2 vs 3,0.55987948179245,0.02277367375791073,0.41630828380584717,0.0009452499216422439,9.336986840935424e-05
4,Mutualistic09_route_memory_only,2,2,4 vs 5,0.48686274886131287,0.49838000535964966,0.014528760686516762,0.0002087248140014708,1.9693497961270623e-05
4,Mutualistic09_route_memory_only,3,0,0 vs 1,0.5050113201141357,0.013398874551057816,0.48003286123275757,0.0014185266336426139,0.00013844610657542944
4,Mutualistic09_route_memory_only,3,1,2 vs 3,0.5707898139953613,0.025996867567300797,0.4011153280735016,0.001921170623973012,0.0001768167712725699
4,Mutualistic09_route_memory_only,3,2,4 vs 5,0.490151971578598,0.4974709153175354,0.012260989286005497,0.0001080679867300205,7.998205546755344e-06
4,Mutualistic09_route_memory_only,3,3,6 vs 7,0.49344301223754883,0.5007847547531128,0.005535684991627932,0.00021402211859822273,2.254285936942324e-05
4,Mutualistic09_route_memory_only,4,0,0 vs 1,0.4968312978744507,0.01422082632780075,0.4819313585758209,0.005673540290445089,0.0013429346727207303
4,Mutualistic09_route_memory_only,4,1,2 vs 3,0.5679032206535339,0.021966464817523956,0.40218809247016907,0.006471106316894293,0.0014711451949551702
4,Mutualistic09_route_memory_only,4,2,4 vs 5,0.4880865216255188,0.4938585162162781,0.01743645779788494,0.0005513744545169175,6.712102185701951e-05
4,Mutualistic09_route_memory_only,4,3,6 vs 7,0.48850634694099426,0.4995783269405365,0.010418751277029514,0.0012873257510364056,0.00020923429110553116
4,Mutualistic09_route_memory_only,4,4,8 vs 9,0.49486657977104187,0.5022946000099182,0.002454328816384077,0.0003501350583974272,3.44268191838637e-05
4,Mutualistic09_latent_only,0,0,0 vs 1,0.4943808913230896,0.014719336293637753,0.4765426516532898,0.01103521790355444,0.0033219209872186184
4,Mutualistic09_latent_only,1,0,0 vs 1,0.5375228524208069,0.0007153321639634669,0.4603075683116913,0.0012285489356145263,0.000225655225221999
4,Mutualistic09_latent_only,1,1,2 vs 3,0.4884418547153473,0.010185529477894306,0.45976150035858154,0.027850301936268806,0.013760761357843876
4,Mutualistic09_latent_only,2,0,0 vs 1,0.5199496746063232,0.010829138569533825,0.46678176522254944,0.0019507257966324687,0.000488733290694654
4,Mutualistic09_latent_only,2,1,2 vs 3,0.35547974705696106,0.11997658759355545,0.48286062479019165,0.02304155007004738,0.018641524016857147
4,Mutualistic09_latent_only,2,2,4 vs 5,0.5003482699394226,0.4994456470012665,0.00015335637726821005,5.1100720156682655e-05,1.5956503602865268e-06
4,Mutualistic09_latent_only,3,0,0 vs 1,0.23192022740840912,0.2885662317276001,0.4742431640625,0.004176436457782984,0.0010940133361145854
4,Mutualistic09_latent_only,3,1,2 vs 3,0.12969611585140228,0.3401999771595001,0.4810296297073364,0.02904796227812767,0.020026324316859245
4,Mutualistic09_latent_only,3,2,4 vs 5,0.5002838969230652,0.499697208404541,1.037759011524031e-05,8.417427125095855e-06,1.1499988517016391e-07
4,Mutualistic09_latent_only,3,3,6 vs 7,0.49938178062438965,0.5005888938903809,1.5209235243673902e-05,1.396717743773479e-05,1.7418570052996074e-07
4,Mutualistic09_latent_only,4,0,0 vs 1,0.33622246980667114,0.13271018862724304,0.4794500470161438,0.049967698752880096,0.0016495942836627364
4,Mutualistic09_latent_only,4,1,2 vs 3,0.1866244226694107,0.05912018567323685,0.5226497650146484,0.207322895526886,0.0242827869951725
4,Mutualistic09_latent_only,4,2,4 vs 5,0.5000135898590088,0.49980950355529785,2.038132333836984e-05,0.00015632275608368218,2.255882378676688e-07
4,Mutualistic09_latent_only,4,3,6 vs 7,0.4997139871120453,0.49997568130493164,4.93008665216621e-05,0.00026039776275865734,6.326472998807731e-07
4,Mutualistic09_latent_only,4,4,8 vs 9,0.0001365797215839848,0.9997256398200989,3.781253326451406e-05,9.162908827420324e-05,8.216345122491475e-06
4,Mutualistic09_route_plus_latent,0,0,0 vs 1,0.4943808913230896,0.014719336293637753,0.4765426516532898,0.01103521790355444,0.0033219209872186184
4,Mutualistic09_route_plus_latent,1,0,0 vs 1,0.5130515694618225,0.010659278370440006,0.4723561704158783,0.0021686821710318327,0.0017642679158598185
4,Mutualistic09_route_plus_latent,1,1,2 vs 3,0.47673025727272034,0.0478864386677742,0.4192531108856201,0.011933905072510242,0.044196322560310364
4,Mutualistic09_route_plus_latent,2,0,0 vs 1,0.5010251998901367,0.018345000222325325,0.4746018350124359,0.0038365102373063564,0.0021914574317634106
4,Mutualistic09_route_plus_latent,2,1,2 vs 3,0.46461179852485657,0.056136079132556915,0.4214811623096466,0.014559121802449226,0.04321182519197464
4,Mutualistic09_route_plus_latent,2,2,4 vs 5,0.5013487935066223,0.49819397926330566,0.0003788282338064164,7.301836012629792e-05,5.455074187921127e-06
4,Mutualistic09_route_plus_latent,3,0,0 vs 1,0.4946363866329193,0.02961142547428608,0.46753084659576416,0.0051520271226763725,0.0030692927539348602
4,Mutualistic09_route_plus_latent,3,1,2 vs 3,0.47321566939353943,0.0440804548561573,0.4193849563598633,0.019010569900274277,0.044308386743068695
4,Mutualistic09_route_plus_latent,3,2,4 vs 5,0.5029955506324768,0.49696052074432373,3.8598653191002086e-05,3.898676368407905e-06,1.4702725366078084e-06
4,Mutualistic09_route_plus_latent,3,3,6 vs 7,0.49971267580986023,0.5001377463340759,0.00011607638589339331,2.815721745719202e-05,5.398580924520502e-06
4,Mutualistic09_route_plus_latent,4,0,0 vs 1,0.47379758954048157,0.015118204988539219,0.48720917105674744,0.017949402332305908,0.0059256539680063725
4,Mutualistic09_route_plus_latent,4,1,2 vs 3,0.47201478481292725,0.03374135494232178,0.42358019948005676,0.02196940965950489,0.04869427904486656
4,Mutualistic09_route_plus_latent,4,2,4 vs 5,0.5097194314002991,0.48976564407348633,0.00040067124064080417,4.770647137775086e-05,6.648722046520561e-05
4,Mutualistic09_route_plus_latent,4,3,6 vs 7,0.4996219575405121,0.4990514814853668,0.0009376068483106792,0.00023909522860776633,0.00014981909771449864
4,Mutualistic09_route_plus_latent,4,4,8 vs 9,7.857871423766483e-06,0.999732494354248,2.6754089503810974e-06,4.741082648251904e-06,0.00025227677542716265
4,Mutualistic09_full_functional_memory,0,0,0 vs 1,0.49294933676719666,0.01565561629831791,0.4833162724971771,0.004279813263565302,0.0037989404518157244
4,Mutualistic09_full_functional_memory,1,0,0 vs 1,0.5092570185661316,0.007011997513473034,0.4697417914867401,0.012398730032145977,0.0015904743922874331
4,Mutualistic09_full_functional_memory,1,1,2 vs 3,0.49655163288116455,0.020839067175984383,0.4389263987541199,0.002619665814563632,0.04106326401233673
4,Mutualistic09_full_functional_memory,2,0,0 vs 1,0.4947976768016815,0.012892579659819603,0.47726312279701233,0.013318435288965702,0.0017281223554164171
4,Mutualistic09_full_functional_memory,2,1,2 vs 3,0.4828163981437683,0.02973964624106884,0.4469344913959503,0.0035646723117679358,0.036944784224033356
4,Mutualistic09_full_functional_memory,2,2,4 vs 5,0.5004458427429199,0.0002144777972716838,0.0005703470087610185,0.4987664222717285,2.8796266633435152e-06
4,Mutualistic09_full_functional_memory,3,0,0 vs 1,0.4931730628013611,0.014393112622201443,0.47842156887054443,0.011906170286238194,0.00210608821362257
4,Mutualistic09_full_functional_memory,3,1,2 vs 3,0.4854438900947571,0.015668107196688652,0.45130062103271484,0.0033836669754236937,0.04420370236039162
4,Mutualistic09_full_functional_memory,3,2,4 vs 5,0.4978116452693939,0.002907597692683339,0.00035006296820938587,0.4989292025566101,1.475638441661431e-06
4,Mutualistic09_full_functional_memory,3,3,6 vs 7,0.0003476579731795937,0.4994660019874573,3.7624740798491985e-05,0.5001304745674133,1.8237833501189016e-05
4,Mutualistic09_full_functional_memory,4,0,0 vs 1,0.4877089858055115,0.019451484084129333,0.479392409324646,0.010706302709877491,0.0027408432215452194
4,Mutualistic09_full_functional_memory,4,1,2 vs 3,0.49076777696609497,0.020904265344142914,0.43962737917900085,0.0028125604148954153,0.045888014137744904
4,Mutualistic09_full_functional_memory,4,2,4 vs 5,0.49713748693466187,0.0031794137321412563,0.0004012141434941441,0.4992794692516327,2.438197498122463e-06
4,Mutualistic09_full_functional_memory,4,3,6 vs 7,0.0006839093402959406,0.49878087639808655,0.00013428380771074444,0.5003460645675659,5.4867021390236914e-05
4,Mutualistic09_full_functional_memory,4,4,8 vs 9,0.49987491965293884,2.5868597731459886e-05,0.0003061297466047108,0.49977362155914307,1.9489538317429833e-05
5,Mutualistic09_distill_only,0,0,0 vs 1,0.001554875634610653,0.0069199129939079285,0.0016077704494819045,0.007395569700747728,0.9825218319892883
5,Mutualistic09_distill_only,1,0,0 vs 1,0.001393310958519578,0.002036420861259103,0.006400906480848789,0.010271001607179642,0.9798984527587891
5,Mutualistic09_distill_only,1,1,2 vs 3,0.0015169128309935331,0.002218326088041067,0.007028235588222742,0.0009893609676510096,0.9882472157478333
5,Mutualistic09_distill_only,2,0,0 vs 1,0.0057671088725328445,0.0014627312775701284,0.003751112148165703,0.007670746650546789,0.9813483357429504
5,Mutualistic09_distill_only,2,1,2 vs 3,0.003983580972999334,0.0014035747153684497,0.005424033384770155,0.0012505922932177782,0.9879382848739624
5,Mutualistic09_distill_only,2,2,4 vs 5,5.214790508034639e-05,1.5503657778026536e-05,9.5245341071859e-05,0.4999430775642395,0.49989399313926697
5,Mutualistic09_distill_only,3,0,0 vs 1,0.005980464164167643,0.0013356119161471725,0.0029543957207351923,0.0064089312218129635,0.9833205938339233
5,Mutualistic09_distill_only,3,1,2 vs 3,0.00396187836304307,0.0014534746296703815,0.00506980624049902,0.0008428951841779053,0.9886719584465027
5,Mutualistic09_distill_only,3,2,4 vs 5,3.064325210289098e-05,6.670875336567406e-06,5.297531606629491e-05,0.49996525049209595,0.49994444847106934
5,Mutualistic09_distill_only,3,3,6 vs 7,3.006463339261245e-05,7.49925902709947e-06,7.512775482609868e-05,0.5003057718276978,0.49958160519599915
5,Mutualistic09_distill_only,4,0,0 vs 1,0.0054541341960430145,0.001522056176327169,0.002896134275943041,0.0043059708550572395,0.9858217239379883
5,Mutualistic09_distill_only,4,1,2 vs 3,0.0031888552475720644,0.0015619557816535234,0.006048631388694048,0.0007155229104682803,0.9884850382804871
5,Mutualistic09_distill_only,4,2,4 vs 5,3.584361184039153e-05,9.670574399933685e-06,5.8981269830837846e-05,0.4998073875904083,0.500088095664978
5,Mutualistic09_distill_only,4,3,6 vs 7,5.417783904704265e-05,2.6736901418189518e-05,9.442731970921159e-05,0.5002120137214661,0.49961262941360474
5,Mutualistic09_distill_only,4,4,8 vs 9,0.00013133793254382908,9.251460141967982e-05,0.00011990822531515732,0.5163096785545349,0.483346551656723
5,Mutualistic09_route_memory_only,0,0,0 vs 1,0.001554875634610653,0.0069199129939079285,0.0016077704494819045,0.007395569700747728,0.9825218319892883
5,Mutualistic09_route_memory_only,1,0,0 vs 1,0.0012521266471594572,0.003342956304550171,0.004569919314235449,0.0050979675725102425,0.9857370853424072
5,Mutualistic09_route_memory_only,1,1,2 vs 3,0.0016474343137815595,0.002422545338049531,0.009693853557109833,0.0037587080150842667,0.9824774861335754
5,Mutualistic09_route_memory_only,2,0,0 vs 1,0.00015836438979022205,0.0005112712970003486,0.0001047593032126315,0.009586595930159092,0.9896391034126282
5,Mutualistic09_route_memory_only,2,1,2 vs 3,0.0002841763198375702,0.0011399199720472097,0.0005815100157633424,0.00984962098300457,0.9881447553634644
5,Mutualistic09_route_memory_only,2,2,4 vs 5,1.7151334759546444e-05,6.430820940295234e-05,5.2497074648272246e-05,0.4998267590999603,0.5000393390655518
5,Mutualistic09_route_memory_only,3,0,0 vs 1,0.00019180869276169688,0.0008335097227245569,0.00010742606536950916,0.0072028376162052155,0.9916644096374512
5,Mutualistic09_route_memory_only,3,1,2 vs 3,0.0004263289156369865,0.002000079257413745,0.0006791510968469083,0.007799483370035887,0.9890949726104736
5,Mutualistic09_route_memory_only,3,2,4 vs 5,1.1407770216464996e-05,4.522679228102788e-05,3.6120571166975424e-05,0.4995606243610382,0.5003466010093689
5,Mutualistic09_route_memory_only,3,3,6 vs 7,4.705466380983125e-06,1.0993102478096262e-05,1.628472818993032e-05,0.500475287437439,0.49949273467063904
5,Mutualistic09_route_memory_only,4,0,0 vs 1,0.0005099955014884472,0.004187725950032473,0.0004190380859654397,0.0074459039606153965,0.98743736743927
5,Mutualistic09_route_memory_only,4,1,2 vs 3,0.0009073867695406079,0.00515363784506917,0.0019169551087543368,0.004688998218625784,0.9873329997062683
5,Mutualistic09_route_memory_only,4,2,4 vs 5,0.00015354566858150065,0.00043223807006143034,0.0002733712608460337,0.49446627497673035,0.5046746134757996
5,Mutualistic09_route_memory_only,4,3,6 vs 7,7.835393626010045e-05,0.00038198730908334255,0.0002085281303152442,0.4992045760154724,0.5001265406608582
5,Mutualistic09_route_memory_only,4,4,8 vs 9,9.705212505650707e-06,8.171425724867731e-05,3.27310262946412e-05,0.5022056102752686,0.4976702928543091
5,Mutualistic09_latent_only,0,0,0 vs 1,0.001554875634610653,0.0069199129939079285,0.0016077704494819045,0.007395569700747728,0.9825218319892883
5,Mutualistic09_latent_only,1,0,0 vs 1,0.002570059383288026,0.0008772965520620346,0.0005116309621371329,0.00015159400936681777,0.9958894848823547
5,Mutualistic09_latent_only,1,1,2 vs 3,0.002482989802956581,0.3867815434932709,0.0006998731405474246,0.0010268326150253415,0.6090087294578552
5,Mutualistic09_latent_only,2,0,0 vs 1,0.0014000089140608907,0.035147033631801605,0.0003541849146131426,0.0003365318989381194,0.9627622961997986
5,Mutualistic09_latent_only,2,1,2 vs 3,0.00035655219107866287,0.975331723690033,4.750385051011108e-05,0.00033677922328934073,0.023927506059408188
5,Mutualistic09_latent_only,2,2,4 vs 5,2.742894685070496e-05,8.036090730456635e-05,1.0362511602579616e-05,1.567817344039213e-05,0.9998661279678345
5,Mutualistic09_latent_only,3,0,0 vs 1,0.0031145710963755846,0.4685196578502655,0.0005632974789477885,0.0005846286076121032,0.5272179245948792
5,Mutualistic09_latent_only,3,1,2 vs 3,0.0003531537076923996,0.9933492541313171,1.3887219211028423e-05,0.00013137714995536953,0.0061523159965872765
5,Mutualistic09_latent_only,3,2,4 vs 5,1.1855424418172333e-05,5.638032689603278e-06,2.2103947685536696e-06,2.728707841015421e-06,0.9999775886535645
5,Mutualistic09_latent_only,3,3,6 vs 7,2.674677261893521e-06,3.0726998375030234e-05,2.4448584099445725e-06,1.2464473684303812e-06,0.9999628663063049
5,Mutualistic09_latent_only,4,0,0 vs 1,0.0036096314433962107,0.4779893457889557,0.0006565788644365966,0.0006981502519920468,0.5170462727546692
5,Mutualistic09_latent_only,4,1,2 vs 3,0.00033962816814891994,0.9943255186080933,1.3302250408742111e-05,0.00015265395632013679,0.0051690032705664635
5,Mutualistic09_latent_only,4,2,4 vs 5,3.2480372738064034e-06,9.501060844741005e-07,8.773627655500604e-07,9.399425380252069e-07,0.9999940395355225
5,Mutualistic09_latent_only,4,3,6 vs 7,2.1875255242775893e-06,1.6792067981441505e-05,1.3330297861102736e-06,5.493735670825117e-07,0.9999791979789734
5,Mutualistic09_latent_only,4,4,8 vs 9,7.518638085457496e-06,9.64557912084274e-05,1.4634822491643718e-06,2.9125003493390977e-06,0.9998915791511536
5,Mutualistic09_route_plus_latent,0,0,0 vs 1,0.001554875634610653,0.0069199129939079285,0.0016077704494819045,0.007395569700747728,0.9825218319892883
5,Mutualistic09_route_plus_latent,1,0,0 vs 1,0.0025405422784388065,0.002171550877392292,0.0067961569875478745,0.001071183942258358,0.9874206781387329
5,Mutualistic09_route_plus_latent,1,1,2 vs 3,0.0006454613176174462,0.4053342044353485,0.005328727420419455,0.003003782359883189,0.5856878757476807
5,Mutualistic09_route_plus_latent,2,0,0 vs 1,0.0017590279458090663,0.001866098027676344,0.010566758923232555,0.0010070411954075098,0.9848010540008545
5,Mutualistic09_route_plus_latent,2,1,2 vs 3,0.00032965411082841456,0.4025779366493225,0.02347935177385807,0.0037304663565009832,0.5698825716972351
5,Mutualistic09_route_plus_latent,2,2,4 vs 5,8.398974750889465e-05,3.088932771788677e-06,6.621709326282144e-05,0.00014763374929316342,0.9996991157531738
5,Mutualistic09_route_plus_latent,3,0,0 vs 1,0.0010856370208784938,0.0025319429114460945,3.9444394133170135e-06,0.022517746314406395,0.9738607406616211
5,Mutualistic09_route_plus_latent,3,1,2 vs 3,0.0001761612802511081,0.4158523380756378,6.003617454553023e-05,0.02506055124104023,0.5588509440422058
5,Mutualistic09_route_plus_latent,3,2,4 vs 5,6.524182390421629e-05,1.892213913379237e-05,1.4883075039051619e-07,0.006667618174105883,0.9932480454444885
5,Mutualistic09_route_plus_latent,3,3,6 vs 7,4.137785225566404e-08,5.3233102335070726e-06,8.055396349959665e-09,1.3970646932648378e-06,0.9999932646751404
5,Mutualistic09_route_plus_latent,4,0,0 vs 1,0.022833099588751793,0.0028534072916954756,5.715203315048711e-06,0.00020495959324762225,0.974102795124054
5,Mutualistic09_route_plus_latent,4,1,2 vs 3,0.010016930289566517,0.4205043315887451,5.261248952592723e-05,0.00043786060996353626,0.5689882636070251
5,Mutualistic09_route_plus_latent,4,2,4 vs 5,0.008149540983140469,8.84534529177472e-05,8.173547172418694e-08,4.620587787940167e-05,0.991715669631958
5,Mutualistic09_route_plus_latent,4,3,6 vs 7,9.070277883438393e-05,2.7039954147767276e-05,4.0109338073079925e-09,4.4235523688485046e-08,0.9998822212219238
5,Mutualistic09_route_plus_latent,4,4,8 vs 9,0.0036838254891335964,0.0004925212706439197,3.2952857509371825e-06,0.00022391011589206755,0.9955964088439941
5,Mutualistic09_full_functional_memory,0,0,0 vs 1,0.0036157513968646526,0.005672902800142765,0.47879713773727417,0.006288186646997929,0.5056260228157043
5,Mutualistic09_full_functional_memory,1,0,0 vs 1,0.0050345356576144695,0.008674120530486107,0.4866895377635956,0.006672696676105261,0.4929291009902954
5,Mutualistic09_full_functional_memory,1,1,2 vs 3,9.141136979451403e-05,0.0001982881367439404,0.38055524230003357,0.0002182321040891111,0.6189368963241577
5,Mutualistic09_full_functional_memory,2,0,0 vs 1,0.0038675975520163774,0.007559896446764469,0.48747485876083374,0.0014022693503648043,0.49969542026519775
5,Mutualistic09_full_functional_memory,2,1,2 vs 3,8.655431884108111e-05,0.0003398763947188854,0.3807002007961273,8.305825031129643e-05,0.6187902688980103
5,Mutualistic09_full_functional_memory,2,2,4 vs 5,0.4997064173221588,9.275573393097147e-05,0.49887800216674805,9.280194717575796e-06,0.001313559478148818
5,Mutualistic09_full_functional_memory,3,0,0 vs 1,0.0032224359456449747,0.007474205922335386,0.4808092415332794,0.0016170261660590768,0.506877064704895
5,Mutualistic09_full_functional_memory,3,1,2 vs 3,7.625319994986057e-05,0.0003641143557615578,0.37268534302711487,0.00010676667443476617,0.6267675161361694
5,Mutualistic09_full_functional_memory,3,2,4 vs 5,0.4996643662452698,5.119873821968213e-05,0.5000997185707092,4.185400030110031e-06,0.0001806094078347087
5,Mutualistic09_full_functional_memory,3,3,6 vs 7,0.5001809000968933,2.665173497007345e-06,0.49939194321632385,6.577690214726317e-07,0.00042390311136841774
5,Mutualistic09_full_functional_memory,4,0,0 vs 1,0.002689811633899808,0.007617375813424587,0.48162370920181274,0.0018635796150192618,0.5062054991722107
5,Mutualistic09_full_functional_memory,4,1,2 vs 3,8.867400174494833e-05,0.0003739518579095602,0.3678382635116577,0.00016827099898364395,0.6315308809280396
5,Mutualistic09_full_functional_memory,4,2,4 vs 5,0.4993820786476135,2.0584337107720785e-05,0.5005507469177246,3.750125688384287e-05,8.99389215192059e-06
5,Mutualistic09_full_functional_memory,4,3,6 vs 7,0.5003880262374878,3.68726023225463e-06,0.499565452337265,1.613449967408087e-05,2.6688903744798154e-05
5,Mutualistic09_full_functional_memory,4,4,8 vs 9,0.5022963881492615,2.0288120140321553e-05,0.49726155400276184,9.709699952509254e-05,0.00032462732633575797
6,Mutualistic09_distill_only,0,0,0 vs 1,0.4682162404060364,0.5171891450881958,0.0008854586048983037,0.0006104969652369618,0.013098632916808128
6,Mutualistic09_distill_only,1,0,0 vs 1,0.45685040950775146,0.5281143188476562,0.0032257765997201204,0.0015970842214301229,0.010212438181042671
6,Mutualistic09_distill_only,1,1,2 vs 3,0.42344385385513306,0.5610800385475159,0.0036088847555220127,0.011554237455129623,0.0003130181576125324
6,Mutualistic09_distill_only,2,0,0 vs 1,0.4554050862789154,0.5278113484382629,0.0031243248376995325,0.001771446201018989,0.011887733824551105
6,Mutualistic09_distill_only,2,1,2 vs 3,0.4293054938316345,0.562660813331604,0.006778238341212273,0.001126937917433679,0.00012856119428761303
6,Mutualistic09_distill_only,2,2,4 vs 5,0.00038696214323863387,0.49956369400024414,0.0001407002127962187,0.4996228516101837,0.00028574446332640946
6,Mutualistic09_distill_only,3,0,0 vs 1,0.4563278555870056,0.5283437967300415,0.0027926606126129627,0.0015843556029722095,0.010951322503387928
6,Mutualistic09_distill_only,3,1,2 vs 3,0.4305453598499298,0.5614438652992249,0.007059757132083178,0.0008065651054494083,0.00014450796879827976
6,Mutualistic09_distill_only,3,2,4 vs 5,0.0003859751741401851,0.4993576109409332,0.00012133839481975883,0.49979180097579956,0.00034326117020100355
6,Mutualistic09_distill_only,3,3,6 vs 7,8.585018804296851e-05,0.49938151240348816,4.5950298954267055e-05,0.500232994556427,0.0002537374966777861
6,Mutualistic09_distill_only,4,0,0 vs 1,0.4601794481277466,0.5309698581695557,0.004967940505594015,0.0024489066563546658,0.0014339267509058118
6,Mutualistic09_distill_only,4,1,2 vs 3,0.431749165058136,0.5602532029151917,0.006819028872996569,0.0011642277240753174,1.4405420188268181e-05
6,Mutualistic09_distill_only,4,2,4 vs 5,0.0004794308333657682,0.4997486472129822,0.000203560950467363,0.4995582103729248,1.0173722330364399e-05
6,Mutualistic09_distill_only,4,3,6 vs 7,0.00013868753740098327,0.5004358887672424,9.028978820424527e-05,0.49929431080818176,4.074105527251959e-05
6,Mutualistic09_distill_only,4,4,8 vs 9,0.0002939077385235578,0.4975469410419464,0.00017380488861817867,0.5019749402999878,1.0456382369739003e-05
6,Mutualistic09_route_memory_only,0,0,0 vs 1,0.4682162404060364,0.5171891450881958,0.0008854586048983037,0.0006104969652369618,0.013098632916808128
6,Mutualistic09_route_memory_only,1,0,0 vs 1,0.46741175651550293,0.5294495224952698,0.0010294124949723482,0.0005326488753780723,0.0015766563592478633
6,Mutualistic09_route_memory_only,1,1,2 vs 3,0.35109463334083557,0.6421717405319214,0.00336263794451952,0.003176017664372921,0.00019498630717862397
6,Mutualistic09_route_memory_only,2,0,0 vs 1,0.465533971786499,0.5320296883583069,0.0004771333478856832,0.0013549516443163157,0.0006043437169864774
6,Mutualistic09_route_memory_only,2,1,2 vs 3,0.33470967411994934,0.6629348397254944,0.0008694197167642415,0.0014298406895250082,5.6250479246955365e-05
6,Mutualistic09_route_memory_only,2,2,4 vs 5,0.012520785443484783,0.48784974217414856,0.00037364938179962337,0.4991838037967682,7.209343311842531e-05
6,Mutualistic09_route_memory_only,3,0,0 vs 1,0.47131839394569397,0.5261117815971375,0.000486855540657416,0.0012498634168878198,0.0008331705466844141
6,Mutualistic09_route_memory_only,3,1,2 vs 3,0.34538596868515015,0.653053343296051,0.0007765063201077282,0.000722161028534174,6.202473014127463e-05
6,Mutualistic09_route_memory_only,3,2,4 vs 5,0.013402107171714306,0.487079918384552,0.00025617415667511523,0.49918845295906067,7.33987835701555e-05
6,Mutualistic09_route_memory_only,3,3,6 vs 7,0.0028523257933557034,0.49683746695518494,4.900116618955508e-05,0.5001416802406311,0.00011952893692068756
6,Mutualistic09_route_memory_only,4,0,0 vs 1,0.46529117226600647,0.5251396298408508,0.001466793823055923,0.002972258720546961,0.005130122881382704
6,Mutualistic09_route_memory_only,4,1,2 vs 3,0.3455013930797577,0.649589478969574,0.0017865455010905862,0.002846452873200178,0.0002761142677627504
6,Mutualistic09_route_memory_only,4,2,4 vs 5,0.011663269251585007,0.49236196279525757,0.0008242429466918111,0.49441564083099365,0.0007348773651756346
6,Mutualistic09_route_memory_only,4,3,6 vs 7,0.0024162374902516603,0.4982132613658905,0.00028913223650306463,0.49733802676200867,0.0017433498287573457
6,Mutualistic09_route_memory_only,4,4,8 vs 9,0.0009900437435135245,0.4972279965877533,7.755033584544435e-05,0.5016170144081116,8.738035103306174e-05
6,Mutualistic09_latent_only,0,0,0 vs 1,0.4682162404060364,0.5171891450881958,0.0008854586048983037,0.0006104969652369618,0.013098632916808128
6,Mutualistic09_latent_only,1,0,0 vs 1,0.4986821413040161,0.3053750693798065,0.0008482717676088214,0.0009344355203211308,0.1941601037979126
6,Mutualistic09_latent_only,1,1,2 vs 3,0.00028413557447493076,0.9885208606719971,0.0029647594783455133,0.004814771469682455,0.0034155375324189663
6,Mutualistic09_latent_only,2,0,0 vs 1,0.5067097544670105,0.4360860288143158,0.0013958546333014965,0.0002501214330550283,0.05555824562907219
6,Mutualistic09_latent_only,2,1,2 vs 3,0.001803845283575356,0.9913409352302551,0.004549523815512657,0.00033543628524057567,0.0019702655263245106
6,Mutualistic09_latent_only,2,2,4 vs 5,0.49574071168899536,0.00043764253496192396,1.027871712722117e-05,1.3880739970772993e-06,0.5038099884986877
6,Mutualistic09_latent_only,3,0,0 vs 1,0.4741673469543457,0.4446077048778534,0.0015983226476237178,0.0005196911515668035,0.0791068896651268
6,Mutualistic09_latent_only,3,1,2 vs 3,4.824206826015143e-06,0.9947575926780701,0.0044187698513269424,0.0004859202017541975,0.0003329017199575901
6,Mutualistic09_latent_only,3,2,4 vs 5,0.3860308825969696,0.0027198009192943573,1.7233143125849892e-06,4.045701871291385e-07,0.6112472414970398
6,Mutualistic09_latent_only,3,3,6 vs 7,0.4990515112876892,0.00022781002917326987,1.2819616586057236e-06,1.0754538948276604e-07,0.5007192492485046
6,Mutualistic09_latent_only,4,0,0 vs 1,0.4725179970264435,0.46607115864753723,0.001676688902080059,0.0006686235428787768,0.059065498411655426
6,Mutualistic09_latent_only,4,1,2 vs 3,6.8653471316793e-06,0.9935594201087952,0.00543969264253974,0.0006677589262835681,0.0003262016107328236
6,Mutualistic09_latent_only,4,2,4 vs 5,0.43369072675704956,0.0008313864236697555,1.9300066469440935e-06,9.145875878857623e-07,0.5654749870300293
6,Mutualistic09_latent_only,4,3,6 vs 7,0.5392208695411682,7.975321932462975e-05,3.0740366128156893e-06,3.0841255238556187e-07,0.4606959819793701
6,Mutualistic09_latent_only,4,4,8 vs 9,0.49623751640319824,8.6598789494019e-05,6.971633865759941e-07,1.465252523757954e-07,0.5036750435829163
6,Mutualistic09_route_plus_latent,0,0,0 vs 1,0.4682162404060364,0.5171891450881958,0.0008854586048983037,0.0006104969652369618,0.013098632916808128
6,Mutualistic09_route_plus_latent,1,0,0 vs 1,0.45947834849357605,0.5143414735794067,0.0010813085827976465,0.0012900352012366056,0.02380882389843464
6,Mutualistic09_route_plus_latent,1,1,2 vs 3,0.00025350903160870075,0.9876140356063843,0.002822907641530037,0.0052897087298333645,0.004019904416054487
6,Mutualistic09_route_plus_latent,2,0,0 vs 1,0.47589749097824097,0.5128573775291443,0.008224657736718655,0.001990682678297162,0.0010297746630385518
6,Mutualistic09_route_plus_latent,2,1,2 vs 3,0.0006146161467768252,0.9761804342269897,0.019664300605654716,0.003513905219733715,2.6714324121712707e-05
6,Mutualistic09_route_plus_latent,2,2,4 vs 5,0.00019517409964464605,0.5001924633979797,4.7429515689145774e-05,0.357565701007843,0.14199921488761902
6,Mutualistic09_route_plus_latent,3,0,0 vs 1,0.4665676951408386,0.5220319628715515,0.007012479938566685,0.0035508740693330765,0.0008369582938030362
6,Mutualistic09_route_plus_latent,3,1,2 vs 3,0.00014679950254503638,0.9910803437232971,0.005941601004451513,0.00280881579965353,2.2419642846216448e-05
6,Mutualistic09_route_plus_latent,3,2,4 vs 5,0.00034909279202111065,0.4971248507499695,0.0024069957435131073,0.3472156226634979,0.15290342271327972
6,Mutualistic09_route_plus_latent,3,3,6 vs 7,7.52070700400509e-05,0.0001018075126921758,0.49973881244659424,0.49999117851257324,9.297066571889445e-05
6,Mutualistic09_route_plus_latent,4,0,0 vs 1,0.47273537516593933,0.5177969336509705,0.00408170884475112,0.004307053051888943,0.0010789356892928481
6,Mutualistic09_route_plus_latent,4,1,2 vs 3,0.0004950113943777978,0.9941937327384949,0.001486469409428537,0.003761672880500555,6.315646169241518e-05
6,Mutualistic09_route_plus_latent,4,2,4 vs 5,0.000615693861618638,0.5003498196601868,0.0006049177027307451,0.3440675735473633,0.1543620079755783
6,Mutualistic09_route_plus_latent,4,3,6 vs 7,2.160856092814356e-05,2.1762265532743186e-05,0.4994850754737854,0.5004688501358032,2.6648654056771193e-06
6,Mutualistic09_route_plus_latent,4,4,8 vs 9,4.163037738180719e-05,6.716210918966681e-05,0.49752646684646606,0.5023597478866577,4.950231414113659e-06
6,Mutualistic09_full_functional_memory,0,0,0 vs 1,0.4450934827327728,0.5354596376419067,0.0006298263324424624,0.006848209071904421,0.011968891136348248
6,Mutualistic09_full_functional_memory,1,0,0 vs 1,0.4460501968860626,0.53264981508255,0.0015643226215615869,0.0015563530614599586,0.018179265782237053
6,Mutualistic09_full_functional_memory,1,1,2 vs 3,0.000747694808524102,0.9337030649185181,7.713122613495216e-05,0.06502699106931686,0.0004450856940820813
6,Mutualistic09_full_functional_memory,2,0,0 vs 1,0.4436010718345642,0.5353219509124756,0.0011527668684720993,0.003192395204678178,0.016731765121221542
6,Mutualistic09_full_functional_memory,2,1,2 vs 3,0.0004898322513327003,0.9288352131843567,4.493877349887043e-05,0.07036592811346054,0.0002641502651385963
6,Mutualistic09_full_functional_memory,2,2,4 vs 5,0.0001357980800094083,0.5001074075698853,3.676509004435502e-05,0.49960505962371826,0.00011495448416098952
6,Mutualistic09_full_functional_memory,3,0,0 vs 1,0.4415489733219147,0.534324049949646,0.0033482061699032784,0.006417349446564913,0.014361478388309479
6,Mutualistic09_full_functional_memory,3,1,2 vs 3,0.0006708027212880552,0.931989848613739,0.0001156495200120844,0.06667512655258179,0.0005485578440129757
6,Mutualistic09_full_functional_memory,3,2,4 vs 5,0.00010686080349842086,0.4977664053440094,3.501546598272398e-05,0.5002359747886658,0.0018557232106104493
6,Mutualistic09_full_functional_memory,3,3,6 vs 7,0.0012291359016671777,0.0002837191568687558,1.3714218766835984e-05,0.4988049268722534,0.49966850876808167
6,Mutualistic09_full_functional_memory,4,0,0 vs 1,0.4449474811553955,0.5374267101287842,0.0048014880158007145,0.006247241981327534,0.006577108986675739
6,Mutualistic09_full_functional_memory,4,1,2 vs 3,0.0008060267427936196,0.9352250695228577,0.00017988590116146952,0.06350774317979813,0.000281291373539716
6,Mutualistic09_full_functional_memory,4,2,4 vs 5,0.0001946520496858284,0.5002595782279968,4.984869156032801e-05,0.4991178512573242,0.0003780319239012897
6,Mutualistic09_full_functional_memory,4,3,6 vs 7,0.00196314649656415,9.867289190879092e-05,1.668061304371804e-05,0.49799954891204834,0.4999219477176666
6,Mutualistic09_full_functional_memory,4,4,8 vs 9,3.2559528335696086e-05,0.0001675718231126666,2.8353879315545782e-06,0.5022819638252258,0.49751508235931396
7,Mutualistic09_distill_only,0,0,0 vs 1,0.5022751688957214,0.0029117469675838947,0.0023772164713591337,0.4817884564399719,0.01064738817512989
7,Mutualistic09_distill_only,1,0,0 vs 1,0.5141339898109436,0.0035124854184687138,0.0023584759328514338,0.4713635742664337,0.008631459437310696
7,Mutualistic09_distill_only,1,1,2 vs 3,0.47123822569847107,0.004082242958247662,0.0033425681758672,0.5205960869789124,0.0007409328245557845
7,Mutualistic09_distill_only,2,0,0 vs 1,0.5192655920982361,0.0011995101813226938,0.0002860070380847901,0.4704967737197876,0.008752179332077503
7,Mutualistic09_distill_only,2,1,2 vs 3,0.47592902183532715,7.113845640560612e-05,2.5839475711109117e-05,0.5238175392150879,0.00015647053078282624
7,Mutualistic09_distill_only,2,2,4 vs 5,0.6681983470916748,0.26294732093811035,3.184807428624481e-05,0.06880555301904678,1.6849569874466397e-05
7,Mutualistic09_distill_only,3,0,0 vs 1,0.5222328305244446,0.0008023318368941545,0.00033484501182101667,0.46774858236312866,0.008881377056241035
7,Mutualistic09_distill_only,3,1,2 vs 3,0.46707046031951904,2.0954568753950298e-05,6.950155238882871e-06,0.5328676104545593,3.4012926334980875e-05
7,Mutualistic09_distill_only,3,2,4 vs 5,0.5686962604522705,0.3817341923713684,5.052826963947155e-06,0.0495620034635067,2.476580448274035e-06
7,Mutualistic09_distill_only,3,3,6 vs 7,0.507175087928772,0.4924001097679138,1.4354287486639805e-05,0.00028548456612043083,0.00012496220006141812
7,Mutualistic09_distill_only,4,0,0 vs 1,0.5216370224952698,0.0004542111128102988,0.00033546920167282224,0.46840745210647583,0.009165897034108639
7,Mutualistic09_distill_only,4,1,2 vs 3,0.4635366201400757,0.00021897618717048317,7.942273441585712e-06,0.5362052321434021,3.120841574855149e-05
7,Mutualistic09_distill_only,4,2,4 vs 5,0.4476786255836487,0.4993792474269867,4.033586719742743e-06,0.05293601378798485,2.1209784790698905e-06
7,Mutualistic09_distill_only,4,3,6 vs 7,0.49968117475509644,0.4998129606246948,2.3947062800289132e-05,0.00033349028672091663,0.0001484393869759515
7,Mutualistic09_distill_only,4,4,8 vs 9,0.4986704885959625,0.5012141466140747,4.04940055886982e-06,9.414867963641882e-05,1.7081103578675538e-05
7,Mutualistic09_route_memory_only,0,0,0 vs 1,0.5022751688957214,0.0029117469675838947,0.0023772164713591337,0.4817884564399719,0.01064738817512989
7,Mutualistic09_route_memory_only,1,0,0 vs 1,0.504381000995636,0.0035067147109657526,0.0029772513080388308,0.48563313484191895,0.0035019526258111
7,Mutualistic09_route_memory_only,1,1,2 vs 3,0.5373170971870422,0.0012341293040663004,0.0007453580619767308,0.4596458971500397,0.0010575501946732402
7,Mutualistic09_route_memory_only,2,0,0 vs 1,0.5040337443351746,0.003992401994764805,0.0030206243973225355,0.48418721556663513,0.004765972960740328
7,Mutualistic09_route_memory_only,2,1,2 vs 3,0.5413792729377747,0.00048218690790235996,0.00027452711947262287,0.4573042094707489,0.0005598165444098413
7,Mutualistic09_route_memory_only,2,2,4 vs 5,0.6723692417144775,1.434568730473984e-05,2.2768628696212545e-05,0.32746073603630066,0.00013283097359817475
7,Mutualistic09_route_memory_only,3,0,0 vs 1,0.5035240650177002,0.00537783931940794,0.0037591825239360332,0.4813504219055176,0.005988447926938534
7,Mutualistic09_route_memory_only,3,1,2 vs 3,0.5471782088279724,0.0004948088899254799,0.00027443867293186486,0.45160844922065735,0.0004440703778527677
7,Mutualistic09_route_memory_only,3,2,4 vs 5,0.6772618293762207,1.5278797945939004e-05,2.5717907192301936e-05,0.3225744366645813,0.00012270495062693954
7,Mutualistic09_route_memory_only,3,3,6 vs 7,0.5038237571716309,9.931431850418448e-05,0.0001909857674036175,0.49559134244918823,0.0002945592568721622
7,Mutualistic09_route_memory_only,4,0,0 vs 1,0.49755725264549255,0.0032617230899631977,0.002755422843620181,0.48899105191230774,0.0074345627799630165
7,Mutualistic09_route_memory_only,4,1,2 vs 3,0.5331276655197144,0.0003606310347095132,0.00022407846699934453,0.46581339836120605,0.000474228902021423
7,Mutualistic09_route_memory_only,4,2,4 vs 5,0.662107527256012,3.729237869265489e-05,5.0078910135198385e-05,0.3375718593597412,0.000233196493354626
7,Mutualistic09_route_memory_only,4,3,6 vs 7,0.49830949306488037,0.00016162777319550514,0.000296959828119725,0.5008660554885864,0.0003659170470200479
7,Mutualistic09_route_memory_only,4,4,8 vs 9,0.9649776220321655,3.530783942551352e-05,6.0179507272550836e-05,0.0348205640912056,0.00010640540131134912
7,Mutualistic09_latent_only,0,0,0 vs 1,0.5022751688957214,0.0029117469675838947,0.0023772164713591337,0.4817884564399719,0.01064738817512989
7,Mutualistic09_latent_only,1,0,0 vs 1,0.0155785558745265,0.06724294275045395,0.0003718328080140054,0.4074503183364868,0.5093563795089722
7,Mutualistic09_latent_only,1,1,2 vs 3,0.48528411984443665,0.0007903205696493387,0.036426275968551636,0.4676286578178406,0.0098705580458045
7,Mutualistic09_latent_only,2,0,0 vs 1,0.00302848475985229,0.21686773002147675,0.019224651157855988,0.2323077768087387,0.5285713076591492
7,Mutualistic09_latent_only,2,1,2 vs 3,0.03565948083996773,0.0013403641059994698,0.6597383618354797,0.29887956380844116,0.004382146056741476
7,Mutualistic09_latent_only,2,2,4 vs 5,0.42455750703811646,1.03215791114053e-06,0.00013701517309527844,0.07552506029605865,0.4997794032096863
7,Mutualistic09_latent_only,3,0,0 vs 1,0.0037484103813767433,0.46547961235046387,0.0012333107879385352,0.006540704518556595,0.5229979753494263
7,Mutualistic09_latent_only,3,1,2 vs 3,0.0022780157160013914,0.0014543713768944144,0.7234063744544983,0.27243518829345703,0.00042605705675669014
7,Mutualistic09_latent_only,3,2,4 vs 5,0.00044020533096045256,6.53374021553077e-11,0.0002800810616463423,0.50450599193573,0.4947737455368042
7,Mutualistic09_latent_only,3,3,6 vs 7,0.49902382493019104,1.4083002497500274e-05,3.349378312123008e-05,0.0004923703381791711,0.5004362463951111
7,Mutualistic09_latent_only,4,0,0 vs 1,0.0012514704139903188,0.5286282300949097,0.0035931237507611513,0.0013154185144230723,0.46521174907684326
7,Mutualistic09_latent_only,4,1,2 vs 3,0.0001666095486143604,0.0011910151224583387,0.9567247629165649,0.0414983406662941,0.00041932094609364867
7,Mutualistic09_latent_only,4,2,4 vs 5,1.7681248209555633e-05,2.2615923023217022e-11,3.536393023750861e-06,0.5005077719688416,0.4994710683822632
7,Mutualistic09_latent_only,4,3,6 vs 7,0.4974818527698517,8.452399197267368e-05,1.1848539543279912e-05,0.0007611914770677686,0.5016605854034424
7,Mutualistic09_latent_only,4,4,8 vs 9,0.0003615837777033448,1.746207431096991e-06,7.799005834385753e-05,0.4973089396953583,0.5022497773170471
7,Mutualistic09_route_plus_latent,0,0,0 vs 1,0.5022751688957214,0.0029117469675838947,0.0023772164713591337,0.4817884564399719,0.01064738817512989
7,Mutualistic09_route_plus_latent,1,0,0 vs 1,0.5159323811531067,0.0013557354686781764,0.0003005450707860291,0.4701003134250641,0.012311087921261787
7,Mutualistic09_route_plus_latent,1,1,2 vs 3,0.5192409753799438,0.0008533023064956069,0.003970155026763678,0.4741257131099701,0.0018098566215485334
7,Mutualistic09_route_plus_latent,2,0,0 vs 1,0.502790629863739,0.0005681401235051453,0.0018021827563643456,0.4768730700016022,0.017965974286198616
7,Mutualistic09_route_plus_latent,2,1,2 vs 3,0.5156280994415283,0.00032924945116974413,0.008032617159187794,0.47394007444381714,0.0020699407905340195
7,Mutualistic09_route_plus_latent,2,2,4 vs 5,0.7326096296310425,4.7198092545386316e-08,6.679181296931347e-07,0.2673853933811188,4.310478288971353e-06
7,Mutualistic09_route_plus_latent,3,0,0 vs 1,0.5007051825523376,0.00045604989281855524,0.0011758202454075217,0.473019003868103,0.02464386448264122
7,Mutualistic09_route_plus_latent,3,1,2 vs 3,0.5124658346176147,0.0006643945234827697,0.00777147151529789,0.4675478935241699,0.0115504190325737
7,Mutualistic09_route_plus_latent,3,2,4 vs 5,0.7327994108200073,8.024527708982987e-09,1.0320712107159125e-07,0.26720044016838074,1.492321999307933e-08
7,Mutualistic09_route_plus_latent,3,3,6 vs 7,0.504738986492157,8.632921577600428e-08,3.233017480397393e-07,0.4952588975429535,1.653849153626652e-06
7,Mutualistic09_route_plus_latent,4,0,0 vs 1,0.49916279315948486,0.0004811241233255714,0.001078961999155581,0.47776052355766296,0.02151658572256565
7,Mutualistic09_route_plus_latent,4,1,2 vs 3,0.5122455954551697,0.0006407173350453377,0.006381315644830465,0.4695035517215729,0.011228821240365505
7,Mutualistic09_route_plus_latent,4,2,4 vs 5,0.7177565097808838,4.877553472226737e-09,5.8291011129085746e-08,0.28224337100982666,1.2813341498940645e-08
7,Mutualistic09_route_plus_latent,4,3,6 vs 7,0.500484824180603,5.725301548409334e-07,1.973073494809796e-06,0.499485582113266,2.710095031943638e-05
7,Mutualistic09_route_plus_latent,4,4,8 vs 9,0.8310800194740295,1.8287074965428474e-08,7.585169470303299e-08,0.168919637799263,2.982177420562948e-07
7,Mutualistic09_full_functional_memory,0,0,0 vs 1,0.5338836312294006,0.0008054409991018474,0.0011134177912026644,0.45078951120376587,0.013407987542450428
7,Mutualistic09_full_functional_memory,1,0,0 vs 1,0.5142737030982971,0.0020351221319288015,0.0008471810142509639,0.4544931650161743,0.02835092507302761
7,Mutualistic09_full_functional_memory,1,1,2 vs 3,0.99931401014328,2.785876495181583e-05,0.00022869989334139973,0.00014979357365518808,0.0002795968030113727
7,Mutualistic09_full_functional_memory,2,0,0 vs 1,0.5230613946914673,0.00411111768335104,0.00030140532180666924,0.4501933157444,0.02233271859586239
7,Mutualistic09_full_functional_memory,2,1,2 vs 3,0.998203456401825,4.109539440833032e-05,3.3996540878433734e-05,4.998703661840409e-05,0.0016714620869606733
7,Mutualistic09_full_functional_memory,2,2,4 vs 5,0.50045245885849,9.043534419106436e-07,3.852599093079334e-07,3.251883390475996e-05,0.49951377511024475
7,Mutualistic09_full_functional_memory,3,0,0 vs 1,0.5282624959945679,0.005286059807986021,0.0009809081675484776,0.448839396238327,0.016631148755550385
7,Mutualistic09_full_functional_memory,3,1,2 vs 3,0.9989898800849915,4.785565397469327e-05,4.591855395119637e-05,2.7700933060259558e-05,0.0008886486175470054
7,Mutualistic09_full_functional_memory,3,2,4 vs 5,0.4994041621685028,1.6750687947819642e-08,1.2596885312632367e-08,3.715630043643614e-07,0.5005953907966614
7,Mutualistic09_full_functional_memory,3,3,6 vs 7,0.5013352036476135,4.079623522557085e-06,1.1774992572100018e-06,5.049970786785707e-05,0.49860909581184387
7,Mutualistic09_full_functional_memory,4,0,0 vs 1,0.529824435710907,0.005448952782899141,0.0011507613817229867,0.4485834240913391,0.014992398209869862
7,Mutualistic09_full_functional_memory,4,1,2 vs 3,0.9993822574615479,5.070884435554035e-05,2.814091567415744e-05,3.360816481290385e-05,0.0005052830674685538
7,Mutualistic09_full_functional_memory,4,2,4 vs 5,0.4994615912437439,4.979242795855043e-09,3.0946996076863797e-09,1.1407436062427223e-07,0.5005382895469666
7,Mutualistic09_full_functional_memory,4,3,6 vs 7,0.5027590394020081,4.6569886080760625e-07,1.0948255635412352e-07,9.819935257837642e-06,0.49723055958747864
7,Mutualistic09_full_functional_memory,4,4,8 vs 9,0.8265501856803894,2.571500999692944e-06,1.3646188108396018e-06,0.00017242981994058937,0.17327344417572021
8,Mutualistic09_distill_only,0,0,0 vs 1,0.00420181592926383,0.4912598133087158,0.003104735165834427,0.49101653695106506,0.010417092591524124
8,Mutualistic09_distill_only,1,0,0 vs 1,0.006067531183362007,0.4909946322441101,0.002727121114730835,0.49492067098617554,0.005289983004331589
8,Mutualistic09_distill_only,1,1,2 vs 3,0.0030834742356091738,0.4643179178237915,0.000659699086099863,0.5301473140716553,0.0017915958305820823
8,Mutualistic09_distill_only,2,0,0 vs 1,0.005076270550489426,0.4888099730014801,0.0006579303299076855,0.5041168332099915,0.0013389727100729942
8,Mutualistic09_distill_only,2,1,2 vs 3,0.00503275403752923,0.4705692231655121,0.00017707036749925464,0.5237898230552673,0.00043112735147587955
8,Mutualistic09_distill_only,2,2,4 vs 5,0.0005918923998251557,0.0012868052581325173,0.00018640427151694894,0.9973949193954468,0.0005400247173383832
8,Mutualistic09_distill_only,3,0,0 vs 1,0.005603605415672064,0.48995545506477356,0.0007017790921963751,0.5025590658187866,0.0011800873326137662
8,Mutualistic09_distill_only,3,1,2 vs 3,0.00480722077190876,0.472833514213562,0.00012722153041977435,0.5220760107040405,0.0001560334349051118
8,Mutualistic09_distill_only,3,2,4 vs 5,0.001294506248086691,0.0018419766565784812,0.00022292151697911322,0.9962460994720459,0.0003944939817301929
8,Mutualistic09_distill_only,3,3,6 vs 7,8.889633704711741e-07,9.94791989796795e-05,3.462284610122879e-07,0.99989914894104,1.4664806258224417e-07
8,Mutualistic09_distill_only,4,0,0 vs 1,0.006124948617070913,0.490096777677536,0.0007599540986120701,0.501822829246521,0.0011954946676269174
8,Mutualistic09_distill_only,4,1,2 vs 3,0.0058542778715491295,0.4729236364364624,0.00013683979341294616,0.5209384560585022,0.0001467706315452233
8,Mutualistic09_distill_only,4,2,4 vs 5,0.0017011032905429602,0.0003865100152324885,7.37762893550098e-05,0.9977425336837769,9.60277538979426e-05
8,Mutualistic09_distill_only,4,3,6 vs 7,6.580427225344465e-07,0.0001260812859982252,1.3163526091375388e-07,0.9998731017112732,3.7425390786438584e-08
8,Mutualistic09_distill_only,4,4,8 vs 9,0.00010346548515371978,0.0001872390857897699,7.337643637583824e-06,0.9996965527534485,5.5029290706443135e-06
8,Mutualistic09_route_memory_only,0,0,0 vs 1,0.00420181592926383,0.4912598133087158,0.003104735165834427,0.49101653695106506,0.010417092591524124
8,Mutualistic09_route_memory_only,1,0,0 vs 1,0.00410907156765461,0.5134078860282898,0.007672177627682686,0.46878528594970703,0.00602560443803668
8,Mutualistic09_route_memory_only,1,1,2 vs 3,0.0007915018359199166,0.5047796964645386,0.0033146904315799475,0.4830029308795929,0.008111118339002132
8,Mutualistic09_route_memory_only,2,0,0 vs 1,0.00027234951267018914,0.5006450414657593,0.00022036016162019223,0.4986916780471802,0.00017067175940610468
8,Mutualistic09_route_memory_only,2,1,2 vs 3,0.00012699482613243163,0.5049019455909729,0.0002843639231286943,0.4943722188472748,0.000314519478706643
8,Mutualistic09_route_memory_only,2,2,4 vs 5,6.442457106459187e-06,0.01215420477092266,1.8300003148397082e-06,0.9878308773040771,6.629819381487323e-06
8,Mutualistic09_route_memory_only,3,0,0 vs 1,0.00033402268309146166,0.4961625933647156,0.0002954317315015942,0.5029982328414917,0.00020966873853467405
8,Mutualistic09_route_memory_only,3,1,2 vs 3,0.00014138837286736816,0.5133877396583557,0.0003057018911931664,0.48581138253211975,0.0003537768789101392
8,Mutualistic09_route_memory_only,3,2,4 vs 5,3.647178346000146e-06,0.00853023212403059,9.039188739734527e-07,0.991460919380188,4.233756953908596e-06
8,Mutualistic09_route_memory_only,3,3,6 vs 7,6.106419903062488e-08,0.0035275935661047697,7.963687664869212e-08,0.9964722990989685,2.9523485878257816e-08
8,Mutualistic09_route_memory_only,4,0,0 vs 1,0.0006239907816052437,0.47872787714004517,0.0005402685492299497,0.5198044776916504,0.00030332693131640553
8,Mutualistic09_route_memory_only,4,1,2 vs 3,0.0001880028285086155,0.4910655617713928,0.00037913996493443847,0.5079538822174072,0.00041338594746775925
8,Mutualistic09_route_memory_only,4,2,4 vs 5,1.1821744010376278e-05,0.004960490390658379,1.9006831735168817e-06,0.9950068593025208,1.898969458125066e-05
8,Mutualistic09_route_memory_only,4,3,6 vs 7,3.339064846841211e-08,0.0004768251965288073,4.542607356938788e-08,0.9995230436325073,2.3060085396764407e-08
8,Mutualistic09_route_memory_only,4,4,8 vs 9,5.066342782811262e-05,0.015736203640699387,2.403960570518393e-05,0.9841408729553223,4.825259748031385e-05
8,Mutualistic09_latent_only,0,0,0 vs 1,0.00420181592926383,0.4912598133087158,0.003104735165834427,0.49101653695106506,0.010417092591524124
8,Mutualistic09_latent_only,1,0,0 vs 1,0.030620798468589783,0.39229950308799744,0.010069410316646099,0.5514671802520752,0.015543075278401375
8,Mutualistic09_latent_only,1,1,2 vs 3,0.0009819025872275233,0.5072773694992065,0.0011999709531664848,0.4836288094520569,0.006911955773830414
8,Mutualistic09_latent_only,2,0,0 vs 1,0.03512146323919296,0.4050067365169525,0.02217957377433777,0.5260008573532104,0.011691321618855
8,Mutualistic09_latent_only,2,1,2 vs 3,0.001155504141934216,0.8457121849060059,0.0015390801709145308,0.14925645291805267,0.00233673769980669
8,Mutualistic09_latent_only,2,2,4 vs 5,0.0004028964031022042,0.00035393208963796496,5.992762089590542e-05,0.9988718628883362,0.00031141916406340897
8,Mutualistic09_latent_only,3,0,0 vs 1,0.05822708085179329,0.32235556840896606,0.019897835329174995,0.5499203205108643,0.04959911108016968
8,Mutualistic09_latent_only,3,1,2 vs 3,0.002124383579939604,0.3150181770324707,0.018824290484189987,0.294903963804245,0.3691291809082031
8,Mutualistic09_latent_only,3,2,4 vs 5,0.0006978492019698024,4.854398866882548e-05,4.5466200390364975e-05,0.9982232451438904,0.0009849653579294682
8,Mutualistic09_latent_only,3,3,6 vs 7,1.1265343857758126e-07,0.9999949336051941,1.4930608926988498e-07,1.7041808177964413e-06,3.08719518216094e-06
8,Mutualistic09_latent_only,4,0,0 vs 1,0.09649890661239624,0.3533508777618408,0.015269771218299866,0.45173391699790955,0.08314654231071472
8,Mutualistic09_latent_only,4,1,2 vs 3,0.004818556364625692,0.3098612129688263,0.022028381004929543,0.06525139510631561,0.5980404615402222
8,Mutualistic09_latent_only,4,2,4 vs 5,0.00038663565646857023,5.529639111045981e-06,3.2785792427603155e-06,0.9994262456893921,0.0001782199105946347
8,Mutualistic09_latent_only,4,3,6 vs 7,5.411969596025301e-06,0.9992613792419434,8.044408446039597e-07,2.431361963317613e-06,0.0007299785502254963
8,Mutualistic09_latent_only,4,4,8 vs 9,1.1790238204412162e-05,2.8258398288016906e-06,7.177275165304309e-07,0.9999381899833679,4.649866241379641e-05
8,Mutualistic09_route_plus_latent,0,0,0 vs 1,0.00420181592926383,0.4912598133087158,0.003104735165834427,0.49101653695106506,0.010417092591524124
8,Mutualistic09_route_plus_latent,1,0,0 vs 1,0.009645435027778149,0.48411238193511963,0.004193238914012909,0.4904639720916748,0.011584940366446972
8,Mutualistic09_route_plus_latent,1,1,2 vs 3,0.00035375048173591495,0.5083010792732239,0.0013208286836743355,0.4785163402557373,0.011508028954267502
8,Mutualistic09_route_plus_latent,2,0,0 vs 1,0.005552556365728378,0.4880349338054657,0.004841528367251158,0.4905041456222534,0.011066828854382038
8,Mutualistic09_route_plus_latent,2,1,2 vs 3,0.0007716535474173725,0.5149730443954468,0.001117682084441185,0.47011491656303406,0.013022745959460735
8,Mutualistic09_route_plus_latent,2,2,4 vs 5,0.00016057988977991045,0.00041912923916243017,1.0391714567958843e-05,0.9992945194244385,0.00011541730782482773
8,Mutualistic09_route_plus_latent,3,0,0 vs 1,0.004391211550682783,0.48825937509536743,0.007090979255735874,0.4911442697048187,0.009114159271121025
8,Mutualistic09_route_plus_latent,3,1,2 vs 3,0.00027832615887746215,0.5129683613777161,0.002714994130656123,0.45082661509513855,0.033211689442396164
8,Mutualistic09_route_plus_latent,3,2,4 vs 5,0.00019593363685999066,0.0012662161607295275,9.381787094753236e-05,0.9982122778892517,0.0002318007027497515
8,Mutualistic09_route_plus_latent,3,3,6 vs 7,1.8775673424897832e-06,0.7488210201263428,1.2725453188977554e-06,0.2511431574821472,3.2607189496047795e-05
8,Mutualistic09_route_plus_latent,4,0,0 vs 1,0.00553163094446063,0.47728535532951355,0.008098435588181019,0.4994714856147766,0.009613067843019962
8,Mutualistic09_route_plus_latent,4,1,2 vs 3,0.00029659431311301887,0.47556599974632263,0.0032633834052830935,0.49716153740882874,0.023712512105703354
8,Mutualistic09_route_plus_latent,4,2,4 vs 5,7.843235653126612e-05,0.0002008218434639275,3.7778587284265086e-05,0.9996395111083984,4.339064980740659e-05
8,Mutualistic09_route_plus_latent,4,3,6 vs 7,2.2788828573538922e-05,0.7846066951751709,1.5656614777981304e-05,0.21494066715240479,0.0004142137768212706
8,Mutualistic09_route_plus_latent,4,4,8 vs 9,3.123763235635124e-05,6.278436194406822e-05,1.362146304018097e-05,0.999873161315918,1.9160737792844884e-05
8,Mutualistic09_full_functional_memory,0,0,0 vs 1,0.001202471787109971,0.493740051984787,0.0034971481654793024,0.4939080476760864,0.007652235217392445
8,Mutualistic09_full_functional_memory,1,0,0 vs 1,0.0029940833337605,0.4899653196334839,0.0030078080017119646,0.4968518018722534,0.007180971093475819
8,Mutualistic09_full_functional_memory,1,1,2 vs 3,0.00029285717755556107,0.4781501889228821,0.016153331845998764,0.4978153109550476,0.007588366977870464
8,Mutualistic09_full_functional_memory,2,0,0 vs 1,0.0027200018521398306,0.49263525009155273,0.003959347028285265,0.4942900836467743,0.006395301781594753
8,Mutualistic09_full_functional_memory,2,1,2 vs 3,0.0002123974554706365,0.47800129652023315,0.016654716804623604,0.49589741230010986,0.009234164841473103
8,Mutualistic09_full_functional_memory,2,2,4 vs 5,2.5336175895063207e-05,0.00022167520364746451,2.144279824278783e-05,0.9997215867042542,9.936686183209531e-06
8,Mutualistic09_full_functional_memory,3,0,0 vs 1,0.003363781375810504,0.4921804368495941,0.0038076434284448624,0.491849422454834,0.008798732422292233
8,Mutualistic09_full_functional_memory,3,1,2 vs 3,0.00027290487196296453,0.4794289469718933,0.01877143606543541,0.49440300464630127,0.0071236914955079556
8,Mutualistic09_full_functional_memory,3,2,4 vs 5,6.776826921850443e-05,0.00020457259961403906,0.0006418289267458022,0.9979497194290161,0.0011360140051692724
8,Mutualistic09_full_functional_memory,3,3,6 vs 7,8.683947271492798e-06,0.00021394743816927075,0.5002177953720093,0.00027585041243582964,0.4992837607860565
8,Mutualistic09_full_functional_memory,4,0,0 vs 1,0.003896093461662531,0.4902704358100891,0.0044576432555913925,0.49340271949768066,0.007973123341798782
8,Mutualistic09_full_functional_memory,4,1,2 vs 3,0.00041838365723378956,0.47600898146629333,0.01880543678998947,0.4998492896556854,0.004917937330901623
8,Mutualistic09_full_functional_memory,4,2,4 vs 5,9.011972906591836e-06,2.0569450498442166e-05,4.761426680488512e-06,0.9999237060546875,4.197241287329234e-05
8,Mutualistic09_full_functional_memory,4,3,6 vs 7,1.709574462438468e-05,0.0002890782488975674,0.5002670884132385,0.000547424191609025,0.4988793432712555
8,Mutualistic09_full_functional_memory,4,4,8 vs 9,1.0431714144942816e-05,2.3511134713771753e-05,5.024998699809657e-06,0.9999570846557617,4.026734131912235e-06
9,Mutualistic09_distill_only,0,0,0 vs 1,0.49892833828926086,0.005130799487233162,0.4819871783256531,0.004466552287340164,0.009487079456448555
9,Mutualistic09_distill_only,1,0,0 vs 1,0.5031739473342896,0.007630630396306515,0.4668116271495819,0.004763656761497259,0.017620161175727844
9,Mutualistic09_distill_only,1,1,2 vs 3,0.0013144384138286114,0.00023777848400641233,0.9848781228065491,0.00015025485481601208,0.013419412076473236
9,Mutualistic09_distill_only,2,0,0 vs 1,0.5003159642219543,0.005548727698624134,0.4745641350746155,0.004659919533878565,0.01491124089807272
9,Mutualistic09_distill_only,2,1,2 vs 3,0.0016196585493162274,0.00017016191850416362,0.9826580286026001,0.00012009444617433473,0.015432064421474934
9,Mutualistic09_distill_only,2,2,4 vs 5,0.49745264649391174,1.0796966307680123e-05,0.002864811336621642,0.49964043498039246,3.1330666388385e-05
9,Mutualistic09_distill_only,3,0,0 vs 1,0.5019820332527161,0.006159025244414806,0.47370174527168274,0.0045535983517766,0.013603567145764828
9,Mutualistic09_distill_only,3,1,2 vs 3,0.0005712237325496972,0.00015982906916178763,0.9834209084510803,6.262191891437396e-05,0.015785297378897667
9,Mutualistic09_distill_only,3,2,4 vs 5,0.5000722408294678,2.0477564248722047e-06,4.727244231617078e-05,0.49987637996673584,2.1022749479016056e-06
9,Mutualistic09_distill_only,3,3,6 vs 7,0.499367356300354,5.5171635722217616e-06,0.00044483537203632295,0.5001798868179321,2.381709009569022e-06
9,Mutualistic09_distill_only,4,0,0 vs 1,0.5020080208778381,0.00647460063919425,0.4782088100910187,0.004034162033349276,0.009274368174374104
9,Mutualistic09_distill_only,4,1,2 vs 3,0.00023807852994650602,0.00012730115849990398,0.9871518015861511,0.00011168362107127905,0.01237113494426012
9,Mutualistic09_distill_only,4,2,4 vs 5,0.5006258487701416,2.4894012312870473e-05,0.00015073978283908218,0.4991951286792755,3.4281870284758043e-06
9,Mutualistic09_distill_only,4,3,6 vs 7,0.4983198940753937,1.397567757521756e-05,0.001736474921926856,0.4999285340309143,1.0862248700505006e-06
9,Mutualistic09_distill_only,4,4,8 vs 9,0.002135585295036435,0.00026533103664405644,0.4937741160392761,0.5020966529846191,0.001728323521092534
9,Mutualistic09_route_memory_only,0,0,0 vs 1,0.49892833828926086,0.005130799487233162,0.4819871783256531,0.004466552287340164,0.009487079456448555
9,Mutualistic09_route_memory_only,1,0,0 vs 1,0.4863017797470093,0.003190284362062812,0.49349701404571533,0.001683377311564982,0.015327571891248226
9,Mutualistic09_route_memory_only,1,1,2 vs 3,0.0009773536585271358,0.003954023588448763,0.9404521584510803,0.00011587098560994491,0.054500602185726166
9,Mutualistic09_route_memory_only,2,0,0 vs 1,0.4876388609409332,0.0013831488322466612,0.49856987595558167,0.0011154230451211333,0.01129274070262909
9,Mutualistic09_route_memory_only,2,1,2 vs 3,0.0014466973952949047,0.0014183780876919627,0.9541131258010864,0.0001114722472266294,0.042910363525152206
9,Mutualistic09_route_memory_only,2,2,4 vs 5,0.0011989595368504524,5.41427762072999e-05,0.49809128046035767,8.536159839422908e-06,0.5006470680236816
9,Mutualistic09_route_memory_only,3,0,0 vs 1,0.48864495754241943,0.002284071873873472,0.49821937084198,0.0023031767923384905,0.008548454381525517
9,Mutualistic09_route_memory_only,3,1,2 vs 3,0.002306320471689105,0.0027813350316137075,0.9504278302192688,0.00035968050360679626,0.04412473365664482
9,Mutualistic09_route_memory_only,3,2,4 vs 5,0.0004701506986748427,5.183995017432608e-05,0.49954020977020264,8.653943041281309e-06,0.49992913007736206
9,Mutualistic09_route_memory_only,3,3,6 vs 7,0.003181052627041936,6.49028443149291e-05,0.49640703201293945,3.371085404069163e-05,0.5003133416175842
9,Mutualistic09_route_memory_only,4,0,0 vs 1,0.4743686616420746,0.0022806432098150253,0.5083398818969727,0.0023382622748613358,0.012672549113631248
9,Mutualistic09_route_memory_only,4,1,2 vs 3,0.001226248568855226,0.0025374884717166424,0.9356668591499329,0.00013813363329973072,0.060431208461523056
9,Mutualistic09_route_memory_only,4,2,4 vs 5,0.0004735249385703355,0.00010183703852817416,0.5024793744087219,7.937898772070184e-06,0.4969373047351837
9,Mutualistic09_route_memory_only,4,3,6 vs 7,0.003439476015046239,0.00015137367881834507,0.49961620569229126,5.492036871146411e-05,0.4967379868030548
9,Mutualistic09_route_memory_only,4,4,8 vs 9,0.0002549772907514125,7.55860673962161e-05,0.49584925174713135,1.2667211194639094e-05,0.5038076043128967
9,Mutualistic09_latent_only,0,0,0 vs 1,0.49892833828926086,0.005130799487233162,0.4819871783256531,0.004466552287340164,0.009487079456448555
9,Mutualistic09_latent_only,1,0,0 vs 1,0.9664140939712524,0.0018298671348020434,0.00908280722796917,0.022344201803207397,0.00032896752236410975
9,Mutualistic09_latent_only,1,1,2 vs 3,0.0005149286007508636,6.800203118473291e-05,0.9377369284629822,2.4236738681793213e-05,0.061655931174755096
9,Mutualistic09_latent_only,2,0,0 vs 1,0.9969696402549744,0.0014568368205800653,0.0013546542031690478,0.00015724427066743374,6.159675103845075e-05
9,Mutualistic09_latent_only,2,1,2 vs 3,0.0007897994946688414,5.455079008243047e-05,0.9685595631599426,1.371360269786237e-07,0.030595973134040833
9,Mutualistic09_latent_only,2,2,4 vs 5,0.5007062554359436,0.49922239780426025,6.576172745553777e-05,2.856851779142744e-06,2.770455012068851e-06
9,Mutualistic09_latent_only,3,0,0 vs 1,0.5492162704467773,0.0023437736090272665,0.4318864047527313,0.0009191922144964337,0.015634305775165558
9,Mutualistic09_latent_only,3,1,2 vs 3,1.2180307749076746e-05,6.457274139393121e-06,0.7882116436958313,1.0188682608713862e-06,0.21176864206790924
9,Mutualistic09_latent_only,3,2,4 vs 5,0.4270226061344147,0.5001775026321411,0.07239507138729095,8.222833275794983e-05,0.00032254349207505584
9,Mutualistic09_latent_only,3,3,6 vs 7,0.49956586956977844,0.5001819133758545,0.00024138990556821227,1.04098007795983e-05,4.3814316086354665e-07
9,Mutualistic09_latent_only,4,0,0 vs 1,0.5646706819534302,0.002472652355208993,0.15095408260822296,0.001822512480430305,0.280080109834671
9,Mutualistic09_latent_only,4,1,2 vs 3,8.071616548477323e-07,9.7620486485539e-06,0.5700631141662598,3.570385942452958e-08,0.4299262762069702
9,Mutualistic09_latent_only,4,2,4 vs 5,0.4403856098651886,0.4455627501010895,0.05968350172042847,0.053491879254579544,0.0008762718643993139
9,Mutualistic09_latent_only,4,3,6 vs 7,0.5024311542510986,0.18222354352474213,6.604981172131374e-05,0.31475380063056946,0.000525409122928977
9,Mutualistic09_latent_only,4,4,8 vs 9,0.0005096031236462295,0.5019095540046692,0.2946063280105591,0.0002785172255244106,0.2026960253715515
9,Mutualistic09_route_plus_latent,0,0,0 vs 1,0.49892833828926086,0.005130799487233162,0.4819871783256531,0.004466552287340164,0.009487079456448555
9,Mutualistic09_route_plus_latent,1,0,0 vs 1,0.5046712160110474,0.006203869823366404,0.4606826603412628,0.021777059882879257,0.006665227003395557
9,Mutualistic09_route_plus_latent,1,1,2 vs 3,0.0017216322012245655,0.0004938436904922128,0.8727823495864868,0.00013011705595999956,0.12487196177244186
9,Mutualistic09_route_plus_latent,2,0,0 vs 1,0.4958427846431732,0.010303793475031853,0.47994354367256165,0.006559866946190596,0.007350049912929535
9,Mutualistic09_route_plus_latent,2,1,2 vs 3,0.0007234232616610825,0.0007130262674763799,0.8768206238746643,1.082284506992437e-05,0.12173216044902802
9,Mutualistic09_route_plus_latent,2,2,4 vs 5,0.5014451742172241,2.7527326892595738e-05,0.00022846650972496718,0.00042995039257220924,0.4978688359260559
9,Mutualistic09_route_plus_latent,3,0,0 vs 1,0.4830193817615509,0.011971013620495796,0.48868608474731445,0.008389324881136417,0.00793415680527687
9,Mutualistic09_route_plus_latent,3,1,2 vs 3,0.0003499652957543731,0.0007705470197834074,0.879753053188324,1.4684627785754856e-05,0.1191117912530899
9,Mutualistic09_route_plus_latent,3,2,4 vs 5,0.498292475938797,1.0168463631998748e-05,4.396794975036755e-05,0.0019874481949955225,0.4996659457683563
9,Mutualistic09_route_plus_latent,3,3,6 vs 7,0.49966955184936523,1.0791117347253021e-05,0.00020271552784834057,8.049868483794853e-05,0.5000364184379578
9,Mutualistic09_route_plus_latent,4,0,0 vs 1,0.4880712330341339,0.016513418406248093,0.48598355054855347,0.00535578653216362,0.004076036624610424
9,Mutualistic09_route_plus_latent,4,1,2 vs 3,2.900894105550833e-05,0.002285201335325837,0.8823114037513733,1.0351236596761737e-05,0.11536408960819244
9,Mutualistic09_route_plus_latent,4,2,4 vs 5,0.49813634157180786,0.000637221906799823,4.36893196820165e-06,0.001034312415868044,0.5001877546310425
9,Mutualistic09_route_plus_latent,4,3,6 vs 7,0.49859702587127686,0.0004214689543005079,2.0244528059265576e-05,0.0002360612415941432,0.5007252097129822
9,Mutualistic09_route_plus_latent,4,4,8 vs 9,0.0009589230758138001,0.009748580865561962,0.001923611736856401,7.979626388987526e-05,0.9872890710830688
9,Mutualistic09_full_functional_memory,0,0,0 vs 1,0.47728002071380615,0.008161281235516071,0.4996960759162903,0.0038131610490381718,0.011049454100430012
9,Mutualistic09_full_functional_memory,1,0,0 vs 1,0.5007200241088867,0.005388522986322641,0.4866737723350525,0.005652077496051788,0.001565615413710475
9,Mutualistic09_full_functional_memory,1,1,2 vs 3,0.0007613850757479668,0.0008631167584098876,0.9863651394844055,9.409021731698886e-05,0.011916324496269226
9,Mutualistic09_full_functional_memory,2,0,0 vs 1,0.4924409091472626,0.0011136316461488605,0.49042198061943054,0.0065216245129704475,0.009501837193965912
9,Mutualistic09_full_functional_memory,2,1,2 vs 3,0.00010548752470640466,6.39560676063411e-05,0.9710717797279358,4.609179813996889e-05,0.028712604194879532
9,Mutualistic09_full_functional_memory,2,2,4 vs 5,7.110230217222124e-05,0.2713451683521271,0.5009610652923584,1.2940211490786169e-05,0.2276097536087036
9,Mutualistic09_full_functional_memory,3,0,0 vs 1,0.4787745475769043,0.0028029922395944595,0.5012726783752441,0.007967044599354267,0.009182756766676903
9,Mutualistic09_full_functional_memory,3,1,2 vs 3,3.6475124943535775e-05,3.663768438855186e-05,0.9795535206794739,5.5307213187916204e-05,0.020318087190389633
9,Mutualistic09_full_functional_memory,3,2,4 vs 5,0.001606362871825695,0.27616026997566223,0.4989786446094513,6.456957180489553e-06,0.22324822843074799
9,Mutualistic09_full_functional_memory,3,3,6 vs 7,0.4997389614582062,0.49958184361457825,0.00015192068531177938,8.803858690953348e-07,0.0005264232167974114
9,Mutualistic09_full_functional_memory,4,0,0 vs 1,0.472714900970459,0.0022791363298892975,0.5086568593978882,0.008149192668497562,0.008199907839298248
9,Mutualistic09_full_functional_memory,4,1,2 vs 3,1.2831833373638801e-05,7.250182989082532e-06,0.9798316359519958,4.660111517296173e-05,0.02010158821940422
9,Mutualistic09_full_functional_memory,4,2,4 vs 5,0.0006596511229872704,0.27920660376548767,0.49955469369888306,1.053186679200735e-05,0.2205684781074524
9,Mutualistic09_full_functional_memory,4,3,6 vs 7,0.49965837597846985,0.5002768635749817,6.270852463785559e-05,1.9380796345558338e-07,1.7977951074499288e-06
9,Mutualistic09_full_functional_memory,4,4,8 vs 9,0.00029322635964490473,0.0004252942162565887,0.496463805437088,0.00011981077841483057,0.5026978850364685
